ell Cl Dl
0 7.801470521737296160e+00 0.000000000000000000e+00
1 6.348324455136766353e+00 2.020734434772359034e+00
2 1.884763139480103291e+02 1.799816221233947147e+02
3 3.470418133422373899e+02 6.628010406359034050e+02
4 2.103371583129288354e+02 6.695239692281033967e+02
5 2.316684184746095525e+02 1.106135218755476444e+03
6 7.815170092685767145e+01 5.224056395690520276e+02
7 8.954042297958687868e+01 7.980448517294616977e+02
8 5.768870609037917063e+01 6.610638769098748071e+02
9 5.461158407705628548e+01 7.822533200347936599e+02
10 3.928037717132959727e+01 6.876832812664262065e+02
11 5.612235627599105925e+01 1.179043855346073087e+03
12 2.834968115743084027e+01 7.038707350403481087e+02
13 2.287987447305209798e+01 6.627430117869133710e+02
14 2.752196645598765912e+01 9.198539710667513418e+02
15 2.237637606001468527e+01 8.547146060242766907e+02
16 1.657104447198685193e+01 7.173629100561549876e+02
17 2.397997446891450579e+01 1.167858630415228390e+03
18 1.315055580244605338e+01 7.157977784448627290e+02
19 1.690200588854369101e+01 1.022214358425419391e+03
20 1.185084043561320222e+01 7.921703307508835223e+02
21 1.049315100771696940e+01 7.715570253873905813e+02
22 7.488708575820439250e+00 6.030836835315442386e+02
23 8.895374098209998692e+00 7.814900026267162048e+02
24 9.630562211137741357e+00 9.196509483939510119e+02
25 8.265867752282487047e+00 8.551099126177738299e+02
26 7.496891231108895326e+00 8.376034426717923225e+02
27 7.893473586421261068e+00 9.497517166198565519e+02
28 9.228509377824284599e+00 1.192635462498725019e+03
29 7.420599904037258554e+00 1.027491885228253295e+03
30 6.998047259672706133e+00 1.035809646431871442e+03
31 6.821370902308257378e+00 1.076969658583456976e+03
32 8.494804589889735524e+00 1.427701588981189843e+03
33 6.070569712941993323e+00 1.084032840816903672e+03
34 5.815681270504263090e+00 1.101457361760772073e+03
35 4.686316674853102882e+00 9.397715842580256549e+02
36 5.470397809850588544e+00 1.159693615019576555e+03
37 6.265325531220915956e+00 1.402003484893371478e+03
38 5.527630079773140359e+00 1.303788982454986353e+03
39 5.147410863296893346e+00 1.278007977509048715e+03
40 7.330774087336831002e+00 1.913435449611000422e+03
41 4.513502787381612258e+00 1.236992292904371880e+03
42 4.416202879648270851e+00 1.269366095494788851e+03
43 4.702150162635573949e+00 1.415916875400890603e+03
44 4.215601492084493529e+00 1.328448954830216962e+03
45 2.836685400124857370e+00 9.345480820928178218e+02
46 3.185596339882695638e+00 1.096141359853981612e+03
47 4.858160699540726490e+00 1.744339853488045264e+03
48 3.089912266807969488e+00 1.156654355431478962e+03
49 4.085443832102154893e+00 1.593035522478215626e+03
50 3.470093895286729957e+00 1.408320620891126964e+03
51 2.665899809876620008e+00 1.125220083468520670e+03
52 3.743660237364902166e+00 1.642085520283505730e+03
53 2.389043670368206307e+00 1.088212849107106422e+03
54 2.473086625061626354e+00 1.169003764386841567e+03
55 3.196670142624700173e+00 1.566998832269624927e+03
56 3.351300921551755074e+00 1.702536534991208100e+03
57 3.067349256157976267e+00 1.613935630590248365e+03
58 3.409801593438793521e+00 1.857074156226862669e+03
59 2.268901950299220260e+00 1.278318641164608152e+03
60 3.127512107771182492e+00 1.821797982205422386e+03
61 2.733134258678281636e+00 1.645139091236071636e+03
62 3.137632512914226179e+00 1.950538142085179516e+03
63 2.795559071543683327e+00 1.793945845204396846e+03
64 2.227997408869079710e+00 1.475122691400586291e+03
65 2.286362716344590762e+00 1.561070631151122370e+03
66 2.210662685458258281e+00 1.555827166823525431e+03
67 2.438050457369606683e+00 1.767854573870909690e+03
68 2.306957225833553782e+00 1.722731826999043278e+03
69 2.793534970325057376e+00 2.147441663267878539e+03
70 2.304603755001044085e+00 1.822941724998500831e+03
71 2.135289760849579999e+00 1.737271896945353546e+03
72 1.946301636797985068e+00 1.628117093939757524e+03
73 3.103575065699426982e+00 2.668314188625140559e+03
74 2.443070531692165481e+00 2.157988470497289654e+03
75 2.160671816029757775e+00 1.960125119546725955e+03
76 1.972247060850320199e+00 1.836901067824290294e+03
77 2.151877565430963646e+00 2.056946600510148983e+03
78 1.893577007067270168e+00 1.857055131609062983e+03
79 1.763583068270585530e+00 1.773916325328510766e+03
80 2.197280899691361977e+00 2.266108595226422040e+03
81 2.072010397789977088e+00 2.190336969115858210e+03
82 2.458249929623856911e+00 2.662797323819526355e+03
83 1.754659362890035323e+00 1.947019621415674465e+03
84 1.745153459940102847e+00 1.983133569168213853e+03
85 2.053854894279740773e+00 2.389501270960332022e+03
86 2.098137750667283807e+00 2.498456735400551224e+03
87 2.041599601325855939e+00 2.487669197005906881e+03
88 1.508527833903876125e+00 1.880382229318430518e+03
89 1.934560687420070479e+00 2.466238117874415366e+03
90 1.868144620716156279e+00 2.435087252031608841e+03
91 1.977098400015630419e+00 2.634375240535581725e+03
92 1.887681064108619466e+00 2.570511356088470166e+03
93 1.967628429997321460e+00 2.737625407192998864e+03
94 1.625119080470529109e+00 2.309706411494674285e+03
95 1.474177886164904638e+00 2.139759001928742691e+03
96 1.651773725732212261e+00 2.448012621312098418e+03
97 1.740137862871262042e+00 2.632701363359840343e+03
98 1.375252438199031868e+00 2.123556524771081968e+03
99 1.781677817635360928e+00 2.807272033571096472e+03
100 1.704803054172848276e+00 2.740411114004667525e+03
101 1.738241568619387278e+00 2.850045600191797348e+03
102 1.760112008273564177e+00 2.943051311536550656e+03
103 1.567722378265151262e+00 2.672759324285246748e+03
104 1.869821715945290119e+00 3.249697747222429371e+03
105 1.360331303158082594e+00 2.409683411190965217e+03
106 1.603502641966647602e+00 2.894539326160589553e+03
107 1.567120084522089840e+00 2.882238675348949073e+03
108 1.973112747031554370e+00 3.696768776103768232e+03
109 1.582732545326005935e+00 3.020277501090803071e+03
110 1.719215255374164641e+00 3.340919810869198500e+03
111 1.379533970183472569e+00 2.729565575238371366e+03
112 1.515709631023400839e+00 3.053040798957909374e+03
113 1.253513165347804215e+00 2.569995282099815086e+03
114 1.159296003077757264e+00 2.418895807988143588e+03
115 1.548528685199604737e+00 3.287722970219935632e+03
116 1.635818252547195595e+00 3.533450668437523746e+03
117 1.880080436853414305e+00 4.131087854680768032e+03
118 1.611562206349223869e+00 3.601605777199943986e+03
119 1.493220825254897299e+00 3.393691629669847771e+03
120 1.256604831727135219e+00 2.903925519406378044e+03
121 1.774605085100184665e+00 4.169337523169148881e+03
122 1.425566876722444976e+00 3.404651543167606178e+03
123 1.499622030404705653e+00 3.640229292871122198e+03
124 1.216421219748512916e+00 3.000791475075151538e+03
125 1.417288368075937832e+00 3.552703080663414767e+03
126 1.419795234280357477e+00 3.615930810283980463e+03
127 1.427625065228851797e+00 3.693584054228324021e+03
128 1.335492455656814625e+00 3.509629328074668592e+03
129 1.262878127935269434e+00 3.370657583705917659e+03
130 1.409549672148084465e+00 3.820455667486456150e+03
131 1.268347293910697671e+00 3.490627815996851041e+03
132 1.206300736161825871e+00 3.370554056372940522e+03
133 1.315503431085756070e+00 3.731372067288965354e+03
134 1.261856190135993927e+00 3.633026460874312306e+03
135 1.314526902442645806e+00 3.841159021884814592e+03
136 1.518265858249342015e+00 4.502227467106152289e+03
137 1.313089148123189887e+00 3.951063389145952442e+03
138 1.249617452412845831e+00 3.814969764586332531e+03
139 1.334799999294098649e+00 4.134082748853857993e+03
140 1.275069502753867656e+00 4.005909543301321264e+03
141 1.316801629458713041e+00 4.196120428741126489e+03
142 1.294265652255460752e+00 4.182808090136790270e+03
143 1.350219262941841247e+00 4.425098688515205140e+03
144 1.151592205269659441e+00 3.826919638762649356e+03
145 1.481278751398170446e+00 4.990887525037143860e+03
146 1.225363552963025127e+00 4.185576469253856885e+03
147 1.204450432002690086e+00 4.170499884621906858e+03
148 1.106373887746604723e+00 3.883023622542155863e+03
149 1.152380581288019679e+00 4.099147921414485609e+03
150 1.323373145781128857e+00 4.770574205044027622e+03
151 1.170716138255637917e+00 4.276537375801988674e+03
152 1.149614447787767446e+00 4.255076412787417212e+03
153 1.317269618073461102e+00 4.939772619085635597e+03
154 1.074216219850576914e+00 4.080978025354995680e+03
155 1.204428412968877371e+00 4.635081984978142827e+03
156 1.094951649323517850e+00 4.268146566453812738e+03
157 1.194942386945535562e+00 4.717629578217329254e+03
158 1.218388125428682578e+00 4.871469643278581316e+03
159 1.190117839861630555e+00 4.818670207209044747e+03
160 1.200985135855124453e+00 4.923836491703801585e+03
161 1.080669039238418394e+00 4.485942798664431393e+03
162 1.016582991682511983e+00 4.272337861449796037e+03
163 1.055122646795046970e+00 4.489050889824253318e+03
164 1.148977026773872367e+00 4.948337001771055839e+03
165 1.098159840302967982e+00 4.787157557095838456e+03
166 1.087432466149745869e+00 4.797853533327538571e+03
167 1.094994780968485459e+00 4.889426632021782098e+03
168 1.102965548011758390e+00 4.984000360989955880e+03
169 1.033135241639977941e+00 4.724033120334675914e+03
170 1.008922044793824302e+00 4.667913233219906033e+03
171 1.017431621754423254e+00 4.762663743952791265e+03
172 1.104705225267200053e+00 5.231679009290003705e+03
173 1.079567391749592487e+00 5.172080089586541362e+03
174 9.879541443952175594e-01 4.787890572391570458e+03
175 1.057536833500299478e+00 5.184016208242359426e+03
176 1.029016548559468447e+00 5.101858683699067115e+03
177 9.791297299679324606e-01 4.909685098276533608e+03
178 9.688401863810907066e-01 4.912983544063410591e+03
179 1.143060682948606077e+00 5.861583480996549042e+03
180 1.006166229786660260e+00 5.217241600210606521e+03
181 8.062886438308130010e-01 4.227276326662616157e+03
182 8.998632743860299765e-01 4.770008324035012265e+03
183 9.257263676040049516e-01 4.961028001886865241e+03
184 9.436549752423691872e-01 5.112377526180151108e+03
185 1.056409843283449890e+00 5.785451316523542118e+03
186 9.348051249398025009e-01 5.174826185454548977e+03
187 8.968406970255780042e-01 5.018048967711281875e+03
188 1.005369944615307265e+00 5.685460976497357478e+03
189 1.047318879334821595e+00 5.985693421128076807e+03
190 9.289071840926947932e-01 5.365119770095679996e+03
191 9.419784349974499316e-01 5.497885464042249623e+03
192 9.387599004453962559e-01 5.536473169294405125e+03
193 9.356832484389487892e-01 5.575810751279148462e+03
194 8.913048353032594351e-01 5.366396225970575870e+03
195 7.742301940203696331e-01 4.709566337578136881e+03
196 8.461776997887781038e-01 5.200007917466701656e+03
197 8.918689613784885895e-01 5.536720470073986689e+03
198 8.831122080859510337e-01 5.538017028280539307e+03
199 8.359383583088966230e-01 5.295140129430397792e+03
200 8.829846717003575485e-01 5.649361282054548610e+03
201 8.291996108139847443e-01 5.358295347393154771e+03
202 8.644367815593477777e-01 5.641580334121039414e+03
203 9.195496014049288069e-01 6.060681999919328518e+03
204 7.942050583396925711e-01 5.286117457305263997e+03
205 8.156597139715711098e-01 5.482141308431559082e+03
206 7.859733655466403235e-01 5.334153715845817715e+03
207 7.374121143298697501e-01 5.053171988785240501e+03
208 7.554347193745984956e-01 5.226689412315608934e+03
209 6.846586508598645482e-01 4.782553230111278026e+03
210 8.077096988448040360e-01 5.696094418052204674e+03
211 7.645989582501853121e-01 5.443423825390882484e+03
212 8.047712515859799520e-01 5.783730522015914175e+03
213 7.737746007433504714e-01 5.613425695209295554e+03
214 7.139793956307917133e-01 5.228270437199410480e+03
215 8.269252048118692633e-01 6.111932822923758067e+03
216 7.540334820121922244e-01 5.625022284236968517e+03
217 6.984424168562594071e-01 5.258561598373982633e+03
218 7.469455435476077820e-01 5.675572563378264931e+03
219 7.003336910945646698e-01 5.370218382446906617e+03
220 7.983798743045464885e-01 6.177953950257029646e+03
221 7.739942579906554654e-01 6.043703062863075502e+03
222 7.414441290185898037e-01 5.841930685897749754e+03
223 7.243162859428969869e-01 5.758392494659789008e+03
224 6.801496311178742982e-01 5.455758462060759484e+03
225 6.528811526144671085e-01 5.283786007792934470e+03
226 7.101984957579960955e-01 5.798747203547237405e+03
227 7.067520604651944538e-01 5.821674493610652462e+03
228 6.221522586730918736e-01 5.169959525580329682e+03
229 6.057404631849576671e-01 5.077735039820596285e+03
230 6.533569501582655592e-01 5.524722424188798868e+03
231 6.568589412486035561e-01 5.602633482601661854e+03
232 6.681724233263026669e-01 5.748474181408425466e+03
233 6.859742271356009669e-01 5.952504181143714050e+03
234 5.472189131872750023e-01 4.789221798342255170e+03
235 6.348816863993391735e-01 5.603931223781262815e+03
236 6.744803994185740725e-01 6.004126228327620083e+03
237 5.926137215742498521e-01 5.320067441098904965e+03
238 6.145737098810849508e-01 5.563767429477263249e+03
239 6.150806694703453426e-01 5.615149876369961021e+03
240 6.073545378334568312e-01 5.591015504213438362e+03
241 5.908684069108743886e-01 5.484579165360442857e+03
242 5.732967818468128751e-01 5.365636839448397041e+03
243 5.703731748284531777e-01 5.382391992049843793e+03
244 5.584542083260815026e-01 5.313291100229993390e+03
245 6.381407673354853038e-01 6.121217530121528398e+03
246 5.544089328647869852e-01 5.361451864269733051e+03
247 5.664187267597267095e-01 5.522126728738564452e+03
248 5.912178370958542928e-01 5.810569335688016508e+03
249 4.548137629588770436e-01 4.506019695430395586e+03
250 5.329299653075286747e-01 5.322357003355463348e+03
251 5.185062323972864373e-01 5.219734037466256268e+03
252 5.919240090544254373e-01 6.006301784248060358e+03
253 4.978508172732759030e-01 5.091826463093178063e+03
254 4.604427284022046818e-01 4.746458056001180012e+03
255 4.902529055643008449e-01 5.093548592091973660e+03
256 5.307884628149347472e-01 5.557950758768231935e+03
257 4.809000847586927252e-01 5.074903804535920244e+03
258 4.997754068792136239e-01 5.315137244213110534e+03
259 4.235004215644756487e-01 4.538863171131469244e+03
260 5.005401014706605256e-01 5.405960452413597523e+03
261 4.517688598012715717e-01 4.916751084140445528e+03
262 5.195849812068670248e-01 5.698148465258542274e+03
263 5.193077350143733284e-01 5.738582087705947743e+03
264 4.372478127396005609e-01 4.868526946723734000e+03
265 3.788181116928803771e-01 4.249896730360416768e+03
266 4.696132019259137702e-01 5.308273940141640196e+03
267 4.533002561886463333e-01 5.162405936805785132e+03
268 4.423979350361024743e-01 5.075984611846356529e+03
269 4.142931173685878710e-01 4.788989603744071246e+03
270 3.592605910773956635e-01 4.183721498567876552e+03
271 4.325405685668699540e-01 5.074405549326866094e+03
272 4.584237366527085800e-01 5.417747738553300223e+03
273 4.013378354940743686e-01 4.777970297378289615e+03
274 4.335974890043246543e-01 5.199841990835945580e+03
275 3.619304108707240841e-01 4.372068758452549446e+03
276 3.366135433175662661e-01 4.095817225748268811e+03
277 4.299133793666494174e-01 5.268969172957415140e+03
278 3.797972263197120779e-01 4.688359650024809525e+03
279 3.980969378272299908e-01 4.949612539284339618e+03
280 3.628541757261173339e-01 4.543772807959126112e+03
281 3.491335295329123234e-01 4.403186886058251730e+03
282 3.754344848413587732e-01 4.768588388283405948e+03
283 3.770850139670239853e-01 4.823521074243468320e+03
284 3.496247881529375712e-01 4.503866903426016506e+03
285 3.114571801750866675e-01 4.040446607083604249e+03
286 3.298835057355913314e-01 4.309517640176592067e+03
287 3.311589065523559139e-01 4.356432166454513208e+03
288 3.185380743531319170e-01 4.219605137901130547e+03
289 3.508286109587958057e-01 4.679624178974780989e+03
290 3.281471669064579544e-01 4.407372703713333976e+03
291 2.690801678509172068e-01 3.638963185838540539e+03
292 3.088752660295185914e-01 4.205849576046281982e+03
293 3.075548901142208247e-01 4.216554510010407284e+03
294 3.000063307186621175e-01 4.141139850435080007e+03
295 2.999496882801518383e-01 4.168523686655331403e+03
296 3.085465346597887071e-01 4.317068752375737859e+03
297 2.845577854841806476e-01 4.008328599394442790e+03
298 2.655603779564666977e-01 3.765918024037801842e+03
299 2.645734160155409076e-01 3.777102577171484427e+03
300 3.042035932270745202e-01 4.371920152826982303e+03
301 2.563977609399900048e-01 3.709435282504681709e+03
302 2.854960699543447333e-01 4.157859763803330679e+03
303 2.321310340990843379e-01 3.403059557785491052e+03
304 2.643190253119576116e-01 3.900515236900720538e+03
305 2.591644910639025468e-01 3.849611426127351024e+03
306 2.364913122200196782e-01 3.535860517624249042e+03
307 2.150323508841638087e-01 3.236033632012987255e+03
308 2.577816982931917522e-01 3.904643678410362554e+03
309 2.444898170612829769e-01 3.727357770196497313e+03
310 2.378655630115894259e-01 3.649839660743890363e+03
311 2.311784172869466303e-01 3.570116603206823584e+03
312 2.260760642914658725e-01 3.513772562018815279e+03
313 2.126949319532543403e-01 3.326988188354614522e+03
314 2.024635520195083027e-01 3.187184358125949529e+03
315 2.408325533039551714e-01 3.815337473571430564e+03
316 2.190261824869517981e-01 3.491905726067397154e+03
317 1.981494598409148933e-01 3.179064992066825653e+03
318 1.981319991385326329e-01 3.198840281480267095e+03
319 2.075248938880896177e-01 3.371560782059025769e+03
320 2.114472625090299263e-01 3.456823528682019059e+03
321 1.857128965993679326e-01 3.055083604866727910e+03
322 2.056674876565897925e-01 3.404428116542876978e+03
323 1.888307945553146516e-01 3.145143640634306848e+03
324 1.948645338426316931e-01 3.265737744545345777e+03
325 1.886642101206518485e-01 3.181343870193089970e+03
326 2.013733915442816047e-01 3.416548332718136862e+03
327 1.771573225771934934e-01 3.024132643140008440e+03
328 1.808608170802233628e-01 3.106235378806921290e+03
329 1.728190106598304909e-01 2.986217829020256431e+03
330 1.778654395760037032e-01 3.092100744297145411e+03
331 1.836878846997548609e-01 3.212674469804318505e+03
332 1.667574935130861358e-01 2.934187128265419688e+03
333 1.506762130855657245e-01 2.667199669036245268e+03
334 1.524412739750347634e-01 2.714650819796222095e+03
335 1.535738670958318175e-01 2.751196031184116237e+03
336 1.608279126114764701e-01 2.898349373846057915e+03
337 1.449260972581264684e-01 2.627322166580232533e+03
338 1.589043193446087743e-01 2.897825518266789459e+03
339 1.499417561115720943e-01 2.750561373651021313e+03
340 1.594081349554175020e-01 2.941466511518066000e+03
341 1.421357480464468803e-01 2.638177038918732705e+03
342 1.407131251277721207e-01 2.627090090336348567e+03
343 1.259140615658642937e-01 2.364541426989751471e+03
344 1.412254483369728975e-01 2.667538101968777482e+03
345 1.274978362265621612e-01 2.422245400429938854e+03
346 1.245626257622499816e-01 2.380200048720257200e+03
347 1.224741839072768790e-01 2.353820845456788902e+03
348 1.262379354296144784e-01 2.440139671876037937e+03
349 1.260644388639888536e-01 2.450790555172800396e+03
350 1.194065874673902461e-01 2.334659659584924611e+03
351 1.316831882237657347e-01 2.589406563074279802e+03
352 1.176261994592067567e-01 2.326170616566449553e+03
353 1.301493518025978735e-01 2.588451956266867001e+03
354 1.229543439208772848e-01 2.459210041582020040e+03
355 1.115761669221754376e-01 2.244243212039567425e+03
356 1.109100106231958177e-01 2.243412279121615484e+03
357 1.218609170570329470e-01 2.478767632015345043e+03
358 1.054343836281205066e-01 2.156650996297919392e+03
359 1.062989109580068370e-01 2.186481948338332131e+03
360 1.039457648406313939e-01 2.149990958129535102e+03
361 1.094441007488043127e-01 2.276293515919767287e+03
362 1.048524684242514993e-01 2.192875554698864562e+03
363 1.003164138451963366e-01 2.109600106660459005e+03
364 1.116298561471348039e-01 2.360449670449998848e+03
365 9.382749700563083883e-02 1.994914157737726555e+03
366 9.466139364789361021e-02 2.023672245197549046e+03
367 9.463463556228536577e-02 2.034155402976197138e+03
368 9.532500557215523029e-02 2.060160973107541395e+03
369 9.827227232655300071e-02 2.135399910203665968e+03
370 8.691400768901530460e-02 1.898827625191689776e+03
371 9.338921582521593490e-02 2.051321395812099126e+03
372 9.560733409256232107e-02 2.111363997841804576e+03
373 9.289798824034212199e-02 2.062561347776241746e+03
374 8.772230466319336228e-02 1.958091736520102359e+03
375 9.303149155141950122e-02 2.087705465850464407e+03
376 8.741674706081127566e-02 1.972168275095240006e+03
377 8.653875629781010437e-02 1.962745232244547651e+03
378 8.762276011983556601e-02 1.997873888256005330e+03
379 9.219376779678487011e-02 2.113218978743300795e+03
380 7.900595526484290032e-02 1.820490984114949242e+03
381 8.229266729478901254e-02 1.906205021477310311e+03
382 7.659348715626064508e-02 1.783504096095820842e+03
383 7.789402716612761624e-02 1.823283860542247339e+03
384 8.167494604005719194e-02 1.921767930155514705e+03
385 7.198574323971174138e-02 1.702607957564062644e+03
386 7.588956901453566828e-02 1.804265678043187108e+03
387 7.964665395841825923e-02 1.903401282485591764e+03
388 7.128593434006744167e-02 1.712400337695075223e+03
389 7.275717134836377775e-02 1.756750744347381442e+03
390 7.588680043456649815e-02 1.841737531605845106e+03
391 6.919497988368604469e-02 1.687942092781124984e+03
392 7.618330404710872694e-02 1.867921207873732783e+03
393 6.906643168485018802e-02 1.702064142963514996e+03
394 7.072059992736595690e-02 1.751698609639841834e+03
395 7.034028170070322217e-02 1.751122452341436428e+03
396 6.809008361383231400e-02 1.703686538238183402e+03
397 6.538990774028415054e-02 1.644388515902166546e+03
398 6.701439584397962668e-02 1.693730101618262097e+03
399 6.788517670256960512e-02 1.724360125006963699e+03
400 6.919504786691826892e-02 1.766442518442256414e+03
401 6.760434901055757673e-02 1.734463609842474398e+03
402 6.609105955942606858e-02 1.704095561649229012e+03
403 6.429949140016298637e-02 1.666149935428622484e+03
404 6.389483127328862699e-02 1.663880942837943621e+03
405 6.403468772160016143e-02 1.675777999103626826e+03
406 6.333606621385333424e-02 1.665680342317877603e+03
407 6.444834935945167875e-02 1.703281787504221711e+03
408 6.115887344856967694e-02 1.624288164547367614e+03
409 6.014605239238837026e-02 1.605219491800567312e+03
410 6.124142357203222337e-02 1.642445954018110342e+03
411 6.202570677188060794e-02 1.671594337205800912e+03
412 5.927265014436959578e-02 1.605172625808262865e+03
413 6.599980992958370818e-02 1.796028439346734103e+03
414 6.209964946002437258e-02 1.698078323670525606e+03
415 6.568216127683644545e-02 1.804716520118533936e+03
416 6.185362425442530315e-02 1.707712152688382275e+03
417 5.494310412439476488e-02 1.524212996959286784e+03
418 6.133118948158414879e-02 1.709589430047442193e+03
419 6.352497284197711203e-02 1.779212958745163633e+03
420 6.088789326084400461e-02 1.713493516430314912e+03
421 5.799306145709485355e-02 1.639799366225488257e+03
422 5.701523385853431852e-02 1.619809195110315841e+03
423 6.266188343633888325e-02 1.788668257998431500e+03
424 5.868448423459046021e-02 1.683054619921771973e+03
425 5.845711752803632588e-02 1.684441984602520051e+03
426 5.709023697455521684e-02 1.652796754900598899e+03
427 5.837668212484752733e-02 1.697974577674460534e+03
428 5.853602371626318718e-02 1.710584020864263039e+03
429 6.338167006401275450e-02 1.860842248811021818e+03
430 6.022392377707085076e-02 1.776376033482714092e+03
431 5.713551041370289879e-02 1.693118129556402209e+03
432 6.086468764863032371e-02 1.811995740407785661e+03
433 5.426994220324859314e-02 1.623144246130283136e+03
434 6.047956298032595990e-02 1.817221064928459555e+03
435 5.844794690473534282e-02 1.764270360972065191e+03
436 5.246728198030745777e-02 1.591023610086598637e+03
437 6.130038609369024144e-02 1.867406598249086755e+03
438 5.723095228953938018e-02 1.751417701394666437e+03
439 5.116062350158728789e-02 1.572798756114125354e+03
440 5.732710265813395489e-02 1.770399957339086086e+03
441 5.530559093077676985e-02 1.715734276226201246e+03
442 6.385043016596957111e-02 1.989802419927338406e+03
443 5.965817787168602171e-02 1.867569671791995233e+03
444 5.718017976721606610e-02 1.798078421385581578e+03
445 5.528191786982824402e-02 1.746216561063016570e+03
446 5.005007296785814186e-02 1.588061175852399629e+03
447 5.352670388982185001e-02 1.705988776411204981e+03
448 5.566851249616251718e-02 1.782190414284406643e+03
449 5.691620653883253805e-02 1.830269038544914338e+03
450 5.744192573022925685e-02 1.855402675077719778e+03
451 5.353641297430509344e-02 1.736938244550505942e+03
452 6.143160140942710568e-02 2.001928697505648415e+03
453 5.859634546121657295e-02 1.917982840085012413e+03
454 5.540929689145154130e-02 1.821671317856613086e+03
455 5.896034748591531816e-02 1.946957203760863649e+03
456 6.067784548668955086e-02 2.012478855623348181e+03
457 5.825176220122871978e-02 1.940487625815918818e+03
458 5.587261778416201946e-02 1.869378807338491470e+03
459 5.988030774281033475e-02 2.012216345484843941e+03
460 5.648437926003926218e-02 1.906370237433070088e+03
461 6.198977034825992050e-02 2.101275805637437315e+03
462 5.942254568366620721e-02 2.022992866768715658e+03
463 5.815961660083401180e-02 1.988568877526701272e+03
464 5.718291126734061786e-02 1.963619459216559790e+03
465 6.409607054395512205e-02 2.210499427782141538e+03
466 5.980661034376580365e-02 2.071438851462637558e+03
467 6.150176629579238302e-02 2.139293905462879593e+03
468 6.150593266118330876e-02 2.148601308359054656e+03
469 5.677397588376244947e-02 1.991774377521165889e+03
470 5.456856075668407163e-02 1.922566612973187148e+03
471 5.885732602063591112e-02 2.082493070409394477e+03
472 5.640157292215151885e-02 2.004077382521157460e+03
473 6.009299557186822960e-02 2.144289740716207689e+03
474 5.508863191871748305e-02 1.974031461769321368e+03
475 6.012443228356081915e-02 2.163573645325968300e+03
476 5.986677398578199583e-02 2.163372573380519952e+03
477 5.712017716496173292e-02 2.072793094259446661e+03
478 5.370504640495583210e-02 1.957035203294226449e+03
479 6.061835640406213616e-02 2.218201727791824851e+03
480 5.950405185756407062e-02 2.186517637348066273e+03
481 6.008225319745407605e-02 2.216963063286907982e+03
482 5.946691220589423593e-02 2.203381451631873460e+03
483 6.321969233453750281e-02 2.352149935724804891e+03
484 5.592581910615571777e-02 2.089390354598970134e+03
485 5.132193152378177609e-02 1.925312065147538760e+03
486 5.825805589396956807e-02 2.194529129889053820e+03
487 5.465040322587883664e-02 2.067103800712118300e+03
488 6.129123950075603816e-02 2.327808324836721567e+03
489 5.256675911637884169e-02 2.004639452139514788e+03
490 6.249515388170400615e-02 2.393007421763983984e+03
491 6.028811151214302777e-02 2.317919806944053107e+03
492 6.016514641935808566e-02 2.322614492718909332e+03
493 6.103786926148262876e-02 2.365883549335070256e+03
494 6.106802957446629682e-02 2.376655238033619753e+03
495 5.272057366305942655e-02 2.060094460522073859e+03
496 5.358824076807049142e-02 2.102459781525749804e+03
497 5.255538564470081664e-02 2.070251416031574536e+03
498 5.743046624403720657e-02 2.271393413507646983e+03
499 5.903840911890628762e-02 2.344365533567113289e+03
500 6.017055345019286378e-02 2.398898473048409414e+03
501 5.962492359774478751e-02 2.386653711700150780e+03
502 5.462156562114823394e-02 2.195108432179086776e+03
503 5.484996292684029412e-02 2.213069187314946248e+03
504 5.993312023563582974e-02 2.427777793684294465e+03
505 5.747647966866421820e-02 2.337503054852044897e+03
506 5.718704696833101092e-02 2.334942976548160914e+03
507 5.681407388876891923e-02 2.328883344849840796e+03
508 5.598171089438280790e-02 2.303816017146892591e+03
509 5.632235703544662131e-02 2.326959965055460088e+03
510 5.871624634874915427e-02 2.435395458329453504e+03
511 5.577352537247846215e-02 2.322411050582629287e+03
512 6.180629155922079399e-02 2.583688451338349751e+03
513 5.743103520161852577e-02 2.410167691016397384e+03
514 5.358579324048746984e-02 2.257564377813441297e+03
515 5.356224410889615095e-02 2.265352691927415890e+03
516 5.242080339619188678e-02 2.225686794185330200e+03
517 5.624019653688348136e-02 2.397106139229474593e+03
518 5.738326338008022109e-02 2.455288287614177534e+03
519 5.507989482611081594e-02 2.365832183667270328e+03
520 5.288739027306552098e-02 2.280412095502976172e+03
521 5.333835949744615557e-02 2.308702706741582460e+03
522 5.664852820800278521e-02 2.461392961669016131e+03
523 5.500343567482191692e-02 2.399070028434775850e+03
524 5.046257809455836213e-02 2.209429541724675346e+03
525 5.465529403476634268e-02 2.402135017481402429e+03
526 5.178758376343602088e-02 2.284768169735230003e+03
527 5.276826092816611080e-02 2.336885591461056720e+03
528 5.283678559635252014e-02 2.348800415232859905e+03
529 5.777852712656691980e-02 2.578209118226242936e+03
530 4.834094170536666624e-02 2.165237942066713913e+03
531 5.413062946383986884e-02 2.433713002388454242e+03
532 5.176559026279698578e-02 2.336146873749703900e+03
533 4.973996851392308710e-02 2.253170744812027806e+03
534 5.282707571392264434e-02 2.401993021511755160e+03
535 5.261099042110409935e-02 2.401127274714739087e+03
536 5.176713578476225402e-02 2.371446567105650047e+03
537 4.766579132502180016e-02 2.191712075213054959e+03
538 5.096273256514233935e-02 2.352035534877264126e+03
539 5.266104148086922510e-02 2.439451008377478047e+03
540 4.892023687611955773e-02 2.274572100342016256e+03
541 4.577795240826587619e-02 2.136353156052616214e+03
542 4.638371990974263920e-02 2.172625253652501215e+03
543 4.662485003007432044e-02 2.191978594733823229e+03
544 5.142035506151618196e-02 2.426334116107994305e+03
545 4.870830880105694177e-02 2.306812666080141298e+03
546 4.938657956607213351e-02 2.347518639870134393e+03
547 4.877349351713451686e-02 2.326868715142973542e+03
548 4.880783958304087816e-02 2.337021022992616508e+03
549 4.696353614324897535e-02 2.256918910580320699e+03
550 4.294335715671531578e-02 2.071239944407167059e+03
551 4.759354971451715266e-02 2.303874965493847867e+03
552 4.856776974893489696e-02 2.359568021261468857e+03
553 4.602707568196600513e-02 2.244235410973123180e+03
554 5.117941552543524286e-02 2.504483653159873938e+03
555 4.625060575840192478e-02 2.271461245718714508e+03
556 4.705710038819706231e-02 2.319398015648082946e+03
557 4.573232746011392236e-02 2.262209543991395549e+03
558 4.793911664885541074e-02 2.379886062926980685e+03
559 4.520865273179770077e-02 2.252379320245544932e+03
560 4.195530243226981704e-02 2.097770027100866173e+03
561 4.807045084882109048e-02 2.412112192075577241e+03
562 4.622124018155709252e-02 2.327589750404881670e+03
563 4.762782571377233154e-02 2.406957301938015007e+03
564 4.553885987290576254e-02 2.309563124060409791e+03
565 4.413931549845984820e-02 2.246521630855511830e+03
566 4.319966627473017379e-02 2.206480092888131367e+03
567 4.535113028817470970e-02 2.324554012341329326e+03
568 4.139472963109996212e-02 2.129245725674739333e+03
569 4.489517744320992154e-02 2.317431714693831054e+03
570 4.047730018190747597e-02 2.096730598594914682e+03
571 4.146604114755096659e-02 2.155484196178080310e+03
572 4.170626167868714262e-02 2.175564914047676666e+03
573 4.086806596869123342e-02 2.139295273987101609e+03
574 4.220620031661466431e-02 2.217053251410736721e+03
575 3.952633171513068172e-02 2.083516627958194022e+03
576 4.282009179208017685e-02 2.264988608726810980e+03
577 4.396169952123299418e-02 2.333448695803247119e+03
578 4.055419274108671562e-02 2.160042492397821206e+03
579 4.034862196968374420e-02 2.156529461955579336e+03
580 4.168128626371329915e-02 2.235452108836657317e+03
581 4.408391073286318379e-02 2.372462535204639607e+03
582 3.815264343096280708e-02 2.060327715815410556e+03
583 3.898592186481616290e-02 2.112561406392132540e+03
584 3.941695571159088002e-02 2.143245518148301471e+03
585 3.728443968036666140e-02 2.034235525764539261e+03
586 4.030557629861593327e-02 2.206586638549101281e+03
587 4.069193200881917466e-02 2.235341438742410446e+03
588 3.836731648614605944e-02 2.114823740451579397e+03
589 3.871493278891087464e-02 2.141242958106166043e+03
590 3.700972278705295243e-02 2.053881846182615845e+03
591 3.494707654443800215e-02 1.945988056533080908e+03
592 3.751650241069992564e-02 2.096133191430993520e+03
593 3.714662021444361389e-02 2.082478736163441226e+03
594 3.540336951291882250e-02 1.991444191953586596e+03
595 3.462885884345801718e-02 1.954436376249326486e+03
596 3.293783165923298145e-02 1.865244328373273220e+03
597 3.599708908499866383e-02 2.045328310020464187e+03
598 3.527682532685007255e-02 2.011118368781731078e+03
599 3.504830223110645682e-02 2.004772930613111157e+03
600 3.376496975460584887e-02 1.937814579429666310e+03
601 3.729196869725074498e-02 2.147367648569190351e+03
602 3.314016797760425265e-02 1.914646668646210173e+03
603 3.198279185541786501e-02 1.853918994548048659e+03
604 3.012614104874554097e-02 1.752088140620861168e+03
605 3.508982843739105045e-02 2.047525764567263650e+03
606 3.390649439635080170e-02 1.985017487466248667e+03
607 3.294237591199855597e-02 1.934939189313177849e+03
608 3.311661608586922295e-02 1.951582688057188534e+03
609 3.040786475034643749e-02 1.797848881394344289e+03
610 3.106333280672523081e-02 1.842634619922033380e+03
611 3.202421325728908169e-02 1.905861044403915230e+03
612 2.944750118282995696e-02 1.758249393205426031e+03
613 3.239527148790247862e-02 1.940575755298380273e+03
614 3.241306697902732181e-02 1.947976642987887317e+03
615 3.373458964913236824e-02 2.034002073450549688e+03
616 2.908939091764470644e-02 1.759627075174380707e+03
617 3.102591886582391559e-02 1.882861707983319548e+03
618 3.018178385689006607e-02 1.837571135613243769e+03
619 2.868006011286789586e-02 1.751791954558351108e+03
620 3.170117455357795294e-02 1.942579381300702153e+03
621 2.863437623188424402e-02 1.760312785847928808e+03
622 2.845349440143583875e-02 1.754826455448300521e+03
623 2.676526273469541362e-02 1.656015048091739118e+03
624 2.768021316485567290e-02 1.718122672899413146e+03
625 2.907713963450336489e-02 1.810615209613501975e+03
626 2.777988380037130917e-02 1.735371379060568415e+03
627 2.869708627994297864e-02 1.798395137627644772e+03
628 2.763177221580083789e-02 1.737157360938543434e+03
629 2.599114710653952637e-02 1.639218224574645092e+03
630 2.738302879279636004e-02 1.732493139039167545e+03
631 2.749041026077860342e-02 1.744808588756632389e+03
632 2.725861532983758773e-02 1.735580295862475623e+03
633 2.473899361786464912e-02 1.580138402947297664e+03
634 2.734763081318801817e-02 1.752277252829188001e+03
635 2.677854811259167828e-02 1.721226402218884232e+03
636 2.520846713586200050e-02 1.625410712623144718e+03
637 2.576136211562769091e-02 1.666284156859189807e+03
638 2.611239478507810380e-02 1.694292434540469912e+03
639 2.568118198722723483e-02 1.671536915120982712e+03
640 2.647923111937871762e-02 1.728874646113225481e+03
641 2.652686354477845967e-02 1.737397101307919229e+03
642 2.533210070301184641e-02 1.664321940474740586e+03
643 2.655310435720624820e-02 1.749976731852893408e+03
644 2.348210380808274725e-02 1.552396722830352473e+03
645 2.291075471882943887e-02 1.519328764311074792e+03
646 2.401818175742749875e-02 1.597706703354274850e+03
647 2.399239075665452955e-02 1.600932216272201913e+03
648 2.442483078281883907e-02 1.634825479942260927e+03
649 2.525600158114615218e-02 1.695675640002572436e+03
650 2.464919347537190830e-02 1.660034792732478991e+03
651 2.325911381045865992e-02 1.571237659312063215e+03
652 2.446393471069430170e-02 1.657704886530201065e+03
653 2.276144431386901285e-02 1.547073252870989336e+03
654 2.367778312698889942e-02 1.614285026182235242e+03
655 2.356242232021112451e-02 1.611332648581860894e+03
656 2.263137814167884981e-02 1.552388231633554597e+03
657 2.271963538055420812e-02 1.563193541594704129e+03
658 2.408434893803420435e-02 1.662135214009178526e+03
659 2.285234875867300786e-02 1.581904731942222952e+03
660 2.301464414063240926e-02 1.597974301556807632e+03
661 2.341664281246838217e-02 1.630813177427216033e+03
662 2.219863041505645146e-02 1.550664448781677265e+03
663 2.360708777469120931e-02 1.654032939845429610e+03
664 2.292634313307443175e-02 1.611182159831053468e+03
665 2.223552856901659172e-02 1.567340889449639462e+03
666 2.244763902645243586e-02 1.587050932942306417e+03
667 2.336365062495588188e-02 1.656773469017043908e+03
668 2.251014473800776530e-02 1.601035638844360165e+03
669 2.153513251348436117e-02 1.536273717009314623e+03
670 2.176060775020163818e-02 1.556999507093884176e+03
671 2.255058542610506242e-02 1.618339914953148764e+03
672 2.169293978277399282e-02 1.561431295554470353e+03
673 2.280785188431051075e-02 1.646567262405160136e+03
674 2.204378546331248190e-02 1.596136307658221767e+03
675 2.160684995897131991e-02 1.569141311973216489e+03
676 2.105942259454649315e-02 1.533917336199920783e+03
677 2.153980359334695463e-02 1.573548861732660271e+03
678 2.231236586949125050e-02 1.634802233935950881e+03
679 2.077967593000928925e-02 1.526994908050968661e+03
680 1.988723135757975574e-02 1.465718206105553236e+03
681 1.978006871749848558e-02 1.462107868248785053e+03
682 2.276931633200768995e-02 1.688010721445371928e+03
683 1.991168352685478843e-02 1.480488090328724411e+03
684 2.062121017598455078e-02 1.537733067464286705e+03
685 2.209801669435379132e-02 1.652677506260757355e+03
686 1.985889551883934442e-02 1.489553393756390960e+03
687 2.119908789501806154e-02 1.594712808590617215e+03
688 2.153169305705491740e-02 1.624448591633766910e+03
689 2.048361130020947760e-02 1.549868923506866849e+03
690 2.066164876992875737e-02 1.567877921053453065e+03
691 1.852240880832456069e-02 1.409618980133164314e+03
692 1.998826907152761317e-02 1.525578809829541797e+03
693 2.095330795813914182e-02 1.603856219947600721e+03
694 2.152521599299991872e-02 1.652387590421723189e+03
695 2.027309446708541740e-02 1.560753149268571633e+03
696 2.201983016745232696e-02 1.700106447598652267e+03
697 2.104529140802251577e-02 1.629533435859678775e+03
698 2.102196460548195339e-02 1.632397911808189747e+03
699 1.960085441422547078e-02 1.526407004727610229e+03
700 1.952875080831855542e-02 1.525143307597822741e+03
701 2.021029837979747973e-02 1.582879983172018683e+03
702 2.139530650148965124e-02 1.680471228225445202e+03
703 2.074854960510707710e-02 1.634315348049507065e+03
704 1.973544685962497908e-02 1.558938103286009891e+03
705 1.935290097119546360e-02 1.533063077001144393e+03
706 1.999802083116136026e-02 1.588661105108839365e+03
707 1.949391988272870802e-02 1.553001874649350384e+03
708 2.148068772235278007e-02 1.716120606063270770e+03
709 1.925107577586146826e-02 1.542338568900323935e+03
710 1.869555397929829541e-02 1.502057020903939247e+03
711 2.085534235006081608e-02 1.680300858943651065e+03
712 1.985918664525022914e-02 1.604542085375263696e+03
713 1.989321809455520118e-02 1.611806553348067837e+03
714 1.984640288685590725e-02 1.612524005330792079e+03
715 1.819639809649534201e-02 1.482602149402684972e+03
716 2.084443944140467950e-02 1.703109337342825484e+03
717 2.008106046682642601e-02 1.645319994441724930e+03
718 1.943978149779418060e-02 1.597220388919117340e+03
719 2.110640638689807030e-02 1.738984913573088534e+03
720 1.874706280352526552e-02 1.548891965902331776e+03
721 1.902388591902639051e-02 1.576129242991490401e+03
722 2.028281017760590749e-02 1.685092527427622372e+03
723 2.154085543321093699e-02 1.794568090382576429e+03
724 1.981709707059088263e-02 1.655528803275488599e+03
725 1.956404635701426351e-02 1.638903724238055929e+03
726 2.030916301969761667e-02 1.706016349362472283e+03
727 2.026669523314157326e-02 1.707138899763950121e+03
728 1.926887426092286845e-02 1.627553907263841666e+03
729 2.014641702973187301e-02 1.706350875639704327e+03
730 1.844292111919195246e-02 1.566354566303913316e+03
731 1.978419512852595472e-02 1.684872245868114760e+03
732 2.045903277660834907e-02 1.747110144585795069e+03
733 2.037585931776128914e-02 1.744761621041782291e+03
734 2.014924443686184549e-02 1.730064505470091717e+03
735 1.961125346050227036e-02 1.688459460183494457e+03
736 2.032514753460662807e-02 1.754684907175001172e+03
737 2.071313971992753619e-02 1.793039743652574316e+03
738 1.925446436169631070e-02 1.671292150258798074e+03
739 1.917559160415865244e-02 1.668956669584101292e+03
740 1.943570660833235375e-02 1.696173969186478644e+03
741 1.980534952664068579e-02 1.733104525023901715e+03
742 2.145730657719483944e-02 1.882730061507139681e+03
743 2.038595078546293765e-02 1.793547373769272781e+03
744 2.098190852117082922e-02 1.850948473829909517e+03
745 2.153136727168293921e-02 1.904525714832812582e+03
746 2.022670581211042165e-02 1.793926803557524636e+03
747 2.096990923266079526e-02 1.864828431817205455e+03
748 2.126477215694456621e-02 1.896113284588184797e+03
749 2.059475565314119322e-02 1.841280086858561390e+03
750 1.976766255560047716e-02 1.772052771023538526e+03
751 2.021337280002082418e-02 1.816840051257632012e+03
752 1.860665309460743724e-02 1.676877004200519877e+03
753 2.027656707950062712e-02 1.832233766054417401e+03
754 2.142642540085150024e-02 1.941279875034904080e+03
755 1.950787851436266637e-02 1.772143642764230663e+03
756 2.096809667731276694e-02 1.909839260978157427e+03
757 2.190048335433231533e-02 2.000041083820421591e+03
758 2.067064348850418051e-02 1.892714502547663869e+03
759 2.026403741038244888e-02 1.860379213461722884e+03
760 2.107397641902199192e-02 1.939835355130835069e+03
761 2.131424929484434724e-02 1.967115229829344116e+03
762 2.019880254198412606e-02 1.869068699486816286e+03
763 2.069651524058768385e-02 1.920150438415428198e+03
764 2.096821914802183759e-02 1.950457413574825750e+03
765 1.991071459705581748e-02 1.856937059200959538e+03
766 2.043504996804682700e-02 1.910820840125135874e+03
767 1.978449297628016509e-02 1.854819446645772359e+03
768 1.942779886883793869e-02 1.826128313680942938e+03
769 2.105123775952259108e-02 1.983877413308611494e+03
770 2.017869844977067395e-02 1.906594716375274629e+03
771 2.106297016262943453e-02 1.995314793933175451e+03
772 1.933153267097349401e-02 1.836044545338718308e+03
773 1.980858966829577086e-02 1.886227802668554205e+03
774 2.026618275182608120e-02 1.934794078059715048e+03
775 2.026809830068638379e-02 1.939976894220286567e+03
776 2.071380943825821414e-02 1.987754971056703880e+03
777 2.043313600748506223e-02 1.965874426976807399e+03
778 1.909159742007645807e-02 1.841532781531198225e+03
779 1.987187685158219724e-02 1.921724288277983760e+03
780 1.980081411352665327e-02 1.919768294577437473e+03
781 2.016219710205488860e-02 1.959818146447554909e+03
782 1.968196780925316261e-02 1.918037809205125313e+03
783 1.924439351177667512e-02 1.880191933916443759e+03
784 1.991425279392542227e-02 1.950607397411772581e+03
785 2.152080209403441774e-02 2.113346885514775295e+03
786 2.047098991226481771e-02 2.015376797408636548e+03
787 2.082111380850369328e-02 2.055062523824009986e+03
788 2.048876487326600423e-02 2.027398546980547508e+03
789 1.968795104805317470e-02 1.953101200714160996e+03
790 1.946223688080501307e-02 1.935603775771090341e+03
791 2.088812502196749077e-02 2.082673806199744376e+03
792 1.916622016819478913e-02 1.915821193463917552e+03
793 2.030909506937081388e-02 2.035187347261105742e+03
794 2.017977414231461944e-02 2.027328211583681878e+03
795 1.999420417332079328e-02 2.013744886769933373e+03
796 1.993003551723949995e-02 2.012331814902106316e+03
797 2.007547546335805913e-02 2.032109865191911240e+03
798 2.073783964807436250e-02 2.104424330790087424e+03
799 2.042739933378125844e-02 2.078116912966574546e+03
800 2.001704099671157769e-02 2.041467702064410787e+03
801 1.822683972701647295e-02 1.863538590997053689e+03
802 1.962665606611215321e-02 2.011668230136341663e+03
803 1.913485563412563664e-02 1.966151213389006443e+03
804 1.877510700368015956e-02 1.933991146343657419e+03
805 1.943478866062420610e-02 2.006923767195585015e+03
806 1.962313003618060270e-02 2.031407211945304198e+03
807 1.983501960421314020e-02 2.058437386569846240e+03
808 1.883741631823878174e-02 1.959753054793014599e+03
809 1.935895770560139978e-02 2.018996858234943375e+03
810 1.900124457033105368e-02 1.986589120081065403e+03
811 1.843085181364025743e-02 1.931712199013333475e+03
812 1.984847766001415076e-02 2.085421800810463992e+03
813 1.988483319458222640e-02 2.094387486254810938e+03
814 1.903522092923154788e-02 2.009833436271842629e+03
815 1.909627272342765553e-02 2.021233592693296487e+03
816 1.867925645477941377e-02 1.981946520818213912e+03
817 1.881735380148585185e-02 2.001492847152846707e+03
818 1.809610698879485224e-02 1.929489823328028024e+03
819 1.922955817523899422e-02 2.055356646026402359e+03
820 1.873456382626793176e-02 2.007339023521753234e+03
821 1.853485604523355881e-02 1.990784834263188031e+03
822 1.850715108690477798e-02 1.992651520064383476e+03
823 1.836834799189590584e-02 1.982518630027755080e+03
824 1.852071552065808618e-02 2.003821596118891421e+03
825 1.778274468312400144e-02 1.928647775272194849e+03
826 1.775621656520849287e-02 1.930439172988785913e+03
827 1.908531585606775341e-02 2.079961660434280930e+03
828 1.837007554551040034e-02 2.006854752626267100e+03
829 1.866799725491090703e-02 2.044327557315414651e+03
830 1.763913355631937380e-02 1.936317169238699080e+03
831 1.794286414176849906e-02 1.974405037924027738e+03
832 1.688260869528497229e-02 1.862207253150650104e+03
833 1.773527480452774530e-02 1.960961674753127227e+03
834 1.746569236514762882e-02 1.935790990004222522e+03
835 1.789143967905022781e-02 1.987733573301856495e+03
836 1.762146036900582094e-02 1.962428148161691070e+03
837 1.812166216779724504e-02 2.022961595600557303e+03
838 1.651666289322716724e-02 1.848197659716744056e+03
839 1.650016608613698657e-02 1.850758251165730144e+03
840 1.717191616105367621e-02 1.930697227559586963e+03
841 1.778617251114143760e-02 2.004521502261418846e+03
842 1.807688694184823516e-02 2.042130254853995666e+03
843 1.691982006967035837e-02 1.915957596739048768e+03
844 1.791951067706038306e-02 2.033974170722425015e+03
845 1.599628328423149601e-02 1.819978637003094036e+03
846 1.696130548531390655e-02 1.934341641536456109e+03
847 1.556310142586330575e-02 1.779080264426041140e+03
848 1.661568471996915583e-02 1.903890281867397562e+03
849 1.618603856450497036e-02 1.859033938841166673e+03
850 1.543793884767246695e-02 1.777288512039217039e+03
851 1.622605411806828796e-02 1.872415409580627738e+03
852 1.605634828430544184e-02 1.857186583431632243e+03
853 1.628481133122943597e-02 1.888033800055961592e+03
854 1.700994268030787612e-02 1.976728242073063029e+03
855 1.546742284411381681e-02 1.801681293438010471e+03
856 1.650496135164024325e-02 1.927033346292869737e+03
857 1.550897246832507598e-02 1.814977587365352747e+03
858 1.525457132713816354e-02 1.789371810476936616e+03
859 1.488479158165657672e-02 1.750066311185860968e+03
860 1.567162117689132814e-02 1.846867162007972638e+03
861 1.559336882897793819e-02 1.841918883246096357e+03
862 1.471829514017252392e-02 1.742591938524253464e+03
863 1.474983203568765340e-02 1.750377590784545191e+03
864 1.566493618359440787e-02 1.863282098777752481e+03
865 1.473299383432521807e-02 1.756487802252755728e+03
866 1.510702994077829132e-02 1.805245250563296850e+03
867 1.483024721897454115e-02 1.776263309211932665e+03
868 1.466310064776738670e-02 1.760294973501349205e+03
869 1.368494876787917577e-02 1.646653936046959871e+03
870 1.434418539704978256e-02 1.729949513967396797e+03
871 1.410384473992761824e-02 1.704874009345485092e+03
872 1.365571259381268693e-02 1.654494120114027055e+03
873 1.328781830844723982e-02 1.613613390233260134e+03
874 1.415181710706740412e-02 1.722470626524920590e+03
875 1.348554217850908565e-02 1.645131820004711244e+03
876 1.340626431636703260e-02 1.639198729633015319e+03
877 1.387433561609706031e-02 1.700303452486266451e+03
878 1.310523786971377370e-02 1.609712923355765042e+03
879 1.276682272152402167e-02 1.571717565017377183e+03
880 1.303581124604914938e-02 1.608484112554938292e+03
881 1.247870517767583377e-02 1.543242408845039563e+03
882 1.275154412920538084e-02 1.580564409861050308e+03
883 1.238237646112044267e-02 1.538286058182216948e+03
884 1.340217381660482182e-02 1.668748596623704998e+03
885 1.328906890997887114e-02 1.658409121102451309e+03
886 1.298150226476771016e-02 1.623687423508387383e+03
887 1.246393185839651807e-02 1.562470344562220134e+03
888 1.237073291311448046e-02 1.554283686955193843e+03
889 1.198412385445371715e-02 1.509100586934402145e+03
890 1.318138082336705805e-02 1.663599379629610439e+03
891 1.245469401516364517e-02 1.575417815627495884e+03
892 1.185044285094029315e-02 1.502349667259908301e+03
893 1.199006305159342617e-02 1.523458317518886133e+03
894 1.173824208033379633e-02 1.494802266138071673e+03
895 1.196404664971899984e-02 1.526965674302121442e+03
896 1.117291958287951366e-02 1.429181076918793224e+03
897 1.156373773928811091e-02 1.482474203136975348e+03
898 1.098299232198621418e-02 1.411161892263874051e+03
899 1.051910366436570841e-02 1.354568798904124606e+03
900 1.186263044477757315e-02 1.530976178066618104e+03
901 1.094422035689464855e-02 1.415586098077621727e+03
902 1.078431319359776132e-02 1.397999163263175433e+03
903 1.216037763727315611e-02 1.579877355916092256e+03
904 1.044144851475906598e-02 1.359558478902989009e+03
905 1.044850548082177331e-02 1.363487256869683961e+03
906 1.113842297883679659e-02 1.456730866272013600e+03
907 1.088035942318175096e-02 1.426121441123009390e+03
908 1.082757928868543183e-02 1.422332835297585461e+03
909 9.988071772778203683e-03 1.314943406218443442e+03
910 9.944900191817146809e-03 1.312140467765244466e+03
911 1.070088374703368102e-02 1.414988769335905772e+03
912 9.763574695772433282e-03 1.293881789956688863e+03
913 1.039879905168043100e-02 1.381084626030171876e+03
914 9.609797304143989291e-03 1.279091605693263773e+03
915 9.809830489853503532e-03 1.308573744812332507e+03
916 1.023918523182716644e-02 1.368832602743814959e+03
917 9.925021194157503460e-03 1.329730380834389507e+03
918 9.848831988524929179e-03 1.322400647163606436e+03
919 9.574971718322255673e-03 1.288430420658881985e+03
920 9.744837423130037202e-03 1.314141672048339842e+03
921 9.393972182484663230e-03 1.269579650517069012e+03
922 9.206750517639786593e-03 1.246978968145626823e+03
923 8.852845774922424651e-03 1.201646435002770886e+03
924 8.716618947516251853e-03 1.185719320728797584e+03
925 8.616166481360338497e-03 1.174591714042893955e+03
926 9.196140164598779268e-03 1.256366750882188398e+03
927 8.774068220589927719e-03 1.201292730065914839e+03
928 8.781970436527194654e-03 1.204968774090453053e+03
929 9.153127746350180061e-03 1.258601711138127030e+03
930 8.937373461162025426e-03 1.231580111927572943e+03
931 8.890813818083506334e-03 1.227798902353783205e+03
932 8.583735710082664866e-03 1.187938684633052844e+03
933 8.060348878600962982e-03 1.117898804044845974e+03
934 8.042340268834062902e-03 1.117792169100092224e+03
935 7.731324027781458046e-03 1.076865507757947626e+03
936 8.064799048000729359e-03 1.125716733291949140e+03
937 7.895217903532893849e-03 1.104400721524692472e+03
938 8.216106890802795173e-03 1.151740511492800806e+03
939 8.386538853528687637e-03 1.178138479537931971e+03
940 7.946234985013348601e-03 1.118662326513301196e+03
941 8.083240465167744818e-03 1.140370978940813757e+03
942 7.253321105308847654e-03 1.025462141059262876e+03
943 7.526418127916197597e-03 1.066331307859113849e+03
944 7.409103563073844712e-03 1.051936682337610591e+03
945 7.577210950106314825e-03 1.078083637820827562e+03
946 7.272065727860579400e-03 1.036857426383466191e+03
947 7.185226943244194843e-03 1.026641788248433841e+03
948 7.052456092407433617e-03 1.009799316470356302e+03
949 7.056487315241353163e-03 1.012508119374810121e+03
950 7.160355673041942683e-03 1.029577040393477773e+03
951 7.250065972410143708e-03 1.044671039823250567e+03
952 6.904139975009377164e-03 9.969183003419692568e+02
953 7.280076704626379722e-03 1.053409818960533130e+03
954 7.145701207287606313e-03 1.036135921613594974e+03
955 7.045361314327689729e-03 1.023728198085284703e+03
956 6.810403066501625850e-03 9.916599587152231834e+02
957 7.331582182367192210e-03 1.069781998408791878e+03
958 6.796159509596853832e-03 9.937286506322326431e+02
959 6.675388354627075950e-03 9.781073188755813135e+02
960 6.901643518740101929e-03 1.013368209492930873e+03
961 6.578526915595341203e-03 9.679373474842485621e+02
962 6.562568071179454218e-03 9.675987798103161595e+02
963 5.972014658673358359e-03 8.823569640355183310e+02
964 6.330615282789711293e-03 9.372822676801617945e+02
965 5.892235628168182408e-03 8.741876710123116254e+02
966 6.471639231604481637e-03 9.621394701501288864e+02
967 6.403126152304251112e-03 9.539245399578657043e+02
968 6.399085710875378197e-03 9.552943150119732536e+02
969 6.422244563542676629e-03 9.607325007131345274e+02
970 6.033945432607429674e-03 9.045081287219024944e+02
971 5.921958769725672693e-03 8.895513146788327958e+02
972 5.981893076402917259e-03 9.004049684643205183e+02
973 6.042096453978390742e-03 9.113382167935103553e+02
974 5.721471169638944927e-03 8.647516873390737828e+02
975 5.779117370040697151e-03 8.752579814965407650e+02
976 5.535252891740994469e-03 8.400438961101849600e+02
977 6.033398642560385688e-03 9.175200668951923717e+02
978 6.020559058039748335e-03 9.174417488916014918e+02
979 5.542841412347974950e-03 8.463721262141182251e+02
980 5.722472439165496652e-03 8.755862328743636454e+02
981 5.682316410531872142e-03 8.712163954960267347e+02
982 5.395411935207520063e-03 8.289145169053293785e+02
983 5.491095325090749116e-03 8.453328204759517348e+02
984 5.531548032726704006e-03 8.532929323465505149e+02
985 5.318586302246674016e-03 8.221091612088200691e+02
986 5.425549891834431822e-03 8.403456585630033260e+02
987 5.313656468153411805e-03 8.246842538509434917e+02
988 5.331211077109937989e-03 8.290853583844007062e+02
989 5.502338244070980287e-03 8.574304488515309686e+02
990 4.994641536179238346e-03 7.798899165254289301e+02
991 5.129289431871964823e-03 8.025325649089776334e+02
992 5.398475168324290072e-03 8.463542129391565823e+02
993 5.337579337720741411e-03 8.384942870684577656e+02
994 5.244274206842427892e-03 8.254960287207583178e+02
995 4.976211702988329356e-03 7.848766319625182177e+02
996 5.093581458220368570e-03 8.050037144711825476e+02
997 5.215441694051720090e-03 8.259179897657762695e+02
998 4.909600741450105381e-03 7.790446277040437053e+02
999 5.039889157664249365e-03 8.013211488054364509e+02
1000 4.747292403251565998e-03 7.563106073323701821e+02
1001 5.100150978229385859e-03 8.141510048447502186e+02
1002 4.884231725106421250e-03 7.812410344659606380e+02
1003 5.140048785253129374e-03 8.238004378799361120e+02
1004 5.033519651993939061e-03 8.083355417595927292e+02
1005 4.775170746028826844e-03 7.683747404108727324e+02
1006 4.843396752066643149e-03 7.809039671168902714e+02
1007 4.954240835331586400e-03 8.003634525313236736e+02
1008 5.091425154745646102e-03 8.241593573677256472e+02
1009 5.066722088682306356e-03 8.217879245826403576e+02
1010 5.003087745825418597e-03 8.130753238014879116e+02
1011 5.173548443929067153e-03 8.424426000114377757e+02
1012 4.591986670093281368e-03 7.492223222172107171e+02
1013 4.997555136529545361e-03 8.170057748233094799e+02
1014 4.988693243403095195e-03 8.171672045349317841e+02
1015 4.955791961909802000e-03 8.133789873999322708e+02
1016 4.904061627542465399e-03 8.064746332125369008e+02
1017 5.034001634235029700e-03 8.294729251384738973e+02
1018 4.526536479849422624e-03 7.473226039847165794e+02
1019 4.777317159005366708e-03 7.902755793392161650e+02
1020 4.704858414765670724e-03 7.798168302797790830e+02
1021 4.598874960046164286e-03 7.637449842640033921e+02
1022 4.703772243495357719e-03 7.826956969721115911e+02
1023 4.599489004883462566e-03 7.668409684715298908e+02
1024 4.716445875860914710e-03 7.878777004470932752e+02
1025 4.545531797528393377e-03 7.608097296459545760e+02
1026 4.765215635070788221e-03 7.991356294024778890e+02
1027 4.645559106633092607e-03 7.805876574383746629e+02
1028 4.651085195951157325e-03 7.830381395368995072e+02
1029 4.689277690201397279e-03 7.910040055375533257e+02
1030 4.619096653256679272e-03 7.806800323695539419e+02
1031 4.688571507547708607e-03 7.939607590052122532e+02
1032 4.531403630069839872e-03 7.688345627396695363e+02
1033 4.747122396463888949e-03 8.069960729252890133e+02
1034 4.779764028706501300e-03 8.141182244038511726e+02
1035 4.723472953131566988e-03 8.060865406814416474e+02
1036 4.546879279347506263e-03 7.774492826684899001e+02
1037 4.623809602217370147e-03 7.921294940954915091e+02
1038 4.669362121305635493e-03 8.014761228760318090e+02
1039 4.748189019620990478e-03 8.165767642057244302e+02
1040 4.837907323908005250e-03 8.336077529292035706e+02
1041 4.554772799152039149e-03 7.863308208650583992e+02
1042 4.338754488186901716e-03 7.504767374758694132e+02
1043 4.376921400790353793e-03 7.585316149284132052e+02
1044 4.561209764216807988e-03 7.919850179938396195e+02
1045 4.412969458636359019e-03 7.677132362529210923e+02
1046 4.601336658249664119e-03 8.020150307462494084e+02
1047 4.415440097083791170e-03 7.710847129766652870e+02
1048 4.543845264603406375e-03 7.950243602754064796e+02
1049 4.611290139623244050e-03 8.083647506757913561e+02
1050 4.808595103771577846e-03 8.445597045663344034e+02
1051 4.649049786987274543e-03 8.180932033324694430e+02
1052 4.923470907597395779e-03 8.680317660668629287e+02
1053 4.491110067021558856e-03 7.933097875545777242e+02
1054 4.661806873343892106e-03 8.250257051990595301e+02
1055 4.377219520667679012e-03 7.761306543057310137e+02
1056 4.537348068642849293e-03 8.060484241404602699e+02
1057 4.508708897108464064e-03 8.024777187660405389e+02
1058 4.798260250932859933e-03 8.556291250438903262e+02
1059 4.819591598812817713e-03 8.610575828711121176e+02
1060 4.778148534940651095e-03 8.552656445077146827e+02
1061 4.540280178836466306e-03 8.142217251851438959e+02
1062 4.586629456267379834e-03 8.240841642917007448e+02
1063 4.428558036340845237e-03 7.971817809089958473e+02
1064 4.297159675695392048e-03 7.749842189990679344e+02
1065 4.625628407739932647e-03 8.357909910793867994e+02
1066 4.646803301189214759e-03 8.411937649532341084e+02
1067 4.641298630470796528e-03 8.417736297067656324e+02
1068 4.471905020544258980e-03 8.125716395601588147e+02
1069 4.547057230123321622e-03 8.277744833641752393e+02
1070 4.515269754080092346e-03 8.235255570404060563e+02
1071 4.401205776076041153e-03 8.042222087908553476e+02
1072 4.221551710393867465e-03 7.728349470518040789e+02
1073 4.595041522342617306e-03 8.427787470122636933e+02
1074 4.524299298388684276e-03 8.313505808886302475e+02
1075 4.367736332308365388e-03 8.040763352639227151e+02
1076 4.662091450811036222e-03 8.598622733252535681e+02
1077 4.549328953384263949e-03 8.406242936711599896e+02
1078 4.372859264618941984e-03 8.095167465681304293e+02
1079 4.472272359557767467e-03 8.294564255624776479e+02
1080 4.475227475112760790e-03 8.315429701992892433e+02
1081 4.583414001527592353e-03 8.532222523262131517e+02
1082 4.450469066796742049e-03 8.300067720949942895e+02
1083 4.661094973946049852e-03 8.708950510341826430e+02
1084 4.657027570292566858e-03 8.717419809766159915e+02
1085 4.484813067937181742e-03 8.410543104693472287e+02
1086 4.541596917264925648e-03 8.532731648007555805e+02
1087 4.621063072619342738e-03 8.698021309298138704e+02
1088 4.319217897472741284e-03 8.144829938488002199e+02
1089 4.606795063049504320e-03 8.703088545776191722e+02
1090 4.475035136190603537e-03 8.469696138876585110e+02
1091 4.551867389781746182e-03 8.630920609173208504e+02
1092 4.566329147731943913e-03 8.674214249295848731e+02
1093 4.485134648211189581e-03 8.535581257476443398e+02
1094 4.334922897479122871e-03 8.264811449446466440e+02
1095 4.544906265651423201e-03 8.680999589970691659e+02
1096 4.133180808801087056e-03 7.909002586495286096e+02
1097 4.338510015571261577e-03 8.317057494459656937e+02
1098 4.477513273850235696e-03 8.599180126691110218e+02
1099 4.201174719637354275e-03 8.083161438460556383e+02
1100 4.379573214341553507e-03 8.441739118896009586e+02
1101 4.459585483478126743e-03 8.611593836158564272e+02
1102 4.420109323666633616e-03 8.550868931771859707e+02
1103 4.502630133520573591e-03 8.726317110024544945e+02
1104 4.279449996092428432e-03 8.308821694734492667e+02
1105 4.259866205566182305e-03 8.285781862679984897e+02
1106 4.209741125966527490e-03 8.203104982052050218e+02
1107 4.622399271760630618e-03 9.023498884706031049e+02
1108 4.297749972599047320e-03 8.404900653329619900e+02
1109 4.063838143339059544e-03 7.961796241076494880e+02
1110 4.650187245003976379e-03 9.126990741238448663e+02
1111 4.307861068104495636e-03 8.470336548898409319e+02
1112 4.394142073170384868e-03 8.655540201078338214e+02
1113 4.490341844957603142e-03 8.860941950968616538e+02
1114 4.420020425632626565e-03 8.737847608296907538e+02
1115 4.153940930323759932e-03 8.226583499507361239e+02
1116 4.413444527143000132e-03 8.756189897508071454e+02
1117 4.309694128805430929e-03 8.565674292730464003e+02
1118 4.233911195789547693e-03 8.430120187845598139e+02
1119 4.228955039045739252e-03 8.435315070652200120e+02
1120 4.130187763944736905e-03 8.253032638497164726e+02
1121 4.294509269110655808e-03 8.596707407567744212e+02
1122 4.409411124349725195e-03 8.842464771489194391e+02
1123 4.329986838700018367e-03 8.698668398141132911e+02
1124 4.144516333267868162e-03 8.340898202427357546e+02
1125 4.093992198996396908e-03 8.253878191612052433e+02
1126 4.228997103486156241e-03 8.541218378814799053e+02
1127 4.209387807309566618e-03 8.516714444589882760e+02
1128 4.406124632592977979e-03 8.930585871295180596e+02
1129 4.113203279150399148e-03 8.351657783267286277e+02
1130 4.172037897539132394e-03 8.486125004301959507e+02
1131 4.154361338834709934e-03 8.465126090013227440e+02
1132 4.042783267509975423e-03 8.252336486908460529e+02
1133 4.001003732732989239e-03 8.181483382359418783e+02
1134 3.920835651518843334e-03 8.031703844460797654e+02
1135 4.086674448419897777e-03 8.386183614215143507e+02
1136 4.131988979419532089e-03 8.494113938303214582e+02
1137 3.873843954171511846e-03 7.977466349176036147e+02
1138 4.009878035991574011e-03 8.272128670960227055e+02
1139 3.837468121674757204e-03 7.930370685671369984e+02
1140 3.990570198621879935e-03 8.261246527655631553e+02
1141 3.994110915185361890e-03 8.283082765328836103e+02
1142 3.934627974002669754e-03 8.174028380740123794e+02
1143 3.986571456337387534e-03 8.296443107890856936e+02
1144 3.883007624203912902e-03 8.095056532839014380e+02
1145 4.117779380044478757e-03 8.599502171197906364e+02
1146 4.019443736969685078e-03 8.408801897578086937e+02
1147 3.975436861497352349e-03 8.331252516166144915e+02
1148 4.012108329742628508e-03 8.422765297907857303e+02
1149 4.005853111312083006e-03 8.424284419216369315e+02
1150 3.838095514419274240e-03 8.085540819329311262e+02
1151 3.870911333208252540e-03 8.168854447481040779e+02
1152 4.010610855427487915e-03 8.478371513728194486e+02
1153 3.944631394008894613e-03 8.353369159553338932e+02
1154 3.671809877918587057e-03 7.789114903851531153e+02
1155 3.905260625424096001e-03 8.298698234947205492e+02
1156 3.724832625824779989e-03 7.928993965348987558e+02
1157 3.966037066331510111e-03 8.457048452194374022e+02
1158 3.892003770845607613e-03 8.313528297448236799e+02
1159 3.740983485974226381e-03 8.004742168174024073e+02
1160 3.736060089809830394e-03 8.008002375487593554e+02
1161 3.714361101454581073e-03 7.975218712309300599e+02
1162 3.770108640638397679e-03 8.108860694891089906e+02
1163 3.427568593746862201e-03 7.384804141059063340e+02
1164 3.674429609132084940e-03 7.930288177345393024e+02
1165 3.676439217997473034e-03 7.948258765548529254e+02
1166 3.559389944527236414e-03 7.708415345577452626e+02
1167 3.717740881547045625e-03 8.065159258071760178e+02
1168 3.625785572844417593e-03 7.879154239204560781e+02
1169 3.404430831326710552e-03 7.410798748223826351e+02
1170 3.586586500441310034e-03 7.820674270174246203e+02
1171 3.480034751148759417e-03 7.601306056398095734e+02
1172 3.411072933301274174e-03 7.463400731051356161e+02
1173 3.581163457877362382e-03 7.848928718582635611e+02
1174 3.659821762750196505e-03 8.035002763418355016e+02
1175 3.248289732587152524e-03 7.143648536611013924e+02
1176 3.525921127250689156e-03 7.767414999760732144e+02
1177 3.504582920498480834e-03 7.733538021258590334e+02
1178 3.539173896721131869e-03 7.823140487248106183e+02
1179 3.581590115838643312e-03 7.930340356607628109e+02
1180 3.427962915517332627e-03 7.603055339380114219e+02
1181 3.206965551146509930e-03 7.124949665710388444e+02
1182 3.591674294352441722e-03 7.993174592670403626e+02
1183 3.283610295232375180e-03 7.319951226312391555e+02
1184 3.521550252117336150e-03 7.863648172344898057e+02
1185 3.280082200802866225e-03 7.336820578191164941e+02
1186 3.296378979047173176e-03 7.385717219860359819e+02
1187 3.362093107341938749e-03 7.545656440308085848e+02
1188 3.295742890840188885e-03 7.409207383657409309e+02
1189 3.201820181675622649e-03 7.210176322633756172e+02
1190 3.353268236646676607e-03 7.563923880593467857e+02
1191 3.330119178934836006e-03 7.524331567293770604e+02
1192 3.088453017204388206e-03 6.990010526691080486e+02
1193 3.211537753362744569e-03 7.280780427163648483e+02
1194 3.212741147812293516e-03 7.295719014836297447e+02
1195 3.279356147113325192e-03 7.459467075118280945e+02
1196 3.124986174142304046e-03 7.120222447719609136e+02
1197 3.116462060041605767e-03 7.112674661632877360e+02
1198 3.059096280317129615e-03 6.993414646260875998e+02
1199 2.771798601477535543e-03 6.347200715612908652e+02
1200 2.911546351551445606e-03 6.678333355951123167e+02
1201 3.081851060075311080e-03 7.080749868928986643e+02
1202 2.953526664141614255e-03 6.797216807577898408e+02
1203 2.958229346270845484e-03 6.819367366095066245e+02
1204 2.978531095810298471e-03 6.877582425407185838e+02
1205 2.821617090945950212e-03 6.526082559414452362e+02
1206 2.904028218183971229e-03 6.727838249085925781e+02
1207 2.780894227658973171e-03 6.453254704059678488e+02
1208 2.969498799533248305e-03 6.902342742933788031e+02
1209 2.754871179814027266e-03 6.414061185865569996e+02
1210 2.967716309048457849e-03 6.921050664927497564e+02
1211 2.785349686926310003e-03 6.506487819196320288e+02
1212 2.726039389708115150e-03 6.378457691572863268e+02
1213 2.737588233563334906e-03 6.416050075032331961e+02
1214 2.703905722460349294e-03 6.347557464410537023e+02
1215 2.677907702384062574e-03 6.296882492530354511e+02
1216 2.871650202254801346e-03 6.763567395116066336e+02
1217 2.829733080393462795e-03 6.675802349284148249e+02
1218 2.691081422011820136e-03 6.359133810863542067e+02
1219 2.871152100569790856e-03 6.795788715711258874e+02
1220 2.794451905086503887e-03 6.625097372344584983e+02
1221 2.652495449288509114e-03 6.298855551075333778e+02
1222 2.590198336842164557e-03 6.160994410235357464e+02
1223 2.590441628379369556e-03 6.171657506352327118e+02
1224 2.661862091180399684e-03 6.352185753546508522e+02
1225 2.628294409517978759e-03 6.282329369506456942e+02
1226 2.501491735467011295e-03 5.988998949858510059e+02
1227 2.663352643359706562e-03 6.386923796298910929e+02
1228 2.549244049793244603e-03 6.123247242891792439e+02
1229 2.537802601376959108e-03 6.105693005806899691e+02
1230 2.639272244383244776e-03 6.360151878413767008e+02
1231 2.445837098943479462e-03 5.903593155723664267e+02
1232 2.520781865447038837e-03 6.094375114200448706e+02
1233 2.504768074334826154e-03 6.065489944476573783e+02
1234 2.451709810657680573e-03 5.946635427216766629e+02
1235 2.401654530890076286e-03 5.834667284177368174e+02
1236 2.452202896892718628e-03 5.967119058652995136e+02
1237 2.556082129702406253e-03 6.229960312401083229e+02
1238 2.348672444207113366e-03 5.733694312578589916e+02
1239 2.478437522131129566e-03 6.060257791776996328e+02
1240 2.412676354635839241e-03 5.908981989319032664e+02
1241 2.410095542245966563e-03 5.912181639973176743e+02
1242 2.519778296432645653e-03 6.191205037765586212e+02
1243 2.392219905199894324e-03 5.887253551832301355e+02
1244 2.390381610946944960e-03 5.892194882700748622e+02
1245 2.340554514533251407e-03 5.778648606163446857e+02
1246 2.327988137002120171e-03 5.756856318707493756e+02
1247 2.253916931350041265e-03 5.582632974244751267e+02
1248 2.326758031374873571e-03 5.772293124599364091e+02
1249 2.417769961757242590e-03 6.007690635003589250e+02
1250 2.244053081294903728e-03 5.584966596266276611e+02
1251 2.159356207146213239e-03 5.382772929346143655e+02
1252 2.313542609127085172e-03 5.776343799977686331e+02
1253 2.184535235852315578e-03 5.462957140279793293e+02
1254 2.355878366934132002e-03 5.900845695722782693e+02
1255 2.129124863669079430e-03 5.341394175131833890e+02
1256 2.163005481897597310e-03 5.435039050772445535e+02
1257 2.170522151932834619e-03 5.462610975459174369e+02
1258 2.089203149004636734e-03 5.266319148795154206e+02
1259 2.227622321500446340e-03 5.624163892557968438e+02
1260 2.180621987669205744e-03 5.514246169644389965e+02
1261 2.067456127060641590e-03 5.236376623548753741e+02
1262 2.125614332479227372e-03 5.392216324343079350e+02
1263 2.045470521997574259e-03 5.197132404550134197e+02
1264 2.043348950832990854e-03 5.199963201293077191e+02
1265 2.021266131975944357e-03 5.151905187324812232e+02
1266 1.965882000871561029e-03 5.018661434668832158e+02
1267 1.980828505925301668e-03 5.064806727137280404e+02
1268 2.049876577511334282e-03 5.249630307881976705e+02
1269 2.053042439842882316e-03 5.266030883321541296e+02
1270 2.116888074882969980e-03 5.438351818033015661e+02
1271 2.006005248483126811e-03 5.161606094252597359e+02
1272 2.134412019564558768e-03 5.500648636294064318e+02
1273 2.037053867667182501e-03 5.257998730222624317e+02
1274 1.964257880166847461e-03 5.078064917173743424e+02
1275 2.014691349199541123e-03 5.216623727884348227e+02
1276 1.946759210910047619e-03 5.048634625038176296e+02
1277 2.029571429624632724e-03 5.271645811227555214e+02
1278 2.104155268529120295e-03 5.473930937716320386e+02
1279 1.945389334993410891e-03 5.068823586127895169e+02
1280 1.935358821139683463e-03 5.050573867716766472e+02
1281 1.909183300353507751e-03 4.990050186736487490e+02
1282 1.937955659539780098e-03 5.073161049225569741e+02
1283 1.896448592130039676e-03 4.972249197464507233e+02
1284 1.960114598083871704e-03 5.147184623485539987e+02
1285 1.936052667642888196e-03 5.091917932375419582e+02
1286 1.969062655869629596e-03 5.186796185810584348e+02
1287 1.866950697075583053e-03 4.925466739259211977e+02
1288 1.906476774051844370e-03 5.037562307641763368e+02
1289 1.969567060870014950e-03 5.212349539879108988e+02
1290 1.972174666174870191e-03 5.227348560845319980e+02
1291 1.854900957678667526e-03 4.924131167428533331e+02
1292 1.992381781641129959e-03 5.297289793137319975e+02
1293 1.847746849054830503e-03 4.920343277141125213e+02
1294 1.937886733469149558e-03 5.168357731174330638e+02
1295 1.934493626860814362e-03 5.167282493042417855e+02
1296 1.889255280015001912e-03 5.054238759458268078e+02
1297 1.730938438876606939e-03 4.637847055297921770e+02
1298 1.886907450940524455e-03 5.063543841704469628e+02
1299 1.753636106019751829e-03 4.713159245600637632e+02
1300 1.850739663924607899e-03 4.981797990294770671e+02
1301 1.747786592657087773e-03 4.711908148709335933e+02
1302 1.828152752269656496e-03 4.936146176682131568e+02
1303 1.789341974004394781e-03 4.838775671092359403e+02
1304 1.805733669226730360e-03 4.890597601960370184e+02
1305 1.839859712013227570e-03 4.990666277807233087e+02
1306 1.819884925360990436e-03 4.944049653789323315e+02
1307 1.755940511708982367e-03 4.777638237097693832e+02
1308 1.736644403476278724e-03 4.732367065779745872e+02
1309 1.725047147586434562e-03 4.707952182835714439e+02
1310 1.795599244589331364e-03 4.907988461085861331e+02
1311 1.784879493323453335e-03 4.886136083161644592e+02
1312 1.783381802924907450e-03 4.889483936736614282e+02
1313 1.717766773260802739e-03 4.716766972825870425e+02
1314 1.827175705730661303e-03 5.024832181984900785e+02
1315 1.816694714797602826e-03 5.003613164414323933e+02
1316 1.860085327875540774e-03 5.130913144008220570e+02
1317 1.764858036798921124e-03 4.875633965344432568e+02
1318 1.738472837497146524e-03 4.810035115645575843e+02
1319 1.728127789547712241e-03 4.788667824881219985e+02
1320 1.722846491066214484e-03 4.781272135916831871e+02
1321 1.808134899787305731e-03 5.025568920041571914e+02
1322 1.761560949956586823e-03 4.903533033347331411e+02
1323 1.689240450343101191e-03 4.709333353487581348e+02
1324 1.737467526711462774e-03 4.851105184860657005e+02
1325 1.717535148269168062e-03 4.802696771179702750e+02
1326 1.698973444707145997e-03 4.757964193476137211e+02
1327 1.751496897142805313e-03 4.912454058046565137e+02
1328 1.708391849824898896e-03 4.798778213675852840e+02
1329 1.757665936883364994e-03 4.944621920519987270e+02
1330 1.729538446446440229e-03 4.872816405007825438e+02
1331 1.706021669453225116e-03 4.813787946289227762e+02
1332 1.671206351506217963e-03 4.722637196875788845e+02
1333 1.721727649744374993e-03 4.872709995176074358e+02
1334 1.699935473474378051e-03 4.818253699913128685e+02
1335 1.658227499855188022e-03 4.707084217717130628e+02
1336 1.687776713541737405e-03 4.798140795144491335e+02
1337 1.718454876090814380e-03 4.892668428950171347e+02
1338 1.614440668469006466e-03 4.603402096691286829e+02
1339 1.718099502076443630e-03 4.906296825390716663e+02
1340 1.667100022055094432e-03 4.767770751896525212e+02
1341 1.806395094964412555e-03 5.173854016171435433e+02
1342 1.593631251056167692e-03 4.571266046035690920e+02
1343 1.633008555580627540e-03 4.691199184252135410e+02
1344 1.701023630718910551e-03 4.893865525921012249e+02
1345 1.704687608601231997e-03 4.911705058988171686e+02
1346 1.648350525028832508e-03 4.756443672280197461e+02
1347 1.661588061506626916e-03 4.801765895335853997e+02
1348 1.724597211346489811e-03 4.991253790627396256e+02
1349 1.661406009904603000e-03 4.815502658310007291e+02
1350 1.689889836534961068e-03 4.905323379277815548e+02
1351 1.666355320543953800e-03 4.844174562179923100e+02
1352 1.643458084286134914e-03 4.784683905460678943e+02
1353 1.717136349148651797e-03 5.006582468393131080e+02
1354 1.611793951085733426e-03 4.706386750776666190e+02
1355 1.744520397439784480e-03 5.101468015252181658e+02
1356 1.722840552379479185e-03 5.045506319997591049e+02
1357 1.619646700036505302e-03 4.750289082349618752e+02
1358 1.667910531766728403e-03 4.899052677771383060e+02
1359 1.718892803699601738e-03 5.056235460506924824e+02
1360 1.634950414888960025e-03 4.816391164661178550e+02
1361 1.683373836611748789e-03 4.966334156391213810e+02
1362 1.676004926500328533e-03 4.951860321594427319e+02
1363 1.663616582438011806e-03 4.922475898660845814e+02
1364 1.728051107905819025e-03 5.120634007227392885e+02
1365 1.612318725282214232e-03 4.784696336329202495e+02
1366 1.649142902272261822e-03 4.901145950666176532e+02
1367 1.673209454552878131e-03 4.979950815978543233e+02
1368 1.643583609016674224e-03 4.898932760713462358e+02
1369 1.733718013805977173e-03 5.175146024609498454e+02
1370 1.650563240415548220e-03 4.934126984974982406e+02
1371 1.603145532940580169e-03 4.799374581172824037e+02
1372 1.596667475504524609e-03 4.786954052667627479e+02
1373 1.715064729462458838e-03 5.149415279163134755e+02
1374 1.652021040230390245e-03 4.967354291920866558e+02
1375 1.566870260830305426e-03 4.718177784926192544e+02
1376 1.623412326486134210e-03 4.895548359714068170e+02
1377 1.618270448954025643e-03 4.887135642815111964e+02
1378 1.617224900162777873e-03 4.891071762154672342e+02
1379 1.618514623582071113e-03 4.902076810387343926e+02
1380 1.549359542785228592e-03 4.699429167042451354e+02
1381 1.540178790254980931e-03 4.678353040697300571e+02
1382 1.594604727620355794e-03 4.850688678633364361e+02
1383 1.645434401969694382e-03 5.012552969030105601e+02
1384 1.554806437163300508e-03 4.743318914383432912e+02
1385 1.703470751640987846e-03 5.204365826710597958e+02
1386 1.655862220746888566e-03 5.066219715032929116e+02
1387 1.577068499314566519e-03 4.832107817029016132e+02
1388 1.655538395554968789e-03 5.079852485604646972e+02
1389 1.639330841057845154e-03 5.037369253652553880e+02
1390 1.633010412111628737e-03 5.025172977320669929e+02
1391 1.621410627958389276e-03 4.996656705048717413e+02
1392 1.648599104181823916e-03 5.087747421527737970e+02
1393 1.633593590410089766e-03 5.048682299986226099e+02
1394 1.638059952765183675e-03 5.069754225306526223e+02
1395 1.572602399792615881e-03 4.874147770088364950e+02
1396 1.565289083892767606e-03 4.858436295661256281e+02
1397 1.664745281408480312e-03 5.174537060601008989e+02
1398 1.681436779649151791e-03 5.233901684792974720e+02
1399 1.660636748073757944e-03 5.176551344205482792e+02
1400 1.618228415912615530e-03 5.051567095027720597e+02
1401 1.622444534661564601e-03 5.071963731882703428e+02
1402 1.607540842121983659e-03 5.032546912289589613e+02
1403 1.652193314161325144e-03 5.179713883077629362e+02
1404 1.553212536540146725e-03 4.876345299459511011e+02
1405 1.586554591216380542e-03 4.988118896549671604e+02
1406 1.545928985940704745e-03 4.867310925098427106e+02
1407 1.639866453276426399e-03 5.170414555098097935e+02
1408 1.577108354539839786e-03 4.979609787988438256e+02
1409 1.628838476039459228e-03 5.150249361999823350e+02
1410 1.642338296907165651e-03 5.200305745154723809e+02
1411 1.600954458012975989e-03 5.076458263290788864e+02
1412 1.619958585600231619e-03 5.143999315313265015e+02
1413 1.598131306223715686e-03 5.081877148876851038e+02
1414 1.528907728891272782e-03 4.868635450791923631e+02
1415 1.543692096547286596e-03 4.922667534238937037e+02
1416 1.560707446362611956e-03 4.983962175586011085e+02
1417 1.584664860787035785e-03 5.067615321054143465e+02
1418 1.545028834638802889e-03 4.947836578742072220e+02
1419 1.533676239076735065e-03 4.918408095784834586e+02
1420 1.487197741569197757e-03 4.776076464694003789e+02
1421 1.603894632091239615e-03 5.158098602260619145e+02
1422 1.557432545210951560e-03 5.015726810139670988e+02
1423 1.552416996840948584e-03 5.006605937259424763e+02
1424 1.531330339319402021e-03 4.945541747744151735e+02
1425 1.540360226199849599e-03 4.981691362934587346e+02
1426 1.527803032828697980e-03 4.948014892313796622e+02
1427 1.590292304092995887e-03 5.157619146957786143e+02
1428 1.488796116445993386e-03 4.835215057721769085e+02
1429 1.589951815593373475e-03 5.170974080452546104e+02
1430 1.456850984356666693e-03 4.744723781124300785e+02
1431 1.508962904087924510e-03 4.921317071168409143e+02
1432 1.474445061873134013e-03 4.815461725169610645e+02
1433 1.573319636962719004e-03 5.145557510984765486e+02
1434 1.475551837900624177e-03 4.832542202828174140e+02
1435 1.527810139180976962e-03 5.010670682921316939e+02
1436 1.551919218537494436e-03 5.096833552255410495e+02
1437 1.478717916032379776e-03 4.863188692692602331e+02
1438 1.567956309951608774e-03 5.163851789094701417e+02
1439 1.447227939803564329e-03 4.772878247465700383e+02
1440 1.467032879253206325e-03 4.844918233252045638e+02
1441 1.445607112990896599e-03 4.780789801007238680e+02
1442 1.427178386273977948e-03 4.726394661376380100e+02
1443 1.460564933513883298e-03 4.843669760886816675e+02
1444 1.483913695440959492e-03 4.927921885568380844e+02
1445 1.469282356475302758e-03 4.886090820648627755e+02
1446 1.461353906716701592e-03 4.866451064990333180e+02
1447 1.488288437084663105e-03 4.963000651865278883e+02
1448 1.452404963007234307e-03 4.850034224617616587e+02
1449 1.459339288860218549e-03 4.879921032022055556e+02
1450 1.412062379643646984e-03 4.728347961115348426e+02
1451 1.379716161100327972e-03 4.626407803260200922e+02
1452 1.439443217705365340e-03 4.833335031107655482e+02
1453 1.377680664373555353e-03 4.632321737242014592e+02
1454 1.377297809647585938e-03 4.637408869394120075e+02
1455 1.453474460648335837e-03 4.900629895279129755e+02
1456 1.437000526728967860e-03 4.851745209416737339e+02
1457 1.394948342249826808e-03 4.716233865878983238e+02
1458 1.404584685076409835e-03 4.755332362302729621e+02
1459 1.353699043167255886e-03 4.589341773061095182e+02
1460 1.386344009948700358e-03 4.706458283956916944e+02
1461 1.404204448584051024e-03 4.773622422162521843e+02
1462 1.371591820845950369e-03 4.669138075246770541e+02
1463 1.409262819016770087e-03 4.803939490263476273e+02
1464 1.369000792890519074e-03 4.673072648684731689e+02
1465 1.308882163937969464e-03 4.473961847752314611e+02
1466 1.339402636544817461e-03 4.584535766786603403e+02
1467 1.372138530916354026e-03 4.702992227062833877e+02
1468 1.386012512819529297e-03 4.757021716962362348e+02
1469 1.396444796514866157e-03 4.799356758573326829e+02
1470 1.362667286546256906e-03 4.689645007034980608e+02
1471 1.432165424490816847e-03 4.935530034569492841e+02
1472 1.305469088392890087e-03 4.505025787617615265e+02
1473 1.263511649515224522e-03 4.366159656816157622e+02
1474 1.287714698060625712e-03 4.455836926517833376e+02
1475 1.312023802298535819e-03 4.546112967128665332e+02
1476 1.298014360854002607e-03 4.503669182214062516e+02
1477 1.281306893440676544e-03 4.451723925802735380e+02
1478 1.256417550025004399e-03 4.371160305186998585e+02
1479 1.286825986606203757e-03 4.483011404077856810e+02
1480 1.231920941301886110e-03 4.297538176592251489e+02
1481 1.236403714145714637e-03 4.319004880632983827e+02
1482 1.267683703397265048e-03 4.434252235478587068e+02
1483 1.253696437401765739e-03 4.391244060207530993e+02
1484 1.292046977948144160e-03 4.531675365248081562e+02
1485 1.261011040852505006e-03 4.428781800816775558e+02
1486 1.284066666327493555e-03 4.515828931770785744e+02
1487 1.250061817604388066e-03 4.402156940895389994e+02
1488 1.262358026452846090e-03 4.451437769422181532e+02
1489 1.287406814086893654e-03 4.545868842253589719e+02
1490 1.255042525145586788e-03 4.437542085942001790e+02
1491 1.249686908826863879e-03 4.424536871395723097e+02
1492 1.205084211936306758e-03 4.272343462059961894e+02
1493 1.215949571668133210e-03 4.316642685022531509e+02
1494 1.220144126542366042e-03 4.337335885736400201e+02
1495 1.171387765638292429e-03 4.169592392272369921e+02
1496 1.149895410024022934e-03 4.098565367077617907e+02
1497 1.230648079630826657e-03 4.392255786737896983e+02
1498 1.221754659073091701e-03 4.366340313603506047e+02
1499 1.228586263503615456e-03 4.396617445503779322e+02
1500 1.186431343261502283e-03 4.251426686876358190e+02
1501 1.177625994099526291e-03 4.225500330088364080e+02
1502 1.191411329910654210e-03 4.280660356567781832e+02
1503 1.149655096108226707e-03 4.136133208810867359e+02
1504 1.204964572381601743e-03 4.340889653151919561e+02
1505 1.145804451325944983e-03 4.133254131620610679e+02
1506 1.177025507035860076e-03 4.251520037514673618e+02
1507 1.147323145579299273e-03 4.149736114651546472e+02
1508 1.136601294789466813e-03 4.116412225867734378e+02
1509 1.148140556251207390e-03 4.163718658876829863e+02
1510 1.120410169757092350e-03 4.068539956156371886e+02
1511 1.079821599096670182e-03 3.926344455842279331e+02
1512 1.149846898996722492e-03 4.186497817540911797e+02
1513 1.119968510489425086e-03 4.083106867170438932e+02
1514 1.124048165873725233e-03 4.103397230064427390e+02
1515 1.127248672310854523e-03 4.120516886052797645e+02
1516 1.087135797321522749e-03 3.979135334463013010e+02
1517 1.053266461541710200e-03 3.860252735926023888e+02
1518 1.086660813872686619e-03 3.987894709262640731e+02
1519 1.114722612301781825e-03 4.096267449171660360e+02
1520 1.057870584451444523e-03 3.892471798993975085e+02
1521 1.079118543320798295e-03 3.975878951761115445e+02
1522 1.037070011519107462e-03 3.825980599958534754e+02
1523 1.032471291728057810e-03 3.814020181562500511e+02
1524 1.034097684352687681e-03 3.825044640109305192e+02
1525 1.023070132108884218e-03 3.789220819600348023e+02
1526 1.015652152034200468e-03 3.766679733717351155e+02
1527 9.929298034355067432e-04 3.687237138776462757e+02
1528 1.054254316265273213e-03 3.920092898307310065e+02
1529 9.707727892249322149e-04 3.614403569053004617e+02
1530 1.003447094546636989e-03 3.740944222977214508e+02
1531 1.040883053904142260e-03 3.885581526742570873e+02
1532 1.005530105824988018e-03 3.758513632436486205e+02
1533 1.014962515648765553e-03 3.798723202143434037e+02
1534 1.021653141574675131e-03 3.828752962586644912e+02
1535 9.689135009648338097e-04 3.635839760168244652e+02
1536 9.543617706848830234e-04 3.585900618329695817e+02
1537 9.874520303005975257e-04 3.715064358315999016e+02
1538 9.977779345815538953e-04 3.758797959457051547e+02
1539 9.776729064477375757e-04 3.687848337065281612e+02
1540 1.059368858104763446e-03 4.001203989718462708e+02
1541 9.859600556844556624e-04 3.728777460632142606e+02
1542 9.597366614385693766e-04 3.634314579854058138e+02
1543 9.976769621306131024e-04 3.782886381606984969e+02
1544 9.682932989972392471e-04 3.676231379412846536e+02
1545 9.524856224856657547e-04 3.620900024547947282e+02
1546 1.001653085742677200e-03 3.812740680457271765e+02
1547 9.120744852184811940e-04 3.476255655595675762e+02
1548 9.192929254609430618e-04 3.508297578592120658e+02
1549 9.334890953527208565e-04 3.567077101682965008e+02
1550 9.197911463431110131e-04 3.519272148219891392e+02
1551 9.150868999120207294e-04 3.505790699472141227e+02
1552 9.137424221638076492e-04 3.505153911278559349e+02
1553 8.794574274526785517e-04 3.377982714606235390e+02
1554 9.014403090797265365e-04 3.466877637991691472e+02
1555 8.881830048729556261e-04 3.420287210811499108e+02
1556 9.208343082305592807e-04 3.550584302084067758e+02
1557 8.481738230244851781e-04 3.274621148901484275e+02
1558 8.997738252286790984e-04 3.478300149169272686e+02
1559 9.332212630641983832e-04 3.612230627718747655e+02
1560 8.974808328718605422e-04 3.478346281588944180e+02
1561 8.709543099064919174e-04 3.379865645918189330e+02
1562 8.479325241464158577e-04 3.294742158377401324e+02
1563 8.797699301201760552e-04 3.422827183465503822e+02
1564 8.719549207884415678e-04 3.396763070123527655e+02
1565 8.298207450328024806e-04 3.236760153158434150e+02
1566 8.697837066851882900e-04 3.396973459683648002e+02
1567 8.260667477335605904e-04 3.230355559623508270e+02
1568 8.465370661360657701e-04 3.314630423889698250e+02
1569 8.094792635206945162e-04 3.173572728994541308e+02
1570 8.604664295652421531e-04 3.377768648816842187e+02
1571 8.578258420563447846e-04 3.371692684332766703e+02
1572 8.429298939968106821e-04 3.317361896963709000e+02
1573 8.249514181531775398e-04 3.250737908007254191e+02
1574 8.250208711001435005e-04 3.255145106358316980e+02
1575 8.445006650002490761e-04 3.336237032939865799e+02
1576 8.230258789028094876e-04 3.255528707462312923e+02
1577 8.237520849025692111e-04 3.262536286253068170e+02
1578 8.334521659403556831e-04 3.305140608089855618e+02
1579 8.263017605035413151e-04 3.280938023240962593e+02
1580 7.954920011031595215e-04 3.162604653160636872e+02
1581 7.952883119372191169e-04 3.165797126534480412e+02
1582 8.489350164376649119e-04 3.383623037260482533e+02
1583 7.667160969200778348e-04 3.059784251117952749e+02
1584 7.924933153228832725e-04 3.166650862435521958e+02
1585 8.148980533012008991e-04 3.260287219331794404e+02
1586 8.074897865036330478e-04 3.234724361051534061e+02
1587 8.132084530432892415e-04 3.261740760448316792e+02
1588 7.579835298954874572e-04 3.044067623268608145e+02
1589 7.903450966848335566e-04 3.178029443033464645e+02
1590 7.731970414108197505e-04 3.112989237244903507e+02
1591 7.673796860340133426e-04 3.093454076395568677e+02
1592 7.723812306192208129e-04 3.117530294643707407e+02
1593 7.862278936213919645e-04 3.177405712949010876e+02
1594 7.791416781281238716e-04 3.152721239113801630e+02
1595 8.138055850237738012e-04 3.297117102341427426e+02
1596 7.850379136350965452e-04 3.184553625120239531e+02
1597 7.747736515445405184e-04 3.146854518398916412e+02
1598 7.737078533733675193e-04 3.146461162137469501e+02
1599 7.263480396870964154e-04 2.957558521490784074e+02
1600 7.459377914253698030e-04 3.041123495644520176e+02
1601 7.443817352659687836e-04 3.038573064512449946e+02
1602 7.342877652458835048e-04 3.001113757894972309e+02
1603 7.357967256770331539e-04 3.011035451174258810e+02
1604 7.485763263178468047e-04 3.067154272526549903e+02
1605 7.348002820195545992e-04 3.014463458172727428e+02
1606 7.568597587908304329e-04 3.108829929566509804e+02
1607 7.575488536912946625e-04 3.115535456892042703e+02
1608 7.541975404859896934e-04 3.105612971081030764e+02
1609 7.188140921001153144e-04 2.963593506173835408e+02
1610 7.284917270944933935e-04 3.007226725150369475e+02
1611 7.264979341572900358e-04 3.002721773924333775e+02
1612 7.510141134064211247e-04 3.107904283559868190e+02
1613 7.407614003671523454e-04 3.069279038781527902e+02
1614 6.910914751777896001e-04 2.867026614756645131e+02
1615 7.218457578053690590e-04 2.998323048658285188e+02
1616 7.212971630801262015e-04 2.999754628230384697e+02
1617 7.069635040611745415e-04 2.943782121693532758e+02
1618 6.954644518217821579e-04 2.899482112953801902e+02
1619 7.096121304956823838e-04 2.962122574189853026e+02
1620 6.980477140986950319e-04 2.917448982577113270e+02
1621 7.146188905308904380e-04 2.990394523631271113e+02
1622 7.030856758926933708e-04 2.945762650333796273e+02
1623 7.198436137181835450e-04 3.019693279421370562e+02
1624 6.940552322085117047e-04 2.915100650788288590e+02
1625 7.120293112797776523e-04 2.994276558387074374e+02
1626 7.258341986226904147e-04 3.056086571138656609e+02
1627 7.199937706317434665e-04 3.035224534511641536e+02
1628 6.908885198220280494e-04 2.916107922420513887e+02
1629 6.827980006736517581e-04 2.885499883597349822e+02
1630 7.258525782799467438e-04 3.071214297514959526e+02
1631 6.623007545179235072e-04 2.805753393832516167e+02
1632 6.931272261265383717e-04 2.939946511908741513e+02
1633 6.832923230606484941e-04 2.901782852036013765e+02
1634 6.977746970862860106e-04 2.966915365139125242e+02
1635 6.679817343307271936e-04 2.843713076312138242e+02
1636 6.595704747627149835e-04 2.811339644397872348e+02
1637 6.944505358253937055e-04 2.963630296463899754e+02
1638 6.914648603220439980e-04 2.954493896619444513e+02
1639 6.939315150246042974e-04 2.968653738405844820e+02
1640 6.870679565377423243e-04 2.942877978212371204e+02
1641 6.647210231489666379e-04 2.850632813090461468e+02
1642 6.693284280872104954e-04 2.873889852016478130e+02
1643 6.881311549896035372e-04 2.958221772592473826e+02
1644 6.980627624246512437e-04 3.004569945261397379e+02
1645 6.910400773714826719e-04 2.977961646552727188e+02
1646 6.837299336373895125e-04 2.950041702948784632e+02
1647 6.766180273399073890e-04 2.922903671672684709e+02
1648 6.667845109718790846e-04 2.883921916627407427e+02
1649 6.651549745960657917e-04 2.880365330880377428e+02
1650 6.542202163302327607e-04 2.836449850173207778e+02
1651 6.859958681755413392e-04 2.977822093690542147e+02
1652 6.677499111019402373e-04 2.902130029743800037e+02
1653 6.844960887427592759e-04 2.978512735000441580e+02
1654 6.608891360802265219e-04 2.879269042669700980e+02
1655 6.472219209842455887e-04 2.823135221519263496e+02
1656 6.729394100977461289e-04 2.938860255614225707e+02
1657 6.786684674040826702e-04 2.967459753860080127e+02
1658 6.607924005940832941e-04 2.892784512387369773e+02
1659 6.546076606232402234e-04 2.869166088157265904e+02
1660 6.883351814261852615e-04 3.020632003596129493e+02
1661 6.433636721218351706e-04 2.826684374061031804e+02
1662 6.561186248986472817e-04 2.886195640286068738e+02
1663 6.810575923284982024e-04 2.999504663949437600e+02
1664 6.272235622329062768e-04 2.765731754870129180e+02
1665 6.536809858679482749e-04 2.885859737126191362e+02
1666 6.628816435893940566e-04 2.929993934555789110e+02
1667 6.448791014653668194e-04 2.853843022591094609e+02
1668 6.176966906313381862e-04 2.736829794770061426e+02
1669 6.385582829235882107e-04 2.832653687420908000e+02
1670 6.212045044264029748e-04 2.758974260931565823e+02
1671 6.505352289344764564e-04 2.892701860099431883e+02
1672 6.779995926472594855e-04 3.018434656643011067e+02
1673 6.215545417508544284e-04 2.770452895520136849e+02
1674 6.550951606649984106e-04 2.923444058935696717e+02
1675 6.319045654329400255e-04 2.823322247893697750e+02
1676 6.583368300834709606e-04 2.944932606131205830e+02
1677 6.787827575069357118e-04 3.040016582255589697e+02
1678 6.251702955980707396e-04 2.803245405374495931e+02
1679 6.346344091624908038e-04 2.849073969802074657e+02
1680 6.323574298009684196e-04 2.842233489933382771e+02
1681 6.439460476919864861e-04 2.897766040574753674e+02
1682 6.541966288023315021e-04 2.947396346686296624e+02
1683 6.180204704580678429e-04 2.787720283846499569e+02
1684 6.432094683491713493e-04 2.904788742636620213e+02
1685 6.560197926249304069e-04 2.966159834465666449e+02
1686 6.059951822965868031e-04 2.743228322620655604e+02
1687 6.217425852762765515e-04 2.817852596826006106e+02
1688 6.168293623747003957e-04 2.798899228167555293e+02
1689 6.285784463672367635e-04 2.855590779799074426e+02
1690 6.227436627796079267e-04 2.832433749839218535e+02
1691 6.140766294633031707e-04 2.796318701705545777e+02
1692 6.395683746966445609e-04 2.915844966491860646e+02
1693 6.160515871910678511e-04 2.811949886394504006e+02
1694 6.327409422253768394e-04 2.891539817493501801e+02
1695 6.229293146754833008e-04 2.850062940906228164e+02
1696 6.326082402545890084e-04 2.897761690229226019e+02
1697 6.142111218086733146e-04 2.816808587096851966e+02
1698 6.356467313767192977e-04 2.918549170508727002e+02
1699 6.069229331490637444e-04 2.789947171876936522e+02
1700 6.300034093992099189e-04 2.899454289336345028e+02
1701 6.287672734881504400e-04 2.897169671138050830e+02
1702 6.317535378331413931e-04 2.914352084822650681e+02
1703 6.357879467591612656e-04 2.936409769814604260e+02
1704 6.387581806787796758e-04 2.953592527931835434e+02
1705 6.146046956602597977e-04 2.845243342361875420e+02
1706 6.419521984663430735e-04 2.975331567907138037e+02
1707 5.990161594543176550e-04 2.779585628006809088e+02
1708 6.182349025398850085e-04 2.872126607303122228e+02
1709 6.332278872268943702e-04 2.945224046214990494e+02
1710 6.168401946409355404e-04 2.872360310335204758e+02
1711 6.352089667515798928e-04 2.961355333527300786e+02
1712 6.033042125554966776e-04 2.815902495752355321e+02
1713 6.087582974373364130e-04 2.844678601813714067e+02
1714 6.015721561341607010e-04 2.814380417297764438e+02
1715 6.302806362065462020e-04 2.952130177345216566e+02
1716 5.852605523908597151e-04 2.744460365188581932e+02
1717 6.078203504959384974e-04 2.853571921181882090e+02
1718 6.226574358516386194e-04 2.926633548541315690e+02
1719 6.106574838266438064e-04 2.873572369761966456e+02
1720 6.107203582356590535e-04 2.877211889254356265e+02
1721 6.194198863143656093e-04 2.921590160691255278e+02
1722 6.100169587534063189e-04 2.880583475160233320e+02
1723 6.185083974119808545e-04 2.924073405904246670e+02
1724 6.130343736931616327e-04 2.901558421081253982e+02
1725 5.894663488446656892e-04 2.793245062702879409e+02
1726 6.354679435778452182e-04 3.014719484698763381e+02
1727 5.967609552380371066e-04 2.834370425459015337e+02
1728 6.061849524602225172e-04 2.882464813850621113e+02
1729 5.825897870005732190e-04 2.773473975359703445e+02
1730 5.835601556430627859e-04 2.781307033705534195e+02
1731 5.870403864597929225e-04 2.801128727352540295e+02
1732 6.001557638845732203e-04 2.867018949709986941e+02
1733 6.170597159426261359e-04 2.951175130236125028e+02
1734 6.055600152600065789e-04 2.899518574166263534e+02
1735 6.127174302055412572e-04 2.937173266198457213e+02
1736 5.814039885785101530e-04 2.790279303212606123e+02
1737 5.993957769343022293e-04 2.879939742178141842e+02
1738 5.980689018378823607e-04 2.876873107035545445e+02
1739 5.948598749956900437e-04 2.864729613016031067e+02
1740 5.976162055569844440e-04 2.881313517959324599e+02
1741 5.915041012307500944e-04 2.855122940991388418e+02
1742 5.990905144853565919e-04 2.895063625763892787e+02
1743 5.687541397993013496e-04 2.751620714024219296e+02
1744 5.740201453998828446e-04 2.780284111780734406e+02
1745 5.883046588527078482e-04 2.852739331759825632e+02
1746 5.954840533203239247e-04 2.890862342343203295e+02
1747 6.048347525215608559e-04 2.939620056105469530e+02
1748 5.763221418311843727e-04 2.804249651437681905e+02
1749 5.910446124020458372e-04 2.879176260076926610e+02
1750 5.676075565828644616e-04 2.768168325819727329e+02
1751 5.604113317152683432e-04 2.736196530329452230e+02
1752 5.756117134527852014e-04 2.813622139382206342e+02
1753 5.772417561540232238e-04 2.824810871975333271e+02
1754 5.709545695637464630e-04 2.797231399243783585e+02
1755 5.734468722712131837e-04 2.812645204031491062e+02
1756 5.755862308731900332e-04 2.826355592909220604e+02
1757 5.587210270366375561e-04 2.746665546637524926e+02
1758 5.732811292483855695e-04 2.821450842988732575e+02
1759 5.924227291801126673e-04 2.918974838780031860e+02
1760 5.802078955739828217e-04 2.862040597738463248e+02
1761 5.846998222020804471e-04 2.887475802505693423e+02
1762 5.636415220350596365e-04 2.786642953054634972e+02
1763 5.758318172171803841e-04 2.850143211494296338e+02
1764 5.706526592947745334e-04 2.827712603952215318e+02
1765 5.667564213578269589e-04 2.811590000042697852e+02
1766 5.603013427818179324e-04 2.782717015814141632e+02
1767 5.716952208645947279e-04 2.842519832850625789e+02
1768 5.638382513159974092e-04 2.806627399791727839e+02
1769 5.462160307447744322e-04 2.721984657036317685e+02
1770 5.683868736018877045e-04 2.835672026158028416e+02
1771 5.438733681825815925e-04 2.716440542602975370e+02
1772 5.715287587708112313e-04 2.857792376406553103e+02
1773 5.490236699191695545e-04 2.748359570218142949e+02
1774 5.325303204503486825e-04 2.668802554070768451e+02
1775 5.722265570839931998e-04 2.870975325986865982e+02
1776 5.658192249539300070e-04 2.842027136445183828e+02
1777 5.552055682244279268e-04 2.791856738705528755e+02
1778 5.260713476905914043e-04 2.648332347078008979e+02
1779 5.548224801577691847e-04 2.796212233482323768e+02
1780 5.410626842426362153e-04 2.729930785858477407e+02
1781 5.313360766825792145e-04 2.683867402025874753e+02
1782 5.113463028870352022e-04 2.585796211332967687e+02
1783 5.417133123356835571e-04 2.742431781005850553e+02
1784 5.565958248247604738e-04 2.820935436011484967e+02
1785 5.387272019493449630e-04 2.733434751835248449e+02
1786 5.088286968834099342e-04 2.584626158010798349e+02
1787 5.380502516220997703e-04 2.736119349858170153e+02
1788 5.394512030161341051e-04 2.746313758332839257e+02
1789 5.498994307181841699e-04 2.802636497082095275e+02
1790 5.447677975459611684e-04 2.779586386667592706e+02
1791 5.383203449725222373e-04 2.749758267109261283e+02
1792 5.178012421293911064e-04 2.647899602658878280e+02
1793 5.301296140752825457e-04 2.713969266718630138e+02
1794 5.583899288459431495e-04 2.861835060813648965e+02
1795 5.382170402888064847e-04 2.761521066140135190e+02
1796 5.288141883625854670e-04 2.716299414791217828e+02
1797 5.469120216324175211e-04 2.812388839379433989e+02
1798 5.256450669660248879e-04 2.706036033913588881e+02
1799 5.233929558354889029e-04 2.697439255292742359e+02
1800 5.115940474170692755e-04 2.639561785678291130e+02
1801 5.157674309598580609e-04 2.664051066676812525e+02
1802 5.306644008950193569e-04 2.744041020920097935e+02
1803 5.127812409799241888e-04 2.654510946669620353e+02
1804 5.050747617609109650e-04 2.617517167386173469e+02
1805 5.144909463274122000e-04 2.669271937038147371e+02
1806 5.234720531930368674e-04 2.718876812791673387e+02
1807 5.172384697115534492e-04 2.689475104245321404e+02
1808 5.150041188759137828e-04 2.680821063111737317e+02
1809 5.206325372851927213e-04 2.713117355554717847e+02
1810 5.202009160318977555e-04 2.713865183510782231e+02
1811 5.245984071685559592e-04 2.739830796181612982e+02
1812 4.902760486139930325e-04 2.563402516427669298e+02
1813 5.259360531962907568e-04 2.752885583251134562e+02
1814 5.081922221191780605e-04 2.662944147318907540e+02
1815 5.131529515914643813e-04 2.691903185842465973e+02
1816 4.922526594713670439e-04 2.585109682388649048e+02
1817 5.111460891815130603e-04 2.687286560433712452e+02
1818 4.906869584312677788e-04 2.582564785785386334e+02
1819 4.924830234798074479e-04 2.594869271178063741e+02
1820 4.948698463244740383e-04 2.610312225252058624e+02
1821 4.931375644899907125e-04 2.604033314319572128e+02
1822 4.776031128876734397e-04 2.524772909788928530e+02
1823 5.037899967264108632e-04 2.666129094236084711e+02
1824 5.319666984912937036e-04 2.818332834962502034e+02
1825 5.024740045950609182e-04 2.665000974425265099e+02
1826 4.942059995862818590e-04 2.624021961834954482e+02
1827 4.933659133483815759e-04 2.622430644243359552e+02
1828 4.809569994033650723e-04 2.559271014101323658e+02
1829 4.734813572327673361e-04 2.522248141467686366e+02
1830 4.609682180649419397e-04 2.458275479400238055e+02
1831 4.669857018743847317e-04 2.493087543816171490e+02
1832 4.778479068172623336e-04 2.553863927491649974e+02
1833 4.737053573533379935e-04 2.534487912544805397e+02
1834 4.724446384194932471e-04 2.530500667987276415e+02
1835 4.712872493728533971e-04 2.527054261089172371e+02
1836 4.774906938911587352e-04 2.563107825498494208e+02
1837 4.793604390549324572e-04 2.575947363414993561e+02
1838 4.786652703662879773e-04 2.575012171838178006e+02
1839 4.618568473507323499e-04 2.487293704366382769e+02
1840 4.638407722077546400e-04 2.500694645456407272e+02
1841 4.828223142213705957e-04 2.605858799001366037e+02
1842 4.595209540719842763e-04 2.482792430499788736e+02
1843 4.889441990494239158e-04 2.644634636220479820e+02
1844 4.808229857524890741e-04 2.603530320517805308e+02
1845 4.553395629826808991e-04 2.468218398085035972e+02
1846 4.729287692299223361e-04 2.566341563140888979e+02
1847 4.585292684223611073e-04 2.490898644720652158e+02
1848 4.600724330348758702e-04 2.501987993903444760e+02
1849 4.563148416001952231e-04 2.484238943480032447e+02
1850 4.827244373128544621e-04 2.630858945101340964e+02
1851 4.679440321168314696e-04 2.553062494198882177e+02
1852 4.592252367208631350e-04 2.508200672782097058e+02
1853 4.664060966148789590e-04 2.550172154970230167e+02
1854 4.810059297905103248e-04 2.632838413451470387e+02
1855 4.513407780225171242e-04 2.473127978674383769e+02
1856 4.539706821055499320e-04 2.490220556429644319e+02
1857 4.738766983306913158e-04 2.602214538607180430e+02
1858 4.318903005419380569e-04 2.374207550354886394e+02
1859 4.533511702886324824e-04 2.494865898293029147e+02
1860 4.579642456585375065e-04 2.522963815766849223e+02
1861 4.538186314163620508e-04 2.502813582549755154e+02
1862 4.569867909156198811e-04 2.522994537685421506e+02
1863 4.368446993571341416e-04 2.414381890479240269e+02
1864 4.557993991429729638e-04 2.521846359352292382e+02
1865 4.560114201544819882e-04 2.525726531337606673e+02
1866 4.347747775579407993e-04 2.410684805636224723e+02
1867 4.486284026885404598e-04 2.490164782787800561e+02
1868 4.599382981716255872e-04 2.555676495909393395e+02
1869 4.402363727742458700e-04 2.448820549951026635e+02
1870 4.558593692425305676e-04 2.538437125994351788e+02
1871 4.165649228561598902e-04 2.322108245662588786e+02
1872 4.489331846904974803e-04 2.505217649114251515e+02
1873 4.408614848581434006e-04 2.462802890449311519e+02
1874 4.471634162659910111e-04 2.500675019260127101e+02
1875 4.417082571482022746e-04 2.472804347730171912e+02
1876 4.289383750784876020e-04 2.403876437315943804e+02
1877 4.535808842995534278e-04 2.544689135324801157e+02
1878 4.283983994891742988e-04 2.405970728335562967e+02
1879 4.342112283373121594e-04 2.441213768712871399e+02
1880 4.276650699982477910e-04 2.406969331312414795e+02
1881 4.286010721038703173e-04 2.414803514960796065e+02
1882 4.359421401169925338e-04 2.458775758267290996e+02
1883 4.203675459754180831e-04 2.373452417688628771e+02
1884 4.389814715377928791e-04 2.481181730148304609e+02
1885 4.155845831320619356e-04 2.351432967686617701e+02
1886 4.318615318059888580e-04 2.446122717852275059e+02
1887 4.299763235963205746e-04 2.438027297027146858e+02
1888 4.106754323380662204e-04 2.331056513375010582e+02
1889 4.250582828609184667e-04 2.415251592721336635e+02
1890 4.191791522268827302e-04 2.384367203933138342e+02
1891 4.189137846976410994e-04 2.385379287783610494e+02
1892 4.305297747807801932e-04 2.454115902459216443e+02
1893 4.109533966052764326e-04 2.345002416541718446e+02
1894 4.224072552153930048e-04 2.412907590325015121e+02
1895 4.232507528882151118e-04 2.420278920199068295e+02
1896 4.154973257876111046e-04 2.378450013117680157e+02
1897 4.179228208789320361e-04 2.394857943139304268e+02
1898 4.277699513254946072e-04 2.453870156177959245e+02
1899 4.436076121727515606e-04 2.547403183623400196e+02
1900 4.170261653685370350e-04 2.397282163512620912e+02
1901 4.207342790814617441e-04 2.421144212641823685e+02
1902 4.287249122457716631e-04 2.469722467758328719e+02
1903 4.073782276313756782e-04 2.349219939492875255e+02
1904 4.130997207221254772e-04 2.384717600662687857e+02
1905 4.259790098284731543e-04 2.461649450938738823e+02
1906 4.158979959256903117e-04 2.405916489172437593e+02
1907 4.028273621529813477e-04 2.332749781947518386e+02
1908 4.179477234032513656e-04 2.422849256806483140e+02
1909 4.199652189101503235e-04 2.437096642348374473e+02
1910 4.136937943518141690e-04 2.403218133001193166e+02
1911 3.967350799123514236e-04 2.307115355725532027e+02
1912 4.241222430913652638e-04 2.468959916563306933e+02
1913 4.166355041041359280e-04 2.427914066285898116e+02
1914 4.214058485810353227e-04 2.458280307438348302e+02
1915 4.085238885615267578e-04 2.385623321922180935e+02
1916 4.010344748994343215e-04 2.344333845537215666e+02
1917 4.090943894452365678e-04 2.393946115133399246e+02
1918 4.036867651467627321e-04 2.364766261064283412e+02
1919 4.003756795659335426e-04 2.347815815907030981e+02
1920 3.932239865706365451e-04 2.308281266972915375e+02
1921 4.110065100619929150e-04 2.415180428419814689e+02
1922 4.309039389029401001e-04 2.534739094498871737e+02
1923 4.031882960592656612e-04 2.374173210914069330e+02
1924 4.134482458163298729e-04 2.437120971555922608e+02
1925 3.897883889620241721e-04 2.300043482475069823e+02
1926 3.867101653536958125e-04 2.284250441370939484e+02
1927 3.982471240504560075e-04 2.354840649726696427e+02
1928 4.193660900176137611e-04 2.482291037947591974e+02
1929 3.967145817370615682e-04 2.350649255373638482e+02
1930 3.907550496973675948e-04 2.317737852168072266e+02
1931 4.118243114541471741e-04 2.445240095643708003e+02
1932 3.988119083810473032e-04 2.370430494249500271e+02
1933 3.830905683121863664e-04 2.279344215639009690e+02
1934 3.912458594135426355e-04 2.330275800638355861e+02
1935 3.845808138454856126e-04 2.292947273016384031e+02
1936 4.225591164491523271e-04 2.521985475687572773e+02
1937 3.927213210838948333e-04 2.346324119806232034e+02
1938 3.989086155152809523e-04 2.385751082839102253e+02
1939 4.060316566487543084e-04 2.430857864090205567e+02
1940 3.900753242535049412e-04 2.337738208693516810e+02
1941 3.878636848805043155e-04 2.326880133742095040e+02
1942 3.817272246722037466e-04 2.292425826711027526e+02
1943 3.999133445322977697e-04 2.404114174278107328e+02
1944 3.944567460139352571e-04 2.373752229643958458e+02
1945 3.770321066186886139e-04 2.271228911485213473e+02
1946 3.951220778001265053e-04 2.382649806981339395e+02
1947 3.836713123156255435e-04 2.315977646163302666e+02
1948 3.717721328171351425e-04 2.246455169787177795e+02
1949 3.742301570562947544e-04 2.263629598469917141e+02
1950 3.903928061499567785e-04 2.363816820204364149e+02
1951 3.992465551055448831e-04 2.419905417864916330e+02
1952 4.047335247098190537e-04 2.455677705722097528e+02
1953 3.782151047995614408e-04 2.297131216411616492e+02
1954 3.875774484233556372e-04 2.356405089162031743e+02
1955 3.954557039258466090e-04 2.406764449506847541e+02
1956 3.801827716525503021e-04 2.316179642965014693e+02
1957 3.974324574056149295e-04 2.423745282733314923e+02
1958 3.818336326573859942e-04 2.330995495947406653e+02
1959 3.877784865696282568e-04 2.369705357043754645e+02
1960 3.681025648994545050e-04 2.251762800515010667e+02
1961 3.826883536200668826e-04 2.343375979187491396e+02
1962 3.877257852846456381e-04 2.376643919913779825e+02
1963 3.751732806595421774e-04 2.302045035690640873e+02
1964 4.006435358204141401e-04 2.460833950390599796e+02
1965 3.881566936272927708e-04 2.386565068422486320e+02
1966 3.666274694761906825e-04 2.256487885842934702e+02
1967 3.744374207706533796e-04 2.306900327517801088e+02
1968 3.809543811695196929e-04 2.349437597694342230e+02
1969 3.837150697003013249e-04 2.368868372562305922e+02
1970 3.784513900125067998e-04 2.338746156441923176e+02
1971 3.711575664172003038e-04 2.296000535576656887e+02
1972 3.770209359421096136e-04 2.334638239884799873e+02
1973 3.684884331741786418e-04 2.284116363750148935e+02
1974 3.889393479690747080e-04 2.413327500029267014e+02
1975 3.728072123416371767e-04 2.315573002792051511e+02
1976 3.703756703002594611e-04 2.302799845660296114e+02
1977 3.908205654757382851e-04 2.432374809111427965e+02
1978 3.623353031280613138e-04 2.257370594708671945e+02
1979 3.694862991375798657e-04 2.304249251748663312e+02
1980 3.891310619755833280e-04 2.429213560083472032e+02
1981 3.815102884225255527e-04 2.384045345843659618e+02
1982 3.624532148065974708e-04 2.267244996333103018e+02
1983 3.641616439688498690e-04 2.280230312009903457e+02
1984 3.797968150743796876e-04 2.380529836179434540e+02
1985 3.779519404112946946e-04 2.371354410487107032e+02
1986 3.740050945887681954e-04 2.348955346722054571e+02
1987 3.712883204217639374e-04 2.334240858642295677e+02
1988 3.630731007662277711e-04 2.284890379468052686e+02
1989 3.846733088944944367e-04 2.423260171761266974e+02
1990 3.641381759273200911e-04 2.296205117189994951e+02
1991 3.799899800981863221e-04 2.398572613521199344e+02
1992 3.603545631268739204e-04 2.276914853735881366e+02
1993 3.637495793106612532e-04 2.300673997329205349e+02
1994 3.650326482189855388e-04 2.311106158106290991e+02
1995 3.836103593875025541e-04 2.431161980122962802e+02
1996 3.835921022535774411e-04 2.433483413167595586e+02
1997 3.806174111228653842e-04 2.417031616669606819e+02
1998 3.717862988222078984e-04 2.363315975054456715e+02
1999 3.652166071431055608e-04 2.323878612476521255e+02
2000 3.725857201376075708e-04 2.373140340595858220e+02
