H0,ombh2,omch2,logA,ns,A_N,Chi_sq
66.41632176444747,0.021039811385216788,0.11799162461000258,3.0385560263389655,0.946714435516512,0.0006550091002570049,72.83285346780194
66.41632176444747,0.021039811385216788,0.11799162461000258,3.0385560263389655,0.946714435516512,0.0006550091002570049,72.83285346780194
66.41632176444747,0.021039811385216788,0.11799162461000258,3.0385560263389655,0.946714435516512,0.0006550091002570049,72.83285346780194
66.41632176444747,0.021039811385216788,0.11799162461000258,3.0385560263389655,0.946714435516512,0.0006550091002570049,72.83285346780194
66.41632176444747,0.021039811385216788,0.11799162461000258,3.0385560263389655,0.946714435516512,0.0006550091002570049,72.83285346780194
66.06331909955009,0.02106572809373915,0.1192075434041094,3.0386105815217705,0.946791043472816,0.0006599435168157192,72.6267883416789
66.06331909955009,0.02106572809373915,0.1192075434041094,3.0386105815217705,0.946791043472816,0.0006599435168157192,72.6267883416789
65.78060269944945,0.021006954674052423,0.1194970815180496,3.040119503744308,0.945407402062793,0.0006593650005594022,71.69097980699163
65.78060269944945,0.021006954674052423,0.1194970815180496,3.040119503744308,0.945407402062793,0.0006593650005594022,71.69097980699163
65.78060269944945,0.021006954674052423,0.1194970815180496,3.040119503744308,0.945407402062793,0.0006593650005594022,71.69097980699163
65.78060269944945,0.021006954674052423,0.1194970815180496,3.040119503744308,0.945407402062793,0.0006593650005594022,71.69097980699163
65.78060269944945,0.021006954674052423,0.1194970815180496,3.040119503744308,0.945407402062793,0.0006593650005594022,71.69097980699163
65.78060269944945,0.021006954674052423,0.1194970815180496,3.040119503744308,0.945407402062793,0.0006593650005594022,71.69097980699163
65.78060269944945,0.021006954674052423,0.1194970815180496,3.040119503744308,0.945407402062793,0.0006593650005594022,71.69097980699163
65.78060269944945,0.021006954674052423,0.1194970815180496,3.040119503744308,0.945407402062793,0.0006593650005594022,71.69097980699163
65.78060269944945,0.021006954674052423,0.1194970815180496,3.040119503744308,0.945407402062793,0.0006593650005594022,71.69097980699163
65.17499588672497,0.021128210392254387,0.12112438369577593,3.0458842400469637,0.9424106255849635,0.0006561665557769379,71.41354885788365
65.55141027450532,0.02102200930274794,0.1200667867193524,3.045207579007282,0.9425097001592834,0.0006654305198393666,74.86946163981078
65.76371323472259,0.020847194694547988,0.11951107826005748,3.042144923597751,0.9446300629473853,0.0006597965922844307,74.01045545510297
65.57095045398837,0.02097860188326896,0.12038812427088583,3.043496530119113,0.9471035378602327,0.00065933425505331,72.0376738218094
65.57095045398837,0.02097860188326896,0.12038812427088583,3.043496530119113,0.9471035378602327,0.00065933425505331,72.0376738218094
65.35743692294258,0.020836369499297867,0.12071315541497517,3.045063769960909,0.9403465168233324,0.0006595402814234625,72.7931861318249
65.35743692294258,0.020836369499297867,0.12071315541497517,3.045063769960909,0.9403465168233324,0.0006595402814234625,72.7931861318249
64.5249998942077,0.020888650297317107,0.12266436422716259,3.049601116876201,0.9351457027361896,0.0006685175528928148,72.47823939195719
64.5249998942077,0.020888650297317107,0.12266436422716259,3.049601116876201,0.9351457027361896,0.0006685175528928148,72.47823939195719
64.5249998942077,0.020888650297317107,0.12266436422716259,3.049601116876201,0.9351457027361896,0.0006685175528928148,72.47823939195719
64.5249998942077,0.020888650297317107,0.12266436422716259,3.049601116876201,0.9351457027361896,0.0006685175528928148,72.47823939195719
64.5249998942077,0.020888650297317107,0.12266436422716259,3.049601116876201,0.9351457027361896,0.0006685175528928148,72.47823939195719
64.5249998942077,0.020888650297317107,0.12266436422716259,3.049601116876201,0.9351457027361896,0.0006685175528928148,72.47823939195719
64.5249998942077,0.020888650297317107,0.12266436422716259,3.049601116876201,0.9351457027361896,0.0006685175528928148,72.47823939195719
64.5249998942077,0.020888650297317107,0.12266436422716259,3.049601116876201,0.9351457027361896,0.0006685175528928148,72.47823939195719
64.5249998942077,0.020888650297317107,0.12266436422716259,3.049601116876201,0.9351457027361896,0.0006685175528928148,72.47823939195719
64.5249998942077,0.020888650297317107,0.12266436422716259,3.049601116876201,0.9351457027361896,0.0006685175528928148,72.47823939195719
64.5249998942077,0.020888650297317107,0.12266436422716259,3.049601116876201,0.9351457027361896,0.0006685175528928148,72.47823939195719
64.5249998942077,0.020888650297317107,0.12266436422716259,3.049601116876201,0.9351457027361896,0.0006685175528928148,72.47823939195719
64.5249998942077,0.020888650297317107,0.12266436422716259,3.049601116876201,0.9351457027361896,0.0006685175528928148,72.47823939195719
65.62019554600745,0.021153659832804907,0.12105701873245242,3.045971655240226,0.9438982269935426,0.0006643030631135488,70.87927269684053
66.53406359774486,0.021263668158400206,0.1195322967810205,3.043582148748478,0.9467199988252208,0.0006663596618162809,72.9852518009827
65.38501407051545,0.021079139988288118,0.12151274319000364,3.045193219154813,0.941144886785156,0.0006696662318911681,72.52411335256976
65.43201308909653,0.021011225147712517,0.12081786031125581,3.0439065589961376,0.9396704960737055,0.0006652388476994089,71.3928395986104
66.0698865774538,0.021192005668846214,0.12033460764987522,3.0472736705192487,0.9439411908041655,0.0006609778496332161,73.41285763823569
65.53359489942211,0.021367944953870788,0.12206376325127494,3.051029420683703,0.9481011223044301,0.0006538706758866862,74.59083854527405
64.80489537747061,0.021193749374576718,0.12296616017744613,3.0513261390172883,0.934423246484791,0.0006584745497222051,73.7512690607478
65.4802036023938,0.02137621736594599,0.12177231750350606,3.0489279123449036,0.9361491609820181,0.0006596892658357513,76.62576064633824
65.4802036023938,0.02137621736594599,0.12177231750350606,3.0489279123449036,0.9361491609820181,0.0006596892658357513,76.62576064633824
65.4802036023938,0.02137621736594599,0.12177231750350606,3.0489279123449036,0.9361491609820181,0.0006596892658357513,76.62576064633824
65.4802036023938,0.02137621736594599,0.12177231750350606,3.0489279123449036,0.9361491609820181,0.0006596892658357513,76.62576064633824
65.4802036023938,0.02137621736594599,0.12177231750350606,3.0489279123449036,0.9361491609820181,0.0006596892658357513,76.62576064633824
66.2239227227234,0.02124941822268955,0.11987204583631356,3.0416191517511715,0.9431689215761498,0.0006579366274213393,74.71316580139111
66.2239227227234,0.02124941822268955,0.11987204583631356,3.0416191517511715,0.9431689215761498,0.0006579366274213393,74.71316580139111
66.2239227227234,0.02124941822268955,0.11987204583631356,3.0416191517511715,0.9431689215761498,0.0006579366274213393,74.71316580139111
65.8736706605695,0.021250978592042835,0.12118637722480101,3.047033246953807,0.9435590176123202,0.0006499867561197697,73.56419680804203
65.8736706605695,0.021250978592042835,0.12118637722480101,3.047033246953807,0.9435590176123202,0.0006499867561197697,73.56419680804203
65.21745908733249,0.02122643258276459,0.12229075305213988,3.0484117284238814,0.9391077414826919,0.000647491001114273,73.54220088147851
65.23105100620069,0.021034441031740504,0.12151896430606908,3.045744932538554,0.9413921508963373,0.0006462390249137147,70.8542764375251
65.23105100620069,0.021034441031740504,0.12151896430606908,3.045744932538554,0.9413921508963373,0.0006462390249137147,70.8542764375251
65.66570463330982,0.021116033043159534,0.1209287046810043,3.0470373289378987,0.9479814709965578,0.0006342065493736823,70.06236157323009
65.66570463330982,0.021116033043159534,0.1209287046810043,3.0470373289378987,0.9479814709965578,0.0006342065493736823,70.06236157323009
65.66570463330982,0.021116033043159534,0.1209287046810043,3.0470373289378987,0.9479814709965578,0.0006342065493736823,70.06236157323009
65.66570463330982,0.021116033043159534,0.1209287046810043,3.0470373289378987,0.9479814709965578,0.0006342065493736823,70.06236157323009
65.80019133646319,0.021279520994282042,0.12046314028906469,3.046032206570673,0.9498082317913679,0.0006315560534884126,68.69572250030183
65.80019133646319,0.021279520994282042,0.12046314028906469,3.046032206570673,0.9498082317913679,0.0006315560534884126,68.69572250030183
65.80019133646319,0.021279520994282042,0.12046314028906469,3.046032206570673,0.9498082317913679,0.0006315560534884126,68.69572250030183
65.80019133646319,0.021279520994282042,0.12046314028906469,3.046032206570673,0.9498082317913679,0.0006315560534884126,68.69572250030183
65.80019133646319,0.021279520994282042,0.12046314028906469,3.046032206570673,0.9498082317913679,0.0006315560534884126,68.69572250030183
65.80019133646319,0.021279520994282042,0.12046314028906469,3.046032206570673,0.9498082317913679,0.0006315560534884126,68.69572250030183
65.80019133646319,0.021279520994282042,0.12046314028906469,3.046032206570673,0.9498082317913679,0.0006315560534884126,68.69572250030183
65.80019133646319,0.021279520994282042,0.12046314028906469,3.046032206570673,0.9498082317913679,0.0006315560534884126,68.69572250030183
65.80019133646319,0.021279520994282042,0.12046314028906469,3.046032206570673,0.9498082317913679,0.0006315560534884126,68.69572250030183
66.92854253963046,0.021237883363761895,0.11736050753115236,3.03744409879316,0.9548090526395298,0.0006380653673395413,70.06216775899424
66.92854253963046,0.021237883363761895,0.11736050753115236,3.03744409879316,0.9548090526395298,0.0006380653673395413,70.06216775899424
66.92854253963046,0.021237883363761895,0.11736050753115236,3.03744409879316,0.9548090526395298,0.0006380653673395413,70.06216775899424
67.25196238803022,0.021259774399252116,0.11654491584536072,3.0362493813238562,0.9556094026720452,0.000631772770928303,70.56495312907161
67.54545564308597,0.021372201684325694,0.11585939737907575,3.0345956806620156,0.9554833774411514,0.0006241640507666232,71.30302704147218
67.54545564308597,0.021372201684325694,0.11585939737907575,3.0345956806620156,0.9554833774411514,0.0006241640507666232,71.30302704147218
67.1853708473034,0.021367222209946884,0.11630693250164996,3.0323921413164627,0.9552555046238705,0.0006227844722614122,74.78304493105519
67.1853708473034,0.021367222209946884,0.11630693250164996,3.0323921413164627,0.9552555046238705,0.0006227844722614122,74.78304493105519
66.59159765214095,0.02123542111520144,0.11836946873728413,3.0374691357114307,0.9542844695156769,0.0006221276358211356,73.96896478080644
66.59159765214095,0.02123542111520144,0.11836946873728413,3.0374691357114307,0.9542844695156769,0.0006221276358211356,73.96896478080644
66.63613196515867,0.02121226493438382,0.11900438391051547,3.0433079313822233,0.954294025263069,0.0006181785351726245,72.01360236931733
66.87792241668745,0.02129710797055147,0.11770449166380133,3.0395900637569166,0.9506687379377027,0.0006159020163454522,70.13898979001343
66.87792241668745,0.02129710797055147,0.11770449166380133,3.0395900637569166,0.9506687379377027,0.0006159020163454522,70.13898979001343
66.57835124977105,0.021420701579506353,0.1188849077790979,3.041696661736332,0.9516128686024811,0.0006082306985462047,70.1596489159534
68.0768618308562,0.021635186171889052,0.115430080508593,3.0353684186722294,0.9630765249817046,0.0005945263077180961,69.68477994941117
68.0768618308562,0.021635186171889052,0.115430080508593,3.0353684186722294,0.9630765249817046,0.0005945263077180961,69.68477994941117
67.83877091284106,0.021576557260276304,0.11670412508140997,3.0394089210567907,0.9605217038945678,0.0005960406800182976,71.61606564827049
67.83877091284106,0.021576557260276304,0.11670412508140997,3.0394089210567907,0.9605217038945678,0.0005960406800182976,71.61606564827049
68.11161850034549,0.021701773868828673,0.11634209036836893,3.040536141459207,0.9588113498213559,0.0006047845437768368,72.94143971514222
68.11161850034549,0.021701773868828673,0.11634209036836893,3.040536141459207,0.9588113498213559,0.0006047845437768368,72.94143971514222
68.61464236700772,0.021597151506524807,0.1142964891098849,3.032679758468685,0.9637766331237222,0.000593656385995718,73.4876272679345
68.61464236700772,0.021597151506524807,0.1142964891098849,3.032679758468685,0.9637766331237222,0.000593656385995718,73.4876272679345
68.61464236700772,0.021597151506524807,0.1142964891098849,3.032679758468685,0.9637766331237222,0.000593656385995718,73.4876272679345
68.55708311139395,0.021695942999843915,0.1147370104430374,3.0367045029687203,0.9678620166614147,0.000588790341760007,70.39821893731663
67.5626810564485,0.021487411622930983,0.11634070156432579,3.036793092330931,0.9645010865821999,0.0005875083078703003,69.81646939212807
67.5626810564485,0.021487411622930983,0.11634070156432579,3.036793092330931,0.9645010865821999,0.0005875083078703003,69.81646939212807
67.5626810564485,0.021487411622930983,0.11634070156432579,3.036793092330931,0.9645010865821999,0.0005875083078703003,69.81646939212807
67.5626810564485,0.021487411622930983,0.11634070156432579,3.036793092330931,0.9645010865821999,0.0005875083078703003,69.81646939212807
67.82747592892716,0.021641390442739536,0.1162035040505061,3.0393601416854095,0.9637209031389573,0.0005902674404177876,68.33546321245821
67.82747592892716,0.021641390442739536,0.1162035040505061,3.0393601416854095,0.9637209031389573,0.0005902674404177876,68.33546321245821
67.82747592892716,0.021641390442739536,0.1162035040505061,3.0393601416854095,0.9637209031389573,0.0005902674404177876,68.33546321245821
67.82747592892716,0.021641390442739536,0.1162035040505061,3.0393601416854095,0.9637209031389573,0.0005902674404177876,68.33546321245821
67.82747592892716,0.021641390442739536,0.1162035040505061,3.0393601416854095,0.9637209031389573,0.0005902674404177876,68.33546321245821
67.82747592892716,0.021641390442739536,0.1162035040505061,3.0393601416854095,0.9637209031389573,0.0005902674404177876,68.33546321245821
67.00412800381527,0.021575685279981417,0.11691576814554598,3.0376871115170174,0.9619923869075461,0.0005982086287386686,72.26245852480915
67.535718027092,0.021659295662741343,0.11616616513448484,3.03612761354671,0.9641475506178925,0.0006021694859420718,70.80402773649887
67.535718027092,0.021659295662741343,0.11616616513448484,3.03612761354671,0.9641475506178925,0.0006021694859420718,70.80402773649887
67.535718027092,0.021659295662741343,0.11616616513448484,3.03612761354671,0.9641475506178925,0.0006021694859420718,70.80402773649887
67.0554088155001,0.02146872652341683,0.11730899512997711,3.037509623239893,0.9567776884561463,0.0006072409073737646,69.66013405013264
67.0554088155001,0.02146872652341683,0.11730899512997711,3.037509623239893,0.9567776884561463,0.0006072409073737646,69.66013405013264
66.14582643954456,0.021384410557221793,0.12022807911070812,3.047056987610133,0.9538687820111098,0.0005991920513288725,68.7248975603894
66.14582643954456,0.021384410557221793,0.12022807911070812,3.047056987610133,0.9538687820111098,0.0005991920513288725,68.7248975603894
65.22447841540239,0.021282468768907714,0.12152810916225477,3.04872691296004,0.9487202410576486,0.0006084502310879156,68.59851977659099
65.22447841540239,0.021282468768907714,0.12152810916225477,3.04872691296004,0.9487202410576486,0.0006084502310879156,68.59851977659099
65.22447841540239,0.021282468768907714,0.12152810916225477,3.04872691296004,0.9487202410576486,0.0006084502310879156,68.59851977659099
65.74495289931038,0.021388038185794787,0.1206502826841553,3.0474844450096565,0.9516986122167642,0.0006063629378980426,68.1000759495666
65.74495289931038,0.021388038185794787,0.1206502826841553,3.0474844450096565,0.9516986122167642,0.0006063629378980426,68.1000759495666
64.70687465215002,0.021250150021939255,0.1227722265766262,3.0528200428314785,0.9440941218168706,0.0006061683081956579,68.9498532860354
64.70687465215002,0.021250150021939255,0.1227722265766262,3.0528200428314785,0.9440941218168706,0.0006061683081956579,68.9498532860354
65.1842940664325,0.02114208929506795,0.1205309734762809,3.045148526459178,0.9414593688461719,0.0006070631545154412,70.7829968307537
65.1842940664325,0.02114208929506795,0.1205309734762809,3.045148526459178,0.9414593688461719,0.0006070631545154412,70.7829968307537
64.92420583327102,0.020861435376621846,0.12057077032367705,3.0442596426847137,0.9433251619791542,0.0006056711247816804,70.91929872326298
64.92420583327102,0.020861435376621846,0.12057077032367705,3.0442596426847137,0.9433251619791542,0.0006056711247816804,70.91929872326298
64.92420583327102,0.020861435376621846,0.12057077032367705,3.0442596426847137,0.9433251619791542,0.0006056711247816804,70.91929872326298
64.92420583327102,0.020861435376621846,0.12057077032367705,3.0442596426847137,0.9433251619791542,0.0006056711247816804,70.91929872326298
64.49229928993144,0.021084001737498907,0.12257666820026424,3.051389071466011,0.9413658680689553,0.0005993714283612656,67.78637306054686
64.49229928993144,0.021084001737498907,0.12257666820026424,3.051389071466011,0.9413658680689553,0.0005993714283612656,67.78637306054686
64.49229928993144,0.021084001737498907,0.12257666820026424,3.051389071466011,0.9413658680689553,0.0005993714283612656,67.78637306054686
63.97348177427398,0.02107915756354168,0.12388621875423597,3.0543393861542327,0.9378939852085535,0.000589087837059475,68.65151233220647
63.97348177427398,0.02107915756354168,0.12388621875423597,3.0543393861542327,0.9378939852085535,0.000589087837059475,68.65151233220647
63.97348177427398,0.02107915756354168,0.12388621875423597,3.0543393861542327,0.9378939852085535,0.000589087837059475,68.65151233220647
63.97348177427398,0.02107915756354168,0.12388621875423597,3.0543393861542327,0.9378939852085535,0.000589087837059475,68.65151233220647
65.10108675806526,0.021175970767085932,0.12141983915598771,3.0495386524351766,0.9392668797128426,0.0005902381722548066,70.09257467286216
65.09968109098578,0.021271278558512036,0.12137102078974987,3.0489429773644168,0.9414616001437289,0.0005868189646501507,69.84994502954257
65.5677900259847,0.02130629539753938,0.12148050847753376,3.0511348680302186,0.9475577355095869,0.0005778884210322413,68.93422000413082
65.5677900259847,0.02130629539753938,0.12148050847753376,3.0511348680302186,0.9475577355095869,0.0005778884210322413,68.93422000413082
65.89804341131926,0.02132906752573996,0.12049180323580154,3.0502318743927277,0.950419505341111,0.0005696716970592741,67.6931719146995
65.89804341131926,0.02132906752573996,0.12049180323580154,3.0502318743927277,0.950419505341111,0.0005696716970592741,67.6931719146995
65.354719653321,0.02126873995844317,0.12074254808974645,3.0480482495604173,0.9501009185881815,0.0005700816231437182,66.62132005195518
65.354719653321,0.02126873995844317,0.12074254808974645,3.0480482495604173,0.9501009185881815,0.0005700816231437182,66.62132005195518
65.354719653321,0.02126873995844317,0.12074254808974645,3.0480482495604173,0.9501009185881815,0.0005700816231437182,66.62132005195518
65.354719653321,0.02126873995844317,0.12074254808974645,3.0480482495604173,0.9501009185881815,0.0005700816231437182,66.62132005195518
65.354719653321,0.02126873995844317,0.12074254808974645,3.0480482495604173,0.9501009185881815,0.0005700816231437182,66.62132005195518
65.354719653321,0.02126873995844317,0.12074254808974645,3.0480482495604173,0.9501009185881815,0.0005700816231437182,66.62132005195518
65.04404220730035,0.021281608571942452,0.12156499436398092,3.0503197268364226,0.9473507084619156,0.000567278843926003,66.91266276505081
65.04404220730035,0.021281608571942452,0.12156499436398092,3.0503197268364226,0.9473507084619156,0.000567278843926003,66.91266276505081
66.60763989079051,0.02121744021168203,0.11743755446095722,3.043753240765575,0.9573860572665974,0.0005615278880831346,72.1635324933731
65.810886470449,0.02127171306830695,0.11873305447498347,3.045502084158758,0.9518233344264285,0.0005579448147978752,72.34590913193354
64.77350882515591,0.021054558285563497,0.12095549801782915,3.050792194726762,0.9456955918349318,0.0005626222520109487,72.15076907623158
64.90787942879734,0.020793263662805872,0.12032410599170865,3.045923131375546,0.9433615872941944,0.0005671819612510079,71.9516578578381
64.90787942879734,0.020793263662805872,0.12032410599170865,3.045923131375546,0.9433615872941944,0.0005671819612510079,71.9516578578381
64.35023195689602,0.02102436498281302,0.1219216995312328,3.0496926390984864,0.9443468696790016,0.0005635772654897215,69.73915631312674
63.72572208962597,0.020774387261898702,0.12362881622112863,3.0522618347745456,0.9394019255465375,0.0005698477546307095,69.07417148352953
63.72572208962597,0.020774387261898702,0.12362881622112863,3.0522618347745456,0.9394019255465375,0.0005698477546307095,69.07417148352953
63.72572208962597,0.020774387261898702,0.12362881622112863,3.0522618347745456,0.9394019255465375,0.0005698477546307095,69.07417148352953
63.80347918990505,0.020837942805145917,0.12324013275622454,3.053201397178111,0.939011870922242,0.0005640393682740975,68.19405933804921
63.80347918990505,0.020837942805145917,0.12324013275622454,3.053201397178111,0.939011870922242,0.0005640393682740975,68.19405933804921
63.492025683349276,0.020842715481392632,0.12386323658518256,3.0544934484511392,0.9384014261774013,0.0005653585571151685,69.28467957060394
63.492025683349276,0.020842715481392632,0.12386323658518256,3.0544934484511392,0.9384014261774013,0.0005653585571151685,69.28467957060394
63.492025683349276,0.020842715481392632,0.12386323658518256,3.0544934484511392,0.9384014261774013,0.0005653585571151685,69.28467957060394
63.492025683349276,0.020842715481392632,0.12386323658518256,3.0544934484511392,0.9384014261774013,0.0005653585571151685,69.28467957060394
63.60214997073336,0.02077005080747941,0.12382146834470652,3.0533378249210967,0.9368298543629693,0.0005684016538883423,68.63161425897577
63.60214997073336,0.02077005080747941,0.12382146834470652,3.0533378249210967,0.9368298543629693,0.0005684016538883423,68.63161425897577
64.01190003887554,0.020881790329877324,0.1231213822788742,3.051206148382069,0.9437485670205434,0.0005729302297209238,69.19081017102609
64.28343345506111,0.02088948233637449,0.12325422844900895,3.0542857544503597,0.9450490001102646,0.0005790771482032374,68.34176411213532
64.28343345506111,0.02088948233637449,0.12325422844900895,3.0542857544503597,0.9450490001102646,0.0005790771482032374,68.34176411213532
64.28343345506111,0.02088948233637449,0.12325422844900895,3.0542857544503597,0.9450490001102646,0.0005790771482032374,68.34176411213532
64.28343345506111,0.02088948233637449,0.12325422844900895,3.0542857544503597,0.9450490001102646,0.0005790771482032374,68.34176411213532
65.04200598563976,0.021051945952080875,0.12237955675301855,3.055593754388177,0.9502183681401289,0.0005800054526585307,72.90151052576121
65.04200598563976,0.021051945952080875,0.12237955675301855,3.055593754388177,0.9502183681401289,0.0005800054526585307,72.90151052576121
65.04200598563976,0.021051945952080875,0.12237955675301855,3.055593754388177,0.9502183681401289,0.0005800054526585307,72.90151052576121
65.04200598563976,0.021051945952080875,0.12237955675301855,3.055593754388177,0.9502183681401289,0.0005800054526585307,72.90151052576121
65.04200598563976,0.021051945952080875,0.12237955675301855,3.055593754388177,0.9502183681401289,0.0005800054526585307,72.90151052576121
65.04584035082178,0.020922328622603212,0.12147264750074681,3.05136501326423,0.9517998592811339,0.0005742983143511104,71.27449250003579
65.04584035082178,0.020922328622603212,0.12147264750074681,3.05136501326423,0.9517998592811339,0.0005742983143511104,71.27449250003579
64.31470927678865,0.020917503359775994,0.12336782544487204,3.0546934663340184,0.9456228655964224,0.0005784527838348248,68.68655262469927
64.31470927678865,0.020917503359775994,0.12336782544487204,3.0546934663340184,0.9456228655964224,0.0005784527838348248,68.68655262469927
64.45327226363247,0.02080770878713573,0.12216108135402537,3.051278393803859,0.9458566770947281,0.0005776595255433597,69.25084106306099
64.45327226363247,0.02080770878713573,0.12216108135402537,3.051278393803859,0.9458566770947281,0.0005776595255433597,69.25084106306099
63.03800755588328,0.02067194007863189,0.12602139905593995,3.060519974660491,0.9364668648548358,0.0005844824041452372,70.23942172050216
63.03800755588328,0.02067194007863189,0.12602139905593995,3.060519974660491,0.9364668648548358,0.0005844824041452372,70.23942172050216
63.03800755588328,0.02067194007863189,0.12602139905593995,3.060519974660491,0.9364668648548358,0.0005844824041452372,70.23942172050216
63.03800755588328,0.02067194007863189,0.12602139905593995,3.060519974660491,0.9364668648548358,0.0005844824041452372,70.23942172050216
63.03800755588328,0.02067194007863189,0.12602139905593995,3.060519974660491,0.9364668648548358,0.0005844824041452372,70.23942172050216
63.03800755588328,0.02067194007863189,0.12602139905593995,3.060519974660491,0.9364668648548358,0.0005844824041452372,70.23942172050216
63.662513523273454,0.02104394771697195,0.12573342533163248,3.0622223487103715,0.9438192862075141,0.000581483040074873,73.67366123198349
63.662513523273454,0.02104394771697195,0.12573342533163248,3.0622223487103715,0.9438192862075141,0.000581483040074873,73.67366123198349
63.662513523273454,0.02104394771697195,0.12573342533163248,3.0622223487103715,0.9438192862075141,0.000581483040074873,73.67366123198349
63.662513523273454,0.02104394771697195,0.12573342533163248,3.0622223487103715,0.9438192862075141,0.000581483040074873,73.67366123198349
63.662513523273454,0.02104394771697195,0.12573342533163248,3.0622223487103715,0.9438192862075141,0.000581483040074873,73.67366123198349
63.85824726733132,0.02079508190500702,0.1247496765519356,3.059864000742402,0.9427128163720834,0.000591510965410045,74.63152181947319
63.85824726733132,0.02079508190500702,0.1247496765519356,3.059864000742402,0.9427128163720834,0.000591510965410045,74.63152181947319
63.85824726733132,0.02079508190500702,0.1247496765519356,3.059864000742402,0.9427128163720834,0.000591510965410045,74.63152181947319
63.85824726733132,0.02079508190500702,0.1247496765519356,3.059864000742402,0.9427128163720834,0.000591510965410045,74.63152181947319
63.85824726733132,0.02079508190500702,0.1247496765519356,3.059864000742402,0.9427128163720834,0.000591510965410045,74.63152181947319
63.85824726733132,0.02079508190500702,0.1247496765519356,3.059864000742402,0.9427128163720834,0.000591510965410045,74.63152181947319
63.85824726733132,0.02079508190500702,0.1247496765519356,3.059864000742402,0.9427128163720834,0.000591510965410045,74.63152181947319
63.85824726733132,0.02079508190500702,0.1247496765519356,3.059864000742402,0.9427128163720834,0.000591510965410045,74.63152181947319
62.740183806702944,0.020685587386599175,0.1272718216129018,3.06612913533392,0.9286304365611109,0.0005978568107597916,74.63995191404992
62.740183806702944,0.020685587386599175,0.1272718216129018,3.06612913533392,0.9286304365611109,0.0005978568107597916,74.63995191404992
62.740183806702944,0.020685587386599175,0.1272718216129018,3.06612913533392,0.9286304365611109,0.0005978568107597916,74.63995191404992
62.740183806702944,0.020685587386599175,0.1272718216129018,3.06612913533392,0.9286304365611109,0.0005978568107597916,74.63995191404992
62.46039208957562,0.02068118360315696,0.12832096140711174,3.067164181942893,0.9252073370745727,0.0005956046132872979,74.59166544352297
62.46039208957562,0.02068118360315696,0.12832096140711174,3.067164181942893,0.9252073370745727,0.0005956046132872979,74.59166544352297
63.319190638351934,0.020923305754950102,0.126521900470245,3.0642784247976587,0.9372710447827178,0.0005919166261048261,73.47620299265624
63.319190638351934,0.020923305754950102,0.126521900470245,3.0642784247976587,0.9372710447827178,0.0005919166261048261,73.47620299265624
63.319190638351934,0.020923305754950102,0.126521900470245,3.0642784247976587,0.9372710447827178,0.0005919166261048261,73.47620299265624
63.319190638351934,0.020923305754950102,0.126521900470245,3.0642784247976587,0.9372710447827178,0.0005919166261048261,73.47620299265624
62.49325544908654,0.020833658740462176,0.12802984585591706,3.0656817148961637,0.9352327722260456,0.000586714007268498,73.92500674367824
62.49325544908654,0.020833658740462176,0.12802984585591706,3.0656817148961637,0.9352327722260456,0.000586714007268498,73.92500674367824
63.09985053829058,0.020998631575702253,0.126537031272549,3.061898228263227,0.9318543789014074,0.0005897477202922348,70.75620922238086
63.05228662727636,0.021041685232748047,0.12691392231052956,3.0628688441697274,0.9312731520705737,0.0005907729814138204,72.19339273319109
63.05228662727636,0.021041685232748047,0.12691392231052956,3.0628688441697274,0.9312731520705737,0.0005907729814138204,72.19339273319109
63.05228662727636,0.021041685232748047,0.12691392231052956,3.0628688441697274,0.9312731520705737,0.0005907729814138204,72.19339273319109
63.032204968570596,0.02081224486748483,0.1261468169022797,3.059286129049984,0.9298038230145418,0.0005980572930689035,69.85180798162537
63.032204968570596,0.02081224486748483,0.1261468169022797,3.059286129049984,0.9298038230145418,0.0005980572930689035,69.85180798162537
63.032204968570596,0.02081224486748483,0.1261468169022797,3.059286129049984,0.9298038230145418,0.0005980572930689035,69.85180798162537
63.032204968570596,0.02081224486748483,0.1261468169022797,3.059286129049984,0.9298038230145418,0.0005980572930689035,69.85180798162537
63.032204968570596,0.02081224486748483,0.1261468169022797,3.059286129049984,0.9298038230145418,0.0005980572930689035,69.85180798162537
63.032204968570596,0.02081224486748483,0.1261468169022797,3.059286129049984,0.9298038230145418,0.0005980572930689035,69.85180798162537
62.94051115905215,0.020741241124453406,0.12658898418870235,3.0610738588042974,0.9352654681804565,0.0005942495386172655,70.68834421515642
62.94051115905215,0.020741241124453406,0.12658898418870235,3.0610738588042974,0.9352654681804565,0.0005942495386172655,70.68834421515642
62.61755234230403,0.020488782201318743,0.1258685877641517,3.059042555952416,0.9332555220052657,0.0005926884331374181,73.28156936707585
62.78649265589893,0.020511743844271086,0.12547037353103074,3.059116743299104,0.9338248694072292,0.0005959216672755786,74.8391848839541
62.78649265589893,0.020511743844271086,0.12547037353103074,3.059116743299104,0.9338248694072292,0.0005959216672755786,74.8391848839541
62.78649265589893,0.020511743844271086,0.12547037353103074,3.059116743299104,0.9338248694072292,0.0005959216672755786,74.8391848839541
63.23082433416863,0.02063652249717118,0.12460882240954928,3.056895635322869,0.9388357233433983,0.0005851800542928482,72.24136437463977
63.23082433416863,0.02063652249717118,0.12460882240954928,3.056895635322869,0.9388357233433983,0.0005851800542928482,72.24136437463977
63.08905387161056,0.020664666659231196,0.1255342642577325,3.0579311000106753,0.9384976267031396,0.0005829930882639557,70.5896336411646
63.08905387161056,0.020664666659231196,0.1255342642577325,3.0579311000106753,0.9384976267031396,0.0005829930882639557,70.5896336411646
63.61589334269309,0.0209869214002747,0.12460213551599462,3.056348864417811,0.9451981111499052,0.0005835962917812652,72.68379263834944
63.61589334269309,0.0209869214002747,0.12460213551599462,3.056348864417811,0.9451981111499052,0.0005835962917812652,72.68379263834944
63.61589334269309,0.0209869214002747,0.12460213551599462,3.056348864417811,0.9451981111499052,0.0005835962917812652,72.68379263834944
63.33124830248011,0.020888057664723042,0.12522928185200743,3.0578221958189378,0.9408642071048112,0.000587910863040529,70.85814585939349
63.33124830248011,0.020888057664723042,0.12522928185200743,3.0578221958189378,0.9408642071048112,0.000587910863040529,70.85814585939349
63.33124830248011,0.020888057664723042,0.12522928185200743,3.0578221958189378,0.9408642071048112,0.000587910863040529,70.85814585939349
63.33124830248011,0.020888057664723042,0.12522928185200743,3.0578221958189378,0.9408642071048112,0.000587910863040529,70.85814585939349
63.33124830248011,0.020888057664723042,0.12522928185200743,3.0578221958189378,0.9408642071048112,0.000587910863040529,70.85814585939349
63.33124830248011,0.020888057664723042,0.12522928185200743,3.0578221958189378,0.9408642071048112,0.000587910863040529,70.85814585939349
63.214727455951056,0.020804964326818703,0.12508596610001282,3.0544552686790833,0.9376126127763496,0.0005969925556466437,71.87106236309621
63.214727455951056,0.020804964326818703,0.12508596610001282,3.0544552686790833,0.9376126127763496,0.0005969925556466437,71.87106236309621
63.47142319729609,0.020917647214393167,0.1254561158477223,3.0576190811726307,0.9364646739128982,0.0005976789286532848,69.34359391007182
63.47142319729609,0.020917647214393167,0.1254561158477223,3.0576190811726307,0.9364646739128982,0.0005976789286532848,69.34359391007182
63.47142319729609,0.020917647214393167,0.1254561158477223,3.0576190811726307,0.9364646739128982,0.0005976789286532848,69.34359391007182
63.47142319729609,0.020917647214393167,0.1254561158477223,3.0576190811726307,0.9364646739128982,0.0005976789286532848,69.34359391007182
64.4688425662009,0.02095125332571423,0.1221480481045363,3.0493459271802963,0.9454230600862689,0.0005784376290350803,68.24710638747938
65.01529725654149,0.02115689024319709,0.12136495568159464,3.0473666915089606,0.9460030040426383,0.0005850677998008189,68.09961702170466
65.01529725654149,0.02115689024319709,0.12136495568159464,3.0473666915089606,0.9460030040426383,0.0005850677998008189,68.09961702170466
65.01529725654149,0.02115689024319709,0.12136495568159464,3.0473666915089606,0.9460030040426383,0.0005850677998008189,68.09961702170466
65.01529725654149,0.02115689024319709,0.12136495568159464,3.0473666915089606,0.9460030040426383,0.0005850677998008189,68.09961702170466
64.73220525650108,0.021346769991863863,0.12321982040270234,3.055043090787568,0.9436375750970276,0.0005766206307361501,69.18460323776792
64.73220525650108,0.021346769991863863,0.12321982040270234,3.055043090787568,0.9436375750970276,0.0005766206307361501,69.18460323776792
64.73220525650108,0.021346769991863863,0.12321982040270234,3.055043090787568,0.9436375750970276,0.0005766206307361501,69.18460323776792
64.75434325606376,0.021236175637694688,0.12298885708635021,3.055313314801735,0.9394592034557233,0.0005788704067979063,69.76823970989668
64.75434325606376,0.021236175637694688,0.12298885708635021,3.055313314801735,0.9394592034557233,0.0005788704067979063,69.76823970989668
64.75434325606376,0.021236175637694688,0.12298885708635021,3.055313314801735,0.9394592034557233,0.0005788704067979063,69.76823970989668
64.75434325606376,0.021236175637694688,0.12298885708635021,3.055313314801735,0.9394592034557233,0.0005788704067979063,69.76823970989668
65.22926327250056,0.021345186218567184,0.12123308042296382,3.0483309972700385,0.9455700727264611,0.0005775940196564404,69.18019249093706
65.71005405743094,0.021229078329651756,0.12066977132895651,3.0482695273706293,0.9538981472517435,0.0005793909291986779,67.98146582657974
65.71005405743094,0.021229078329651756,0.12066977132895651,3.0482695273706293,0.9538981472517435,0.0005793909291986779,67.98146582657974
66.87544665544388,0.02135879890307183,0.1183439033133122,3.0448761107468068,0.964116006791556,0.0005691181121486253,71.55890961044658
66.53667351289769,0.02128346344369062,0.11804658966339934,3.039761391129412,0.9612408968349638,0.000578641797846251,70.93382391713152
66.53667351289769,0.02128346344369062,0.11804658966339934,3.039761391129412,0.9612408968349638,0.000578641797846251,70.93382391713152
66.53667351289769,0.02128346344369062,0.11804658966339934,3.039761391129412,0.9612408968349638,0.000578641797846251,70.93382391713152
66.53667351289769,0.02128346344369062,0.11804658966339934,3.039761391129412,0.9612408968349638,0.000578641797846251,70.93382391713152
66.53667351289769,0.02128346344369062,0.11804658966339934,3.039761391129412,0.9612408968349638,0.000578641797846251,70.93382391713152
66.53667351289769,0.02128346344369062,0.11804658966339934,3.039761391129412,0.9612408968349638,0.000578641797846251,70.93382391713152
66.2691673033201,0.021400008215230207,0.11871449770956652,3.040950598681305,0.958071593124754,0.0005821448592176698,70.35833364392752
66.77366981757243,0.021526970674342456,0.11759892516568146,3.0387668161376915,0.9644819090889282,0.0005776810176465271,72.87103825855985
66.77366981757243,0.021526970674342456,0.11759892516568146,3.0387668161376915,0.9644819090889282,0.0005776810176465271,72.87103825855985
66.77366981757243,0.021526970674342456,0.11759892516568146,3.0387668161376915,0.9644819090889282,0.0005776810176465271,72.87103825855985
66.77366981757243,0.021526970674342456,0.11759892516568146,3.0387668161376915,0.9644819090889282,0.0005776810176465271,72.87103825855985
66.77366981757243,0.021526970674342456,0.11759892516568146,3.0387668161376915,0.9644819090889282,0.0005776810176465271,72.87103825855985
66.77366981757243,0.021526970674342456,0.11759892516568146,3.0387668161376915,0.9644819090889282,0.0005776810176465271,72.87103825855985
66.77366981757243,0.021526970674342456,0.11759892516568146,3.0387668161376915,0.9644819090889282,0.0005776810176465271,72.87103825855985
67.70796638918168,0.02159596816177855,0.11592267181238618,3.0370925234935178,0.962762398922691,0.0005759499826555914,68.92086252081485
67.70796638918168,0.02159596816177855,0.11592267181238618,3.0370925234935178,0.962762398922691,0.0005759499826555914,68.92086252081485
67.70796638918168,0.02159596816177855,0.11592267181238618,3.0370925234935178,0.962762398922691,0.0005759499826555914,68.92086252081485
67.70796638918168,0.02159596816177855,0.11592267181238618,3.0370925234935178,0.962762398922691,0.0005759499826555914,68.92086252081485
67.70796638918168,0.02159596816177855,0.11592267181238618,3.0370925234935178,0.962762398922691,0.0005759499826555914,68.92086252081485
67.70796638918168,0.02159596816177855,0.11592267181238618,3.0370925234935178,0.962762398922691,0.0005759499826555914,68.92086252081485
67.36994716408715,0.021529795936614898,0.11679792932464601,3.038323452216693,0.9609005430192594,0.0005724618479620087,69.6184283546165
66.43481337233855,0.021299497125140857,0.11803482679994787,3.040453434336323,0.9578944733415062,0.0005740886275732147,68.74208630566059
66.43481337233855,0.021299497125140857,0.11803482679994787,3.040453434336323,0.9578944733415062,0.0005740886275732147,68.74208630566059
67.01015253268913,0.021295025461370104,0.11705163287968845,3.0400204788981577,0.9601271027521844,0.0005832268180920336,68.98215090937484
67.01015253268913,0.021295025461370104,0.11705163287968845,3.0400204788981577,0.9601271027521844,0.0005832268180920336,68.98215090937484
67.01015253268913,0.021295025461370104,0.11705163287968845,3.0400204788981577,0.9601271027521844,0.0005832268180920336,68.98215090937484
67.01015253268913,0.021295025461370104,0.11705163287968845,3.0400204788981577,0.9601271027521844,0.0005832268180920336,68.98215090937484
67.01015253268913,0.021295025461370104,0.11705163287968845,3.0400204788981577,0.9601271027521844,0.0005832268180920336,68.98215090937484
67.01015253268913,0.021295025461370104,0.11705163287968845,3.0400204788981577,0.9601271027521844,0.0005832268180920336,68.98215090937484
67.01015253268913,0.021295025461370104,0.11705163287968845,3.0400204788981577,0.9601271027521844,0.0005832268180920336,68.98215090937484
67.01015253268913,0.021295025461370104,0.11705163287968845,3.0400204788981577,0.9601271027521844,0.0005832268180920336,68.98215090937484
67.01015253268913,0.021295025461370104,0.11705163287968845,3.0400204788981577,0.9601271027521844,0.0005832268180920336,68.98215090937484
67.01015253268913,0.021295025461370104,0.11705163287968845,3.0400204788981577,0.9601271027521844,0.0005832268180920336,68.98215090937484
67.01015253268913,0.021295025461370104,0.11705163287968845,3.0400204788981577,0.9601271027521844,0.0005832268180920336,68.98215090937484
67.01015253268913,0.021295025461370104,0.11705163287968845,3.0400204788981577,0.9601271027521844,0.0005832268180920336,68.98215090937484
67.08403445853494,0.021457055085035988,0.11724488499739288,3.0420988425263262,0.9626463008135557,0.0005804330952940683,68.77813081539051
67.08403445853494,0.021457055085035988,0.11724488499739288,3.0420988425263262,0.9626463008135557,0.0005804330952940683,68.77813081539051
66.45378954268557,0.021460354244500084,0.11907714148395143,3.047386699130675,0.9519522521711443,0.0005785393466700287,68.44353893478107
66.42230103762134,0.021500301850393838,0.11939176588323176,3.0496680761920905,0.9543294502222927,0.0005655585394046735,68.8972970129409
66.42230103762134,0.021500301850393838,0.11939176588323176,3.0496680761920905,0.9543294502222927,0.0005655585394046735,68.8972970129409
66.42230103762134,0.021500301850393838,0.11939176588323176,3.0496680761920905,0.9543294502222927,0.0005655585394046735,68.8972970129409
65.84839282997882,0.02149042201500872,0.12061244855287957,3.050383184661448,0.9509620656222808,0.0005581675475716101,67.76455074054219
65.84839282997882,0.02149042201500872,0.12061244855287957,3.050383184661448,0.9509620656222808,0.0005581675475716101,67.76455074054219
66.15894733500848,0.02145406447395287,0.11887024907965801,3.045090395673929,0.9585849143787151,0.0005545849400094523,67.91388736015928
66.15894733500848,0.02145406447395287,0.11887024907965801,3.045090395673929,0.9585849143787151,0.0005545849400094523,67.91388736015928
66.15894733500848,0.02145406447395287,0.11887024907965801,3.045090395673929,0.9585849143787151,0.0005545849400094523,67.91388736015928
66.15894733500848,0.02145406447395287,0.11887024907965801,3.045090395673929,0.9585849143787151,0.0005545849400094523,67.91388736015928
66.15894733500848,0.02145406447395287,0.11887024907965801,3.045090395673929,0.9585849143787151,0.0005545849400094523,67.91388736015928
66.15894733500848,0.02145406447395287,0.11887024907965801,3.045090395673929,0.9585849143787151,0.0005545849400094523,67.91388736015928
66.15894733500848,0.02145406447395287,0.11887024907965801,3.045090395673929,0.9585849143787151,0.0005545849400094523,67.91388736015928
66.22285864754879,0.02154738288151779,0.11996662175834794,3.049033544882599,0.9572637352648034,0.0005593747636842018,67.53548428411449
66.22285864754879,0.02154738288151779,0.11996662175834794,3.049033544882599,0.9572637352648034,0.0005593747636842018,67.53548428411449
66.22285864754879,0.02154738288151779,0.11996662175834794,3.049033544882599,0.9572637352648034,0.0005593747636842018,67.53548428411449
66.22285864754879,0.02154738288151779,0.11996662175834794,3.049033544882599,0.9572637352648034,0.0005593747636842018,67.53548428411449
66.22285864754879,0.02154738288151779,0.11996662175834794,3.049033544882599,0.9572637352648034,0.0005593747636842018,67.53548428411449
66.46980469473942,0.021534310078312108,0.11927637556322553,3.0467204928420606,0.9602349317593076,0.000566253128974688,67.7273614855076
66.46980469473942,0.021534310078312108,0.11927637556322553,3.0467204928420606,0.9602349317593076,0.000566253128974688,67.7273614855076
66.46980469473942,0.021534310078312108,0.11927637556322553,3.0467204928420606,0.9602349317593076,0.000566253128974688,67.7273614855076
65.99012789319313,0.02137327722117757,0.11999409185010047,3.048953228065349,0.9564619369567795,0.0005717257901677,67.40356705808588
65.99012789319313,0.02137327722117757,0.11999409185010047,3.048953228065349,0.9564619369567795,0.0005717257901677,67.40356705808588
65.9724748628791,0.021378726759379876,0.12017194618984596,3.0499704455810663,0.9545452370523715,0.0005776845713557554,67.82400350971801
65.9724748628791,0.021378726759379876,0.12017194618984596,3.0499704455810663,0.9545452370523715,0.0005776845713557554,67.82400350971801
64.6845443864229,0.02110720976020388,0.12304559911651347,3.0561718677566505,0.9472729169999705,0.0005709205751089772,68.3100973660301
64.6845443864229,0.02110720976020388,0.12304559911651347,3.0561718677566505,0.9472729169999705,0.0005709205751089772,68.3100973660301
64.6845443864229,0.02110720976020388,0.12304559911651347,3.0561718677566505,0.9472729169999705,0.0005709205751089772,68.3100973660301
64.6845443864229,0.02110720976020388,0.12304559911651347,3.0561718677566505,0.9472729169999705,0.0005709205751089772,68.3100973660301
64.6845443864229,0.02110720976020388,0.12304559911651347,3.0561718677566505,0.9472729169999705,0.0005709205751089772,68.3100973660301
64.6845443864229,0.02110720976020388,0.12304559911651347,3.0561718677566505,0.9472729169999705,0.0005709205751089772,68.3100973660301
64.6845443864229,0.02110720976020388,0.12304559911651347,3.0561718677566505,0.9472729169999705,0.0005709205751089772,68.3100973660301
65.16822510214273,0.021059603959712847,0.12125917098405502,3.0506176474935014,0.9508812241873916,0.0005732650144878093,67.64885841273347
65.16822510214273,0.021059603959712847,0.12125917098405502,3.0506176474935014,0.9508812241873916,0.0005732650144878093,67.64885841273347
65.16822510214273,0.021059603959712847,0.12125917098405502,3.0506176474935014,0.9508812241873916,0.0005732650144878093,67.64885841273347
64.5914296169541,0.020805161111702147,0.12199194472491454,3.052297291881263,0.9475324042455504,0.0005776717513167993,71.44539467886702
63.83184206264507,0.020849348454047824,0.12339335873279499,3.0541527937603647,0.9454984082715535,0.000576342611653021,71.80783650885115
63.83184206264507,0.020849348454047824,0.12339335873279499,3.0541527937603647,0.9454984082715535,0.000576342611653021,71.80783650885115
63.83184206264507,0.020849348454047824,0.12339335873279499,3.0541527937603647,0.9454984082715535,0.000576342611653021,71.80783650885115
63.83184206264507,0.020849348454047824,0.12339335873279499,3.0541527937603647,0.9454984082715535,0.000576342611653021,71.80783650885115
63.83184206264507,0.020849348454047824,0.12339335873279499,3.0541527937603647,0.9454984082715535,0.000576342611653021,71.80783650885115
63.83184206264507,0.020849348454047824,0.12339335873279499,3.0541527937603647,0.9454984082715535,0.000576342611653021,71.80783650885115
63.83184206264507,0.020849348454047824,0.12339335873279499,3.0541527937603647,0.9454984082715535,0.000576342611653021,71.80783650885115
63.663945058859895,0.020743791880218094,0.12347091194977991,3.052031288869134,0.9444742458021738,0.0005786093940605546,72.8064717621812
63.663945058859895,0.020743791880218094,0.12347091194977991,3.052031288869134,0.9444742458021738,0.0005786093940605546,72.8064717621812
63.663945058859895,0.020743791880218094,0.12347091194977991,3.052031288869134,0.9444742458021738,0.0005786093940605546,72.8064717621812
63.663945058859895,0.020743791880218094,0.12347091194977991,3.052031288869134,0.9444742458021738,0.0005786093940605546,72.8064717621812
64.2409912890368,0.02089373407654317,0.1221517915940924,3.0482676438905494,0.9427462209666635,0.0005767395362233235,70.24307170834312
64.2409912890368,0.02089373407654317,0.1221517915940924,3.0482676438905494,0.9427462209666635,0.0005767395362233235,70.24307170834312
65.36113965423002,0.0210649884524324,0.12107069398587225,3.0471998120242745,0.9508252543896355,0.0005642737540365462,71.31035415076201
64.63992171522995,0.02130308283775713,0.12309308776284496,3.0528758044907054,0.9506059736519197,0.0005564112455175386,71.3854086211686
64.36395821047695,0.02137572547418311,0.12383410274404419,3.0568940772520157,0.9537788330481143,0.0005431871147969735,73.85660296059359
64.16671576083193,0.021376830528752545,0.12449595830541055,3.0585726975054475,0.9504071378454255,0.0005460620881880938,73.24971663834563
64.16671576083193,0.021376830528752545,0.12449595830541055,3.0585726975054475,0.9504071378454255,0.0005460620881880938,73.24971663834563
64.16671576083193,0.021376830528752545,0.12449595830541055,3.0585726975054475,0.9504071378454255,0.0005460620881880938,73.24971663834563
64.5674795806169,0.021488090092953615,0.1228653551671893,3.0526662326272267,0.9532974424316354,0.0005455926967579748,76.50695678571911
63.840051958384805,0.02133516844374279,0.12460795986872589,3.0567515214060075,0.945509617671853,0.0005492048931222579,74.09268881559284
63.881149483412464,0.021266736012300374,0.12534743687540342,3.061190908286381,0.9469566053093404,0.0005461829756463148,71.98466582649743
63.881149483412464,0.021266736012300374,0.12534743687540342,3.061190908286381,0.9469566053093404,0.0005461829756463148,71.98466582649743
64.72280907096744,0.021089144215709926,0.12302681641967192,3.056100381976382,0.9471030367502539,0.000546589991467872,68.55789184917931
64.60764169115899,0.021102719423040404,0.12271967407339167,3.0558777932439627,0.9440113825890217,0.0005540939271092707,66.69775263220988
64.60764169115899,0.021102719423040404,0.12271967407339167,3.0558777932439627,0.9440113825890217,0.0005540939271092707,66.69775263220988
64.60764169115899,0.021102719423040404,0.12271967407339167,3.0558777932439627,0.9440113825890217,0.0005540939271092707,66.69775263220988
65.54291787827734,0.02131537464765755,0.12140728795737056,3.0545779588299586,0.9480472369262603,0.0005538554182548446,69.60831378046986
65.54291787827734,0.02131537464765755,0.12140728795737056,3.0545779588299586,0.9480472369262603,0.0005538554182548446,69.60831378046986
65.54291787827734,0.02131537464765755,0.12140728795737056,3.0545779588299586,0.9480472369262603,0.0005538554182548446,69.60831378046986
66.24132386474832,0.021609369818360317,0.11982662592078734,3.0509236503316446,0.9602364350872883,0.0005460897625446007,69.02181436896163
65.72202135875246,0.021448009605667572,0.12017645811956591,3.0494486292899023,0.9590788938506718,0.0005437647077384155,68.5030306781084
65.35244465356176,0.021376318634178198,0.12162120776824589,3.055076706423538,0.9524021320750417,0.0005498302539678761,68.34023333314111
65.35244465356176,0.021376318634178198,0.12162120776824589,3.055076706423538,0.9524021320750417,0.0005498302539678761,68.34023333314111
65.35244465356176,0.021376318634178198,0.12162120776824589,3.055076706423538,0.9524021320750417,0.0005498302539678761,68.34023333314111
65.35244465356176,0.021376318634178198,0.12162120776824589,3.055076706423538,0.9524021320750417,0.0005498302539678761,68.34023333314111
65.35244465356176,0.021376318634178198,0.12162120776824589,3.055076706423538,0.9524021320750417,0.0005498302539678761,68.34023333314111
65.35244465356176,0.021376318634178198,0.12162120776824589,3.055076706423538,0.9524021320750417,0.0005498302539678761,68.34023333314111
65.90911874813145,0.021343649484044134,0.11958334310982402,3.0457428664461674,0.9486093827020912,0.0005611976896770583,68.84262314568367
65.90911874813145,0.021343649484044134,0.11958334310982402,3.0457428664461674,0.9486093827020912,0.0005611976896770583,68.84262314568367
65.90911874813145,0.021343649484044134,0.11958334310982402,3.0457428664461674,0.9486093827020912,0.0005611976896770583,68.84262314568367
65.45491605036794,0.02145293046515485,0.12092518381489599,3.049447369157558,0.9492711823522869,0.0005651283027903297,68.19029770542018
65.45491605036794,0.02145293046515485,0.12092518381489599,3.049447369157558,0.9492711823522869,0.0005651283027903297,68.19029770542018
65.45491605036794,0.02145293046515485,0.12092518381489599,3.049447369157558,0.9492711823522869,0.0005651283027903297,68.19029770542018
65.45491605036794,0.02145293046515485,0.12092518381489599,3.049447369157558,0.9492711823522869,0.0005651283027903297,68.19029770542018
65.57192801066522,0.021391676791394608,0.12033111400954884,3.047744903714899,0.9525775717884832,0.0005622308600172503,67.2997377662633
65.57192801066522,0.021391676791394608,0.12033111400954884,3.047744903714899,0.9525775717884832,0.0005622308600172503,67.2997377662633
65.06923891398468,0.021421927806971764,0.12182804541294286,3.0532703924453113,0.9500718837179,0.0005634060856165358,68.93197516147657
65.06923891398468,0.021421927806971764,0.12182804541294286,3.0532703924453113,0.9500718837179,0.0005634060856165358,68.93197516147657
64.18552596629601,0.02119995245733449,0.12350132709621826,3.05814190140324,0.941178810795289,0.0005732087164625091,71.71956660518674
64.67837996718833,0.021358382278353676,0.12298168325888711,3.056911981467404,0.9448606124073481,0.0005685897442947896,69.67498045702239
64.67837996718833,0.021358382278353676,0.12298168325888711,3.056911981467404,0.9448606124073481,0.0005685897442947896,69.67498045702239
64.94165300091954,0.0215064481549849,0.1228138116783243,3.0577879186365324,0.9472801317398158,0.0005626416591391839,71.94408991801596
64.94165300091954,0.0215064481549849,0.1228138116783243,3.0577879186365324,0.9472801317398158,0.0005626416591391839,71.94408991801596
64.48282207370595,0.02114142702173656,0.12398492103494703,3.057161132497247,0.9413978542144934,0.0005678058777771594,70.57111022513499
64.48282207370595,0.02114142702173656,0.12398492103494703,3.057161132497247,0.9413978542144934,0.0005678058777771594,70.57111022513499
64.48282207370595,0.02114142702173656,0.12398492103494703,3.057161132497247,0.9413978542144934,0.0005678058777771594,70.57111022513499
64.48282207370595,0.02114142702173656,0.12398492103494703,3.057161132497247,0.9413978542144934,0.0005678058777771594,70.57111022513499
64.48282207370595,0.02114142702173656,0.12398492103494703,3.057161132497247,0.9413978542144934,0.0005678058777771594,70.57111022513499
64.63780829961883,0.021215619681981802,0.12367131680242112,3.0559183973248643,0.9423982800921203,0.000568215358740311,70.88532995138797
64.63780829961883,0.021215619681981802,0.12367131680242112,3.0559183973248643,0.9423982800921203,0.000568215358740311,70.88532995138797
65.24649655702238,0.021285748342042547,0.12247879470261679,3.0561269694324675,0.9502760280596234,0.0005616282064093876,70.24022686786766
65.6364258541402,0.02135420166853676,0.12097834561166995,3.0515237969492786,0.9536039553728187,0.0005633361963460281,66.98609926547098
65.79087796463418,0.021577837489131783,0.12038413141584568,3.0498841229235647,0.9558264349102957,0.0005671831498782491,69.89773880170023
65.79087796463418,0.021577837489131783,0.12038413141584568,3.0498841229235647,0.9558264349102957,0.0005671831498782491,69.89773880170023
65.79087796463418,0.021577837489131783,0.12038413141584568,3.0498841229235647,0.9558264349102957,0.0005671831498782491,69.89773880170023
65.79087796463418,0.021577837489131783,0.12038413141584568,3.0498841229235647,0.9558264349102957,0.0005671831498782491,69.89773880170023
65.79087796463418,0.021577837489131783,0.12038413141584568,3.0498841229235647,0.9558264349102957,0.0005671831498782491,69.89773880170023
65.79087796463418,0.021577837489131783,0.12038413141584568,3.0498841229235647,0.9558264349102957,0.0005671831498782491,69.89773880170023
65.79087796463418,0.021577837489131783,0.12038413141584568,3.0498841229235647,0.9558264349102957,0.0005671831498782491,69.89773880170023
66.1410824393571,0.021306552573350866,0.11939747453190734,3.050059810856658,0.9569101400878732,0.0005727726278763068,72.82097964317265
66.1410824393571,0.021306552573350866,0.11939747453190734,3.050059810856658,0.9569101400878732,0.0005727726278763068,72.82097964317265
65.45734597956593,0.021297980977936906,0.12104952311952397,3.053393314750599,0.9508743927565824,0.0005711628554323645,69.8885090995915
66.43868841491116,0.021413422196341167,0.11906896800889516,3.0495286540913766,0.9584259134939116,0.0005599185945053592,70.12950400261659
65.28469770702264,0.021078202930300254,0.12016713582641872,3.0482516890313884,0.9510456436662299,0.0005607977288948885,68.52791479503198
65.28469770702264,0.021078202930300254,0.12016713582641872,3.0482516890313884,0.9510456436662299,0.0005607977288948885,68.52791479503198
65.28469770702264,0.021078202930300254,0.12016713582641872,3.0482516890313884,0.9510456436662299,0.0005607977288948885,68.52791479503198
65.28469770702264,0.021078202930300254,0.12016713582641872,3.0482516890313884,0.9510456436662299,0.0005607977288948885,68.52791479503198
65.28469770702264,0.021078202930300254,0.12016713582641872,3.0482516890313884,0.9510456436662299,0.0005607977288948885,68.52791479503198
65.28469770702264,0.021078202930300254,0.12016713582641872,3.0482516890313884,0.9510456436662299,0.0005607977288948885,68.52791479503198
65.28469770702264,0.021078202930300254,0.12016713582641872,3.0482516890313884,0.9510456436662299,0.0005607977288948885,68.52791479503198
65.28469770702264,0.021078202930300254,0.12016713582641872,3.0482516890313884,0.9510456436662299,0.0005607977288948885,68.52791479503198
65.28469770702264,0.021078202930300254,0.12016713582641872,3.0482516890313884,0.9510456436662299,0.0005607977288948885,68.52791479503198
65.4380184329315,0.02104889683863128,0.12002183586694262,3.048202285188172,0.9509662816051364,0.0005537302883235857,67.74564109054387
65.51893575176194,0.021146868045842152,0.12058135549450026,3.0509959096125088,0.953740148337551,0.0005453433699694281,67.42694386830418
65.51893575176194,0.021146868045842152,0.12058135549450026,3.0509959096125088,0.953740148337551,0.0005453433699694281,67.42694386830418
65.51893575176194,0.021146868045842152,0.12058135549450026,3.0509959096125088,0.953740148337551,0.0005453433699694281,67.42694386830418
65.51893575176194,0.021146868045842152,0.12058135549450026,3.0509959096125088,0.953740148337551,0.0005453433699694281,67.42694386830418
65.51893575176194,0.021146868045842152,0.12058135549450026,3.0509959096125088,0.953740148337551,0.0005453433699694281,67.42694386830418
65.05066766081134,0.02132145121847156,0.12121826253913705,3.051153504515595,0.9474527466648563,0.0005491170340578829,68.05414995932783
65.05066766081134,0.02132145121847156,0.12121826253913705,3.051153504515595,0.9474527466648563,0.0005491170340578829,68.05414995932783
65.05066766081134,0.02132145121847156,0.12121826253913705,3.051153504515595,0.9474527466648563,0.0005491170340578829,68.05414995932783
65.05066766081134,0.02132145121847156,0.12121826253913705,3.051153504515595,0.9474527466648563,0.0005491170340578829,68.05414995932783
65.39793980727615,0.02138609084942986,0.1207369683906751,3.051957814466915,0.9476654879529138,0.0005497309499660613,69.25044904674138
65.39793980727615,0.02138609084942986,0.1207369683906751,3.051957814466915,0.9476654879529138,0.0005497309499660613,69.25044904674138
65.74152718052065,0.021293626240197455,0.1194638852588815,3.047271924944028,0.9512421636347802,0.0005527540673048502,67.92405888871822
65.74152718052065,0.021293626240197455,0.1194638852588815,3.047271924944028,0.9512421636347802,0.0005527540673048502,67.92405888871822
66.37823782578856,0.021397332984816192,0.11881595841706205,3.0469711255973086,0.9536468327789833,0.0005443821160024367,67.99080746672956
66.3651928389363,0.021455025629684776,0.11941460674715829,3.0497503377611417,0.9588572444395216,0.0005432830252978939,67.8546741795095
66.3651928389363,0.021455025629684776,0.11941460674715829,3.0497503377611417,0.9588572444395216,0.0005432830252978939,67.8546741795095
66.3651928389363,0.021455025629684776,0.11941460674715829,3.0497503377611417,0.9588572444395216,0.0005432830252978939,67.8546741795095
66.69216164956399,0.021410418109441345,0.11739943647634894,3.0421552109482266,0.9639008134427818,0.0005383510642648404,69.20309327086707
66.69216164956399,0.021410418109441345,0.11739943647634894,3.0421552109482266,0.9639008134427818,0.0005383510642648404,69.20309327086707
66.09505537297622,0.021421022872567964,0.11927594459644289,3.045904294468827,0.9564813483873273,0.0005424601565762877,66.91084739536255
66.09505537297622,0.021421022872567964,0.11927594459644289,3.045904294468827,0.9564813483873273,0.0005424601565762877,66.91084739536255
66.09505537297622,0.021421022872567964,0.11927594459644289,3.045904294468827,0.9564813483873273,0.0005424601565762877,66.91084739536255
66.09505537297622,0.021421022872567964,0.11927594459644289,3.045904294468827,0.9564813483873273,0.0005424601565762877,66.91084739536255
66.09505537297622,0.021421022872567964,0.11927594459644289,3.045904294468827,0.9564813483873273,0.0005424601565762877,66.91084739536255
66.09505537297622,0.021421022872567964,0.11927594459644289,3.045904294468827,0.9564813483873273,0.0005424601565762877,66.91084739536255
65.74717421489142,0.02141091703436642,0.12069669220599966,3.0498084397453105,0.9507811037180696,0.0005420231407473108,68.7286456729711
65.74717421489142,0.02141091703436642,0.12069669220599966,3.0498084397453105,0.9507811037180696,0.0005420231407473108,68.7286456729711
65.74717421489142,0.02141091703436642,0.12069669220599966,3.0498084397453105,0.9507811037180696,0.0005420231407473108,68.7286456729711
65.74717421489142,0.02141091703436642,0.12069669220599966,3.0498084397453105,0.9507811037180696,0.0005420231407473108,68.7286456729711
65.74717421489142,0.02141091703436642,0.12069669220599966,3.0498084397453105,0.9507811037180696,0.0005420231407473108,68.7286456729711
65.74717421489142,0.02141091703436642,0.12069669220599966,3.0498084397453105,0.9507811037180696,0.0005420231407473108,68.7286456729711
65.47385744623692,0.02142400400045773,0.12171917797582685,3.052707385121461,0.9482358101513215,0.0005334471463940027,72.37748659129903
66.4032798125581,0.02156401550927362,0.11940387588284278,3.047669519115469,0.9545347417777862,0.0005320058556860417,70.497503702289
66.07659306431063,0.021514351280048374,0.12067040916082085,3.053526728312906,0.9567287063793826,0.0005264507511655608,70.05966747421883
65.59468001883377,0.02160116902611541,0.12144344587286071,3.0537200063717282,0.9536805774122062,0.0005251102153001177,69.55825621470338
65.59468001883377,0.02160116902611541,0.12144344587286071,3.0537200063717282,0.9536805774122062,0.0005251102153001177,69.55825621470338
65.59468001883377,0.02160116902611541,0.12144344587286071,3.0537200063717282,0.9536805774122062,0.0005251102153001177,69.55825621470338
65.44134784195833,0.021472154337666527,0.12084886577450135,3.0487511613210554,0.9528145938710654,0.000524128504203682,70.99378436512562
65.03992388627503,0.021375115265685463,0.12232733305099779,3.054960327573245,0.9535791243264016,0.0005160094739619814,68.18268806348125
65.03992388627503,0.021375115265685463,0.12232733305099779,3.054960327573245,0.9535791243264016,0.0005160094739619814,68.18268806348125
65.03992388627503,0.021375115265685463,0.12232733305099779,3.054960327573245,0.9535791243264016,0.0005160094739619814,68.18268806348125
65.2270488293414,0.02148497242910765,0.12138443956795253,3.0523081642947356,0.9504141872312486,0.0005235803222668737,68.77878379508016
65.00093578005897,0.021364757747228003,0.12159876640541908,3.053368517281974,0.9495008357790332,0.0005244726492550495,67.24477922513141
64.72786268670633,0.0212324628477962,0.12276064145113688,3.0574611890121233,0.9454642815836921,0.0005195453248733578,67.84621276587818
64.72786268670633,0.0212324628477962,0.12276064145113688,3.0574611890121233,0.9454642815836921,0.0005195453248733578,67.84621276587818
64.72786268670633,0.0212324628477962,0.12276064145113688,3.0574611890121233,0.9454642815836921,0.0005195453248733578,67.84621276587818
65.93996370507165,0.021003369251905223,0.11898834135533981,3.0444435025801737,0.9567410402546112,0.0005140869577931492,74.89637755597404
65.93996370507165,0.021003369251905223,0.11898834135533981,3.0444435025801737,0.9567410402546112,0.0005140869577931492,74.89637755597404
65.99883514986732,0.021233022079780266,0.11934677253427849,3.044396242920298,0.9574239931453283,0.0005146734663318778,74.22439883099787
65.60266187343538,0.02139688136559204,0.12122230698266051,3.051092556431315,0.9530471718252262,0.000518367664541164,71.848117424959
66.29703251072658,0.02131634368965031,0.1194011723151673,3.048953504835926,0.9568293568188838,0.0005190865443338511,70.38061165652061
65.39808063356725,0.021345205609373016,0.12149977625191706,3.054284556362938,0.9443518738996345,0.0005278599962922024,72.70147927328249
65.39808063356725,0.021345205609373016,0.12149977625191706,3.054284556362938,0.9443518738996345,0.0005278599962922024,72.70147927328249
64.53704275304894,0.0210876690896439,0.12268239047622184,3.0552097290902935,0.9415743802034016,0.0005251428149307942,68.77983280462414
64.53704275304894,0.0210876690896439,0.12268239047622184,3.0552097290902935,0.9415743802034016,0.0005251428149307942,68.77983280462414
65.19845760685988,0.02119858046196178,0.12059435326119008,3.0500181598546585,0.9443698038049344,0.0005284803137451217,70.52408763269827
65.19845760685988,0.02119858046196178,0.12059435326119008,3.0500181598546585,0.9443698038049344,0.0005284803137451217,70.52408763269827
66.90872736655689,0.021647382555291684,0.11746181064049183,3.0454620780002557,0.9587608285517014,0.0005222305032963149,70.82292679261433
66.90872736655689,0.021647382555291684,0.11746181064049183,3.0454620780002557,0.9587608285517014,0.0005222305032963149,70.82292679261433
66.90872736655689,0.021647382555291684,0.11746181064049183,3.0454620780002557,0.9587608285517014,0.0005222305032963149,70.82292679261433
66.61824932666698,0.021710210272136547,0.11868223588639831,3.0489426456985886,0.9597377016777406,0.0005130792480493858,69.27758129800436
66.61824932666698,0.021710210272136547,0.11868223588639831,3.0489426456985886,0.9597377016777406,0.0005130792480493858,69.27758129800436
66.60970596584205,0.021664050959522233,0.1189958993184044,3.050259904746699,0.9589049782421385,0.0005087409494071254,69.75139875621157
66.60970596584205,0.021664050959522233,0.1189958993184044,3.050259904746699,0.9589049782421385,0.0005087409494071254,69.75139875621157
66.60970596584205,0.021664050959522233,0.1189958993184044,3.050259904746699,0.9589049782421385,0.0005087409494071254,69.75139875621157
67.02004006622353,0.021763434277349464,0.11760525602749519,3.045495338511322,0.9608779506736786,0.0005080876928676136,71.07096067418058
67.02004006622353,0.021763434277349464,0.11760525602749519,3.045495338511322,0.9608779506736786,0.0005080876928676136,71.07096067418058
66.33912410265701,0.02162212446051273,0.11846726698031229,3.0459651329951067,0.9584114557282981,0.0005045398774764809,70.69609815889233
66.33912410265701,0.02162212446051273,0.11846726698031229,3.0459651329951067,0.9584114557282981,0.0005045398774764809,70.69609815889233
66.33912410265701,0.02162212446051273,0.11846726698031229,3.0459651329951067,0.9584114557282981,0.0005045398774764809,70.69609815889233
66.45527394473076,0.021767099700935592,0.11847005585578585,3.0480224925204573,0.9595210924543376,0.0005007792689481547,72.61036585590695
66.45527394473076,0.021767099700935592,0.11847005585578585,3.0480224925204573,0.9595210924543376,0.0005007792689481547,72.61036585590695
66.1183739827279,0.021682643362807973,0.11922979042468007,3.0471275806991875,0.9574543263095578,0.0005117261542480732,71.61162623952802
66.1183739827279,0.021682643362807973,0.11922979042468007,3.0471275806991875,0.9574543263095578,0.0005117261542480732,71.61162623952802
65.62482819014072,0.021623884665760963,0.12062193324715986,3.050720159833839,0.9555040596467184,0.0005112886839946223,70.33011148914883
66.49466043090354,0.021696330571499334,0.1189676424260669,3.0489133709344216,0.9583785221117873,0.0004988937954843325,70.62046581464702
66.49466043090354,0.021696330571499334,0.1189676424260669,3.0489133709344216,0.9583785221117873,0.0004988937954843325,70.62046581464702
65.91460757712156,0.021533441548709596,0.12001287147793316,3.049758077278063,0.951556736973856,0.0005090389706689137,71.67622436096941
65.91460757712156,0.021533441548709596,0.12001287147793316,3.049758077278063,0.951556736973856,0.0005090389706689137,71.67622436096941
65.30037023945548,0.021489319664676747,0.12161267127905644,3.0542962012149157,0.9514949846873766,0.0005088316197535259,68.56409742774784
65.30037023945548,0.021489319664676747,0.12161267127905644,3.0542962012149157,0.9514949846873766,0.0005088316197535259,68.56409742774784
65.29492660276928,0.02147223734453825,0.12180014595619136,3.0569929484068745,0.9496137891515825,0.0005066680361627429,69.95114979711383
65.29492660276928,0.02147223734453825,0.12180014595619136,3.0569929484068745,0.9496137891515825,0.0005066680361627429,69.95114979711383
65.73932511837982,0.021476557302576516,0.12073247006939339,3.0540790613193,0.9536913741427459,0.0005010627907878903,68.96980555345178
65.73932511837982,0.021476557302576516,0.12073247006939339,3.0540790613193,0.9536913741427459,0.0005010627907878903,68.96980555345178
65.73932511837982,0.021476557302576516,0.12073247006939339,3.0540790613193,0.9536913741427459,0.0005010627907878903,68.96980555345178
66.01353441525211,0.02147888229761001,0.11954152268450456,3.051450828704167,0.9568638526902011,0.0005046337835098609,68.3144141561743
65.27642174060367,0.021029270360751653,0.1194922095307605,3.0474127974889846,0.9512727576342632,0.0005108173008267681,71.20761180445609
65.27642174060367,0.021029270360751653,0.1194922095307605,3.0474127974889846,0.9512727576342632,0.0005108173008267681,71.20761180445609
65.27642174060367,0.021029270360751653,0.1194922095307605,3.0474127974889846,0.9512727576342632,0.0005108173008267681,71.20761180445609
65.27642174060367,0.021029270360751653,0.1194922095307605,3.0474127974889846,0.9512727576342632,0.0005108173008267681,71.20761180445609
65.27642174060367,0.021029270360751653,0.1194922095307605,3.0474127974889846,0.9512727576342632,0.0005108173008267681,71.20761180445609
65.27642174060367,0.021029270360751653,0.1194922095307605,3.0474127974889846,0.9512727576342632,0.0005108173008267681,71.20761180445609
65.25889213994262,0.021247928627332317,0.121383872263696,3.0536963074075385,0.9464815836864349,0.000511046067234253,70.45008909738048
65.21101067415194,0.021342701522609534,0.12177343570588574,3.0543309263184506,0.9416807149864522,0.0005200313985565915,75.9994808889442
65.21101067415194,0.021342701522609534,0.12177343570588574,3.0543309263184506,0.9416807149864522,0.0005200313985565915,75.9994808889442
65.21101067415194,0.021342701522609534,0.12177343570588574,3.0543309263184506,0.9416807149864522,0.0005200313985565915,75.9994808889442
65.21101067415194,0.021342701522609534,0.12177343570588574,3.0543309263184506,0.9416807149864522,0.0005200313985565915,75.9994808889442
65.24774165947103,0.02148862962712118,0.12205638377466674,3.0544526469011988,0.949805438952179,0.0005179849270457116,70.4372874513293
65.24774165947103,0.02148862962712118,0.12205638377466674,3.0544526469011988,0.949805438952179,0.0005179849270457116,70.4372874513293
65.24774165947103,0.02148862962712118,0.12205638377466674,3.0544526469011988,0.949805438952179,0.0005179849270457116,70.4372874513293
65.24774165947103,0.02148862962712118,0.12205638377466674,3.0544526469011988,0.949805438952179,0.0005179849270457116,70.4372874513293
64.76725566242892,0.021290716503218832,0.12285398636566465,3.0559749626744908,0.9457298222979498,0.0005161325333953595,69.84811588718573
64.04202011191647,0.02121410779262501,0.12385436342793753,3.0581665500068596,0.9456951722779156,0.0005199649856066008,67.02008081316254
64.04202011191647,0.02121410779262501,0.12385436342793753,3.0581665500068596,0.9456951722779156,0.0005199649856066008,67.02008081316254
64.04202011191647,0.02121410779262501,0.12385436342793753,3.0581665500068596,0.9456951722779156,0.0005199649856066008,67.02008081316254
64.04202011191647,0.02121410779262501,0.12385436342793753,3.0581665500068596,0.9456951722779156,0.0005199649856066008,67.02008081316254
64.04202011191647,0.02121410779262501,0.12385436342793753,3.0581665500068596,0.9456951722779156,0.0005199649856066008,67.02008081316254
64.04202011191647,0.02121410779262501,0.12385436342793753,3.0581665500068596,0.9456951722779156,0.0005199649856066008,67.02008081316254
64.04202011191647,0.02121410779262501,0.12385436342793753,3.0581665500068596,0.9456951722779156,0.0005199649856066008,67.02008081316254
64.04202011191647,0.02121410779262501,0.12385436342793753,3.0581665500068596,0.9456951722779156,0.0005199649856066008,67.02008081316254
64.4995092316475,0.02119618970147382,0.12201005363554217,3.051513246881913,0.9479080176112736,0.0005170704751596978,69.08213063945769
63.891536740001555,0.021198729528219457,0.1235903541555878,3.0535965066677777,0.9470907170261499,0.0005217941863295156,73.26895685404712
63.891536740001555,0.021198729528219457,0.1235903541555878,3.0535965066677777,0.9470907170261499,0.0005217941863295156,73.26895685404712
64.19326960289156,0.021081113146871586,0.12229213971348654,3.0496445938866876,0.9498554297590169,0.0005184863617889572,74.07864172592862
64.78283131246911,0.021296638192594818,0.12107079067488112,3.046786260654761,0.9541679717461986,0.0005166039761407298,77.21775861965934
64.78283131246911,0.021296638192594818,0.12107079067488112,3.046786260654761,0.9541679717461986,0.0005166039761407298,77.21775861965934
64.84686589801582,0.0212409226227324,0.12099577889905036,3.0489148996406454,0.9543008251094752,0.0005084289849261552,71.13590430516207
64.84686589801582,0.0212409226227324,0.12099577889905036,3.0489148996406454,0.9543008251094752,0.0005084289849261552,71.13590430516207
65.21443552283304,0.021308982737311098,0.12021036422002115,3.048110713639984,0.9554973743764423,0.0005177770575460439,70.20857995451395
66.30908610513752,0.021428392648090076,0.11841868464177571,3.0448198005238103,0.9623090064837755,0.0005040141355968162,68.96556630793968
66.30908610513752,0.021428392648090076,0.11841868464177571,3.0448198005238103,0.9623090064837755,0.0005040141355968162,68.96556630793968
66.30908610513752,0.021428392648090076,0.11841868464177571,3.0448198005238103,0.9623090064837755,0.0005040141355968162,68.96556630793968
66.30908610513752,0.021428392648090076,0.11841868464177571,3.0448198005238103,0.9623090064837755,0.0005040141355968162,68.96556630793968
66.31146416377396,0.021559390180124535,0.11891604493142177,3.046613851054302,0.9613118052612091,0.000502907991264494,68.91166458611157
66.31146416377396,0.021559390180124535,0.11891604493142177,3.046613851054302,0.9613118052612091,0.000502907991264494,68.91166458611157
66.31146416377396,0.021559390180124535,0.11891604493142177,3.046613851054302,0.9613118052612091,0.000502907991264494,68.91166458611157
66.31146416377396,0.021559390180124535,0.11891604493142177,3.046613851054302,0.9613118052612091,0.000502907991264494,68.91166458611157
66.31146416377396,0.021559390180124535,0.11891604493142177,3.046613851054302,0.9613118052612091,0.000502907991264494,68.91166458611157
66.54683055281596,0.021381035025351137,0.11779639350498479,3.0447460841411997,0.961097830859997,0.0004985689052183031,69.36387584447488
66.54683055281596,0.021381035025351137,0.11779639350498479,3.0447460841411997,0.961097830859997,0.0004985689052183031,69.36387584447488
66.54683055281596,0.021381035025351137,0.11779639350498479,3.0447460841411997,0.961097830859997,0.0004985689052183031,69.36387584447488
66.54683055281596,0.021381035025351137,0.11779639350498479,3.0447460841411997,0.961097830859997,0.0004985689052183031,69.36387584447488
66.54683055281596,0.021381035025351137,0.11779639350498479,3.0447460841411997,0.961097830859997,0.0004985689052183031,69.36387584447488
66.54683055281596,0.021381035025351137,0.11779639350498479,3.0447460841411997,0.961097830859997,0.0004985689052183031,69.36387584447488
66.54683055281596,0.021381035025351137,0.11779639350498479,3.0447460841411997,0.961097830859997,0.0004985689052183031,69.36387584447488
66.54683055281596,0.021381035025351137,0.11779639350498479,3.0447460841411997,0.961097830859997,0.0004985689052183031,69.36387584447488
67.04308539208525,0.021551976868490627,0.11691783680820797,3.0429114613713173,0.961321337950112,0.0005005145224412024,71.21232152617594
67.04308539208525,0.021551976868490627,0.11691783680820797,3.0429114613713173,0.961321337950112,0.0005005145224412024,71.21232152617594
66.81134870028848,0.021577917383182557,0.11680942030637227,3.0421669628305703,0.9592334660853389,0.0004993034510866086,74.68660582811009
66.81134870028848,0.021577917383182557,0.11680942030637227,3.0421669628305703,0.9592334660853389,0.0004993034510866086,74.68660582811009
66.97831965518027,0.021708161269164174,0.11665899744756325,3.043255009690608,0.9654213613661841,0.0005020927716413081,73.75974972519393
66.97831965518027,0.021708161269164174,0.11665899744756325,3.043255009690608,0.9654213613661841,0.0005020927716413081,73.75974972519393
67.5762975238871,0.02193794995885552,0.1163210634406491,3.044379899035613,0.967713419306004,0.0005025253041181734,73.34579076924491
67.5762975238871,0.02193794995885552,0.1163210634406491,3.044379899035613,0.967713419306004,0.0005025253041181734,73.34579076924491
67.5762975238871,0.02193794995885552,0.1163210634406491,3.044379899035613,0.967713419306004,0.0005025253041181734,73.34579076924491
67.78845078291641,0.021636087014977292,0.11515547104808564,3.0394290763938567,0.9709045213260097,0.0005076272746502947,71.73531252623553
67.78845078291641,0.021636087014977292,0.11515547104808564,3.0394290763938567,0.9709045213260097,0.0005076272746502947,71.73531252623553
67.16248381020645,0.021657992098057507,0.11669649239594516,3.04425346211695,0.9660756474325809,0.0005104005503533817,70.72590654109784
66.2602741639694,0.021552793384347502,0.11907721283916793,3.049637951616525,0.9586454798678241,0.000512243720887978,67.95322412262665
66.26122146563655,0.021405809311715457,0.11860169016455391,3.047205317496185,0.9614558303135402,0.0005104753217518646,67.68760116629458
65.71289849672809,0.021181329657864685,0.11979415837116093,3.0494471830366163,0.9588761798419598,0.0005112617252381607,68.26012864608603
65.71289849672809,0.021181329657864685,0.11979415837116093,3.0494471830366163,0.9588761798419598,0.0005112617252381607,68.26012864608603
65.62712938035872,0.021059946765238226,0.11948997281870682,3.0480736559678605,0.9554582500139204,0.0005252394867470773,69.06041333533987
65.92681503683689,0.021128890462841863,0.11950007004798899,3.04819803424321,0.9613694211443771,0.0005256155794222429,71.1759391804945
65.92681503683689,0.021128890462841863,0.11950007004798899,3.04819803424321,0.9613694211443771,0.0005256155794222429,71.1759391804945
65.92681503683689,0.021128890462841863,0.11950007004798899,3.04819803424321,0.9613694211443771,0.0005256155794222429,71.1759391804945
66.25700436168987,0.021212816916337893,0.11865238518062252,3.04458223048589,0.9644217110292007,0.0005323783779315972,71.70582961272481
66.25700436168987,0.021212816916337893,0.11865238518062252,3.04458223048589,0.9644217110292007,0.0005323783779315972,71.70582961272481
66.14792596724341,0.02125819593537072,0.11791465798091354,3.0454353189200964,0.9601858174420991,0.0005358043876985479,74.96184823402369
66.16377017432775,0.02129741866682766,0.11762289077829922,3.0447562561866706,0.9584163526655333,0.0005368881480884751,77.71187985502831
66.16377017432775,0.02129741866682766,0.11762289077829922,3.0447562561866706,0.9584163526655333,0.0005368881480884751,77.71187985502831
65.51352477580281,0.021055066878696706,0.11860612799895114,3.045277631039836,0.9523353729710698,0.0005402427285685904,76.54665077208027
65.91301048325104,0.021568215967791793,0.12026514095758555,3.054582009209691,0.9530017412598446,0.0005428388300355971,74.40011563619476
65.91301048325104,0.021568215967791793,0.12026514095758555,3.054582009209691,0.9530017412598446,0.0005428388300355971,74.40011563619476
65.98813156759817,0.021262206425568256,0.1197615530005746,3.0513070542827765,0.9604693212538079,0.0005388249440337872,71.75068452728948
66.28047851072708,0.02111589084197466,0.11891078108668682,3.048652543820024,0.958728323028729,0.0005425507922241427,73.4175230173311
66.28047851072708,0.02111589084197466,0.11891078108668682,3.048652543820024,0.958728323028729,0.0005425507922241427,73.4175230173311
66.28047851072708,0.02111589084197466,0.11891078108668682,3.048652543820024,0.958728323028729,0.0005425507922241427,73.4175230173311
64.97343639430703,0.020992270055234585,0.12188239242248064,3.0570618413413806,0.9477005037902806,0.0005465745635226057,74.10201379124203
65.15462826428619,0.020913418519962562,0.1217376415037429,3.0538045764086075,0.9525278366973164,0.0005424172190712303,74.28280317868152
65.15462826428619,0.020913418519962562,0.1217376415037429,3.0538045764086075,0.9525278366973164,0.0005424172190712303,74.28280317868152
65.15462826428619,0.020913418519962562,0.1217376415037429,3.0538045764086075,0.9525278366973164,0.0005424172190712303,74.28280317868152
64.75432620668523,0.020720252064880554,0.12155393851568293,3.0519310408393294,0.9513052597737631,0.0005412250500911433,74.50348333351813
64.75432620668523,0.020720252064880554,0.12155393851568293,3.0519310408393294,0.9513052597737631,0.0005412250500911433,74.50348333351813
64.90243423851109,0.0208215526867035,0.12087924401491798,3.0493972869206987,0.9508229826964522,0.0005437456542907285,70.58834922757589
65.33026264185975,0.0210298558480323,0.12080646330246307,3.0528231725246258,0.9549144161363524,0.0005373999584490677,71.26788607572054
65.33026264185975,0.0210298558480323,0.12080646330246307,3.0528231725246258,0.9549144161363524,0.0005373999584490677,71.26788607572054
65.33026264185975,0.0210298558480323,0.12080646330246307,3.0528231725246258,0.9549144161363524,0.0005373999584490677,71.26788607572054
65.45271561689223,0.020939353236158288,0.12033236386723575,3.049702610778492,0.9517126300797114,0.0005397288800044162,70.65638022710611
65.45271561689223,0.020939353236158288,0.12033236386723575,3.049702610778492,0.9517126300797114,0.0005397288800044162,70.65638022710611
65.45271561689223,0.020939353236158288,0.12033236386723575,3.049702610778492,0.9517126300797114,0.0005397288800044162,70.65638022710611
65.45271561689223,0.020939353236158288,0.12033236386723575,3.049702610778492,0.9517126300797114,0.0005397288800044162,70.65638022710611
65.45271561689223,0.020939353236158288,0.12033236386723575,3.049702610778492,0.9517126300797114,0.0005397288800044162,70.65638022710611
65.45271561689223,0.020939353236158288,0.12033236386723575,3.049702610778492,0.9517126300797114,0.0005397288800044162,70.65638022710611
65.45271561689223,0.020939353236158288,0.12033236386723575,3.049702610778492,0.9517126300797114,0.0005397288800044162,70.65638022710611
65.45271561689223,0.020939353236158288,0.12033236386723575,3.049702610778492,0.9517126300797114,0.0005397288800044162,70.65638022710611
65.45271561689223,0.020939353236158288,0.12033236386723575,3.049702610778492,0.9517126300797114,0.0005397288800044162,70.65638022710611
64.6613508256566,0.02102376057698779,0.1229312542003892,3.057339526590325,0.9451625744184409,0.0005332327774990522,69.35327628791018
64.15767342360195,0.020832726796011603,0.1227892939260921,3.0561876233924847,0.9392306643805837,0.000531543932796334,69.89593451764719
64.15767342360195,0.020832726796011603,0.1227892939260921,3.0561876233924847,0.9392306643805837,0.000531543932796334,69.89593451764719
64.15767342360195,0.020832726796011603,0.1227892939260921,3.0561876233924847,0.9392306643805837,0.000531543932796334,69.89593451764719
63.51105769852659,0.020616940343420306,0.12359984996765083,3.0579466048136603,0.9386240440044719,0.0005303444829300531,72.22145453740248
64.36494340536831,0.020749663230909925,0.12227131129677467,3.053658310849472,0.9444157125711753,0.0005302212187491719,70.00760435572973
63.794259049831545,0.020727032793019504,0.12333739467347372,3.054909269618536,0.9412566748707283,0.0005220675428784356,68.85839659281845
62.912278030104,0.02051734518546984,0.12542809185025716,3.0608130686105652,0.9332125539896252,0.0005318738016486735,70.7785504420382
62.912278030104,0.02051734518546984,0.12542809185025716,3.0608130686105652,0.9332125539896252,0.0005318738016486735,70.7785504420382
62.912278030104,0.02051734518546984,0.12542809185025716,3.0608130686105652,0.9332125539896252,0.0005318738016486735,70.7785504420382
62.89457305150299,0.020682032372655944,0.12588865435059587,3.060881248586113,0.9307763829141729,0.0005301846811221138,70.5108840993529
63.34061797764026,0.020722122333092716,0.12553884600411486,3.0619328562194004,0.9349905491436582,0.0005186567460920084,72.74197359484303
63.34061797764026,0.020722122333092716,0.12553884600411486,3.0619328562194004,0.9349905491436582,0.0005186567460920084,72.74197359484303
63.34061797764026,0.020722122333092716,0.12553884600411486,3.0619328562194004,0.9349905491436582,0.0005186567460920084,72.74197359484303
63.34061797764026,0.020722122333092716,0.12553884600411486,3.0619328562194004,0.9349905491436582,0.0005186567460920084,72.74197359484303
63.34061797764026,0.020722122333092716,0.12553884600411486,3.0619328562194004,0.9349905491436582,0.0005186567460920084,72.74197359484303
63.34061797764026,0.020722122333092716,0.12553884600411486,3.0619328562194004,0.9349905491436582,0.0005186567460920084,72.74197359484303
63.34061797764026,0.020722122333092716,0.12553884600411486,3.0619328562194004,0.9349905491436582,0.0005186567460920084,72.74197359484303
63.34061797764026,0.020722122333092716,0.12553884600411486,3.0619328562194004,0.9349905491436582,0.0005186567460920084,72.74197359484303
63.34061797764026,0.020722122333092716,0.12553884600411486,3.0619328562194004,0.9349905491436582,0.0005186567460920084,72.74197359484303
63.34061797764026,0.020722122333092716,0.12553884600411486,3.0619328562194004,0.9349905491436582,0.0005186567460920084,72.74197359484303
63.090162660875514,0.020532535646011003,0.12554576775112292,3.0620349954067745,0.9366468937349036,0.0005142197850554403,73.20726191162751
63.090162660875514,0.020532535646011003,0.12554576775112292,3.0620349954067745,0.9366468937349036,0.0005142197850554403,73.20726191162751
63.22110034906282,0.020477772709691956,0.12400124407778701,3.057992903614793,0.9375923100990621,0.000527090719821974,73.66188913089825
63.22110034906282,0.020477772709691956,0.12400124407778701,3.057992903614793,0.9375923100990621,0.000527090719821974,73.66188913089825
63.22110034906282,0.020477772709691956,0.12400124407778701,3.057992903614793,0.9375923100990621,0.000527090719821974,73.66188913089825
63.896600341975095,0.02071119568145757,0.12367368508116033,3.058412294849166,0.9412748433263214,0.0005260755853484444,70.5070890329163
63.55948548405201,0.020691017852932054,0.12451383477400808,3.059773517347092,0.9424114974208274,0.0005284440719525044,69.83809976691975
63.55948548405201,0.020691017852932054,0.12451383477400808,3.059773517347092,0.9424114974208274,0.0005284440719525044,69.83809976691975
63.55948548405201,0.020691017852932054,0.12451383477400808,3.059773517347092,0.9424114974208274,0.0005284440719525044,69.83809976691975
63.55948548405201,0.020691017852932054,0.12451383477400808,3.059773517347092,0.9424114974208274,0.0005284440719525044,69.83809976691975
63.83325767801489,0.02058611066977607,0.12317828140717572,3.0544894900213784,0.9444556872823386,0.0005249203562729384,72.48540668898336
63.83325767801489,0.02058611066977607,0.12317828140717572,3.0544894900213784,0.9444556872823386,0.0005249203562729384,72.48540668898336
63.55894783675146,0.020562291096189945,0.12394269817579705,3.0540861870701352,0.942347676332436,0.0005347076471004643,73.7732378070255
63.55894783675146,0.020562291096189945,0.12394269817579705,3.0540861870701352,0.942347676332436,0.0005347076471004643,73.7732378070255
62.64436877741262,0.020511738534750513,0.12593132064626764,3.05997036282394,0.9366572563189998,0.0005362284408458322,70.2487096856237
62.64436877741262,0.020511738534750513,0.12593132064626764,3.05997036282394,0.9366572563189998,0.0005362284408458322,70.2487096856237
62.67609673455923,0.020650032969362953,0.126644868939486,3.0637620983660456,0.9345414670711625,0.0005293708485365275,68.38771942515534
62.79776260034039,0.020780556475517346,0.12705690243209433,3.066373916412916,0.9380898391126248,0.0005270152497336218,69.69538620393146
62.718194470128594,0.020622175723538444,0.1267509721420721,3.0660528151219157,0.9336424879455952,0.0005230078432910414,70.68248307634124
62.718194470128594,0.020622175723538444,0.1267509721420721,3.0660528151219157,0.9336424879455952,0.0005230078432910414,70.68248307634124
62.718194470128594,0.020622175723538444,0.1267509721420721,3.0660528151219157,0.9336424879455952,0.0005230078432910414,70.68248307634124
62.718194470128594,0.020622175723538444,0.1267509721420721,3.0660528151219157,0.9336424879455952,0.0005230078432910414,70.68248307634124
62.718194470128594,0.020622175723538444,0.1267509721420721,3.0660528151219157,0.9336424879455952,0.0005230078432910414,70.68248307634124
61.88488443704921,0.020630181666960668,0.12855945061304377,3.0710593762474763,0.9315886030443645,0.000525985694068033,71.68368690347279
61.88488443704921,0.020630181666960668,0.12855945061304377,3.0710593762474763,0.9315886030443645,0.000525985694068033,71.68368690347279
61.372675219496884,0.0205716466679976,0.12933270777590664,3.0693910114357763,0.928855864819804,0.0005283221455652444,70.1701558444586
61.372675219496884,0.0205716466679976,0.12933270777590664,3.0693910114357763,0.928855864819804,0.0005283221455652444,70.1701558444586
61.372675219496884,0.0205716466679976,0.12933270777590664,3.0693910114357763,0.928855864819804,0.0005283221455652444,70.1701558444586
61.372675219496884,0.0205716466679976,0.12933270777590664,3.0693910114357763,0.928855864819804,0.0005283221455652444,70.1701558444586
61.372675219496884,0.0205716466679976,0.12933270777590664,3.0693910114357763,0.928855864819804,0.0005283221455652444,70.1701558444586
61.372675219496884,0.0205716466679976,0.12933270777590664,3.0693910114357763,0.928855864819804,0.0005283221455652444,70.1701558444586
61.372675219496884,0.0205716466679976,0.12933270777590664,3.0693910114357763,0.928855864819804,0.0005283221455652444,70.1701558444586
61.372675219496884,0.0205716466679976,0.12933270777590664,3.0693910114357763,0.928855864819804,0.0005283221455652444,70.1701558444586
61.372675219496884,0.0205716466679976,0.12933270777590664,3.0693910114357763,0.928855864819804,0.0005283221455652444,70.1701558444586
61.372675219496884,0.0205716466679976,0.12933270777590664,3.0693910114357763,0.928855864819804,0.0005283221455652444,70.1701558444586
61.372675219496884,0.0205716466679976,0.12933270777590664,3.0693910114357763,0.928855864819804,0.0005283221455652444,70.1701558444586
61.372675219496884,0.0205716466679976,0.12933270777590664,3.0693910114357763,0.928855864819804,0.0005283221455652444,70.1701558444586
61.372675219496884,0.0205716466679976,0.12933270777590664,3.0693910114357763,0.928855864819804,0.0005283221455652444,70.1701558444586
61.372675219496884,0.0205716466679976,0.12933270777590664,3.0693910114357763,0.928855864819804,0.0005283221455652444,70.1701558444586
61.907453940254065,0.020493032615894514,0.1279376829066447,3.065789541676974,0.9317385011296373,0.0005234018629859177,69.53247839198323
61.907453940254065,0.020493032615894514,0.1279376829066447,3.065789541676974,0.9317385011296373,0.0005234018629859177,69.53247839198323
61.907453940254065,0.020493032615894514,0.1279376829066447,3.065789541676974,0.9317385011296373,0.0005234018629859177,69.53247839198323
61.907453940254065,0.020493032615894514,0.1279376829066447,3.065789541676974,0.9317385011296373,0.0005234018629859177,69.53247839198323
61.907453940254065,0.020493032615894514,0.1279376829066447,3.065789541676974,0.9317385011296373,0.0005234018629859177,69.53247839198323
61.907453940254065,0.020493032615894514,0.1279376829066447,3.065789541676974,0.9317385011296373,0.0005234018629859177,69.53247839198323
61.907453940254065,0.020493032615894514,0.1279376829066447,3.065789541676974,0.9317385011296373,0.0005234018629859177,69.53247839198323
61.89654916676987,0.02073295376110674,0.12827610249561539,3.0679502011672297,0.9325079029766341,0.0005149995790128568,68.7250875983428
61.89654916676987,0.02073295376110674,0.12827610249561539,3.0679502011672297,0.9325079029766341,0.0005149995790128568,68.7250875983428
61.89654916676987,0.02073295376110674,0.12827610249561539,3.0679502011672297,0.9325079029766341,0.0005149995790128568,68.7250875983428
61.89654916676987,0.02073295376110674,0.12827610249561539,3.0679502011672297,0.9325079029766341,0.0005149995790128568,68.7250875983428
61.89654916676987,0.02073295376110674,0.12827610249561539,3.0679502011672297,0.9325079029766341,0.0005149995790128568,68.7250875983428
62.74893700346864,0.02094324386545009,0.12704363257818252,3.066276546462712,0.9364669129800274,0.0005029322240194118,68.47365492662249
63.15531508096698,0.021165719263393938,0.12627971287231943,3.0659848758823327,0.9390849585658789,0.0004993374647343702,69.61033450285925
63.55566643327434,0.020863719019274106,0.12362945872449159,3.0550060009394913,0.9402183469835581,0.0005055826708965746,69.84929793853662
63.55566643327434,0.020863719019274106,0.12362945872449159,3.0550060009394913,0.9402183469835581,0.0005055826708965746,69.84929793853662
63.55566643327434,0.020863719019274106,0.12362945872449159,3.0550060009394913,0.9402183469835581,0.0005055826708965746,69.84929793853662
63.55566643327434,0.020863719019274106,0.12362945872449159,3.0550060009394913,0.9402183469835581,0.0005055826708965746,69.84929793853662
63.55566643327434,0.020863719019274106,0.12362945872449159,3.0550060009394913,0.9402183469835581,0.0005055826708965746,69.84929793853662
63.55566643327434,0.020863719019274106,0.12362945872449159,3.0550060009394913,0.9402183469835581,0.0005055826708965746,69.84929793853662
63.7562358454166,0.02105129281009202,0.12342790378915511,3.0549851598286093,0.9415995809812371,0.0005043191654612227,70.31528327848024
63.702139627939786,0.021020234498537044,0.12514339680701023,3.061427784790947,0.9394335777221786,0.0005038413984091607,71.3239603954471
63.702139627939786,0.021020234498537044,0.12514339680701023,3.061427784790947,0.9394335777221786,0.0005038413984091607,71.3239603954471
63.35098406745887,0.020891585957702068,0.12485765856274268,3.05981956024958,0.9388780055402769,0.0005060510186710336,67.3044185920723
63.662326448502476,0.02091898944382709,0.12468527314552813,3.0615013142405543,0.9420252318376012,0.0004959417623094668,68.02290508986944
63.739290602899686,0.02126926994658622,0.12497365660317943,3.0618025667381055,0.9419839135753626,0.0005004265656980678,69.78391229855534
63.739290602899686,0.02126926994658622,0.12497365660317943,3.0618025667381055,0.9419839135753626,0.0005004265656980678,69.78391229855534
63.739290602899686,0.02126926994658622,0.12497365660317943,3.0618025667381055,0.9419839135753626,0.0005004265656980678,69.78391229855534
63.10258675104225,0.020994200784856816,0.1259524019631905,3.0632540101870265,0.9384681407825295,0.0005038121919011402,67.64608982595645
63.10258675104225,0.020994200784856816,0.1259524019631905,3.0632540101870265,0.9384681407825295,0.0005038121919011402,67.64608982595645
63.10258675104225,0.020994200784856816,0.1259524019631905,3.0632540101870265,0.9384681407825295,0.0005038121919011402,67.64608982595645
63.10258675104225,0.020994200784856816,0.1259524019631905,3.0632540101870265,0.9384681407825295,0.0005038121919011402,67.64608982595645
63.63742563775125,0.020993859676198906,0.12388506857431303,3.059831470130033,0.9374010415323998,0.0005087227109314423,70.46097434707507
63.63742563775125,0.020993859676198906,0.12388506857431303,3.059831470130033,0.9374010415323998,0.0005087227109314423,70.46097434707507
63.63742563775125,0.020993859676198906,0.12388506857431303,3.059831470130033,0.9374010415323998,0.0005087227109314423,70.46097434707507
63.56169071863174,0.020712495926097196,0.12316387790486294,3.0554552604651835,0.9381842992632602,0.0005003416191788572,71.77321347809145
63.56169071863174,0.020712495926097196,0.12316387790486294,3.0554552604651835,0.9381842992632602,0.0005003416191788572,71.77321347809145
63.56169071863174,0.020712495926097196,0.12316387790486294,3.0554552604651835,0.9381842992632602,0.0005003416191788572,71.77321347809145
63.56169071863174,0.020712495926097196,0.12316387790486294,3.0554552604651835,0.9381842992632602,0.0005003416191788572,71.77321347809145
63.56169071863174,0.020712495926097196,0.12316387790486294,3.0554552604651835,0.9381842992632602,0.0005003416191788572,71.77321347809145
63.56169071863174,0.020712495926097196,0.12316387790486294,3.0554552604651835,0.9381842992632602,0.0005003416191788572,71.77321347809145
64.53975359918478,0.020903712142734763,0.12092700358331068,3.051411459818433,0.9470300397551298,0.000497254651131979,71.80983422212367
64.4839980979351,0.02080066722301288,0.12197398738525875,3.0555804314633925,0.9420390574531868,0.0005034033969274378,73.88504073492248
65.05118943644496,0.021168392329147745,0.12084772717860286,3.052226052504855,0.9491631552155931,0.0004929894446899371,68.6188025647004
65.05118943644496,0.021168392329147745,0.12084772717860286,3.052226052504855,0.9491631552155931,0.0004929894446899371,68.6188025647004
65.05118943644496,0.021168392329147745,0.12084772717860286,3.052226052504855,0.9491631552155931,0.0004929894446899371,68.6188025647004
65.05118943644496,0.021168392329147745,0.12084772717860286,3.052226052504855,0.9491631552155931,0.0004929894446899371,68.6188025647004
65.05118943644496,0.021168392329147745,0.12084772717860286,3.052226052504855,0.9491631552155931,0.0004929894446899371,68.6188025647004
65.05118943644496,0.021168392329147745,0.12084772717860286,3.052226052504855,0.9491631552155931,0.0004929894446899371,68.6188025647004
64.23153937625868,0.021214758777295416,0.12315583065337282,3.0585747355748247,0.9484487429098056,0.00048424571326466403,66.94092042203407
64.23153937625868,0.021214758777295416,0.12315583065337282,3.0585747355748247,0.9484487429098056,0.00048424571326466403,66.94092042203407
64.23153937625868,0.021214758777295416,0.12315583065337282,3.0585747355748247,0.9484487429098056,0.00048424571326466403,66.94092042203407
65.16967333776633,0.021526621687899785,0.12184936029403355,3.059148187529088,0.9540608317606801,0.000484701203747648,71.05265628539007
65.16967333776633,0.021526621687899785,0.12184936029403355,3.059148187529088,0.9540608317606801,0.000484701203747648,71.05265628539007
65.16967333776633,0.021526621687899785,0.12184936029403355,3.059148187529088,0.9540608317606801,0.000484701203747648,71.05265628539007
65.16967333776633,0.021526621687899785,0.12184936029403355,3.059148187529088,0.9540608317606801,0.000484701203747648,71.05265628539007
65.1523183151391,0.021281666753927085,0.12186817648382367,3.0592149227675476,0.9483985716461154,0.000485173771637539,73.32151473334225
65.1523183151391,0.021281666753927085,0.12186817648382367,3.0592149227675476,0.9483985716461154,0.000485173771637539,73.32151473334225
64.40994030607673,0.021432182209419982,0.12411177345516125,3.0652037421166676,0.9484904379886978,0.0004765507157673625,73.27526291040783
63.32112980672736,0.02120092622215502,0.12548362180768752,3.066701969483697,0.9403710463871129,0.0004843980723349595,72.23151191793902
63.32112980672736,0.02120092622215502,0.12548362180768752,3.066701969483697,0.9403710463871129,0.0004843980723349595,72.23151191793902
63.32112980672736,0.02120092622215502,0.12548362180768752,3.066701969483697,0.9403710463871129,0.0004843980723349595,72.23151191793902
63.12092663514275,0.02123892759785706,0.1260237226438919,3.0672468262814876,0.939061811359735,0.0004795783147217337,72.6998852346356
63.12092663514275,0.02123892759785706,0.1260237226438919,3.0672468262814876,0.939061811359735,0.0004795783147217337,72.6998852346356
62.958765784809394,0.021146278440414758,0.12680978701625747,3.068821038991467,0.9436984308461874,0.00047503070984835147,70.48576127781541
62.958765784809394,0.021146278440414758,0.12680978701625747,3.068821038991467,0.9436984308461874,0.00047503070984835147,70.48576127781541
62.218934079865,0.02107398745959701,0.12863112638705074,3.071591922030873,0.9380835149296932,0.0004790649371188936,72.24795717472948
62.218934079865,0.02107398745959701,0.12863112638705074,3.071591922030873,0.9380835149296932,0.0004790649371188936,72.24795717472948
62.218934079865,0.02107398745959701,0.12863112638705074,3.071591922030873,0.9380835149296932,0.0004790649371188936,72.24795717472948
62.218934079865,0.02107398745959701,0.12863112638705074,3.071591922030873,0.9380835149296932,0.0004790649371188936,72.24795717472948
62.218934079865,0.02107398745959701,0.12863112638705074,3.071591922030873,0.9380835149296932,0.0004790649371188936,72.24795717472948
63.08853581039471,0.020900719100375106,0.12574283130785271,3.0635393219574936,0.9434637961999571,0.0004827303693645522,67.54797353068211
63.08853581039471,0.020900719100375106,0.12574283130785271,3.0635393219574936,0.9434637961999571,0.0004827303693645522,67.54797353068211
62.36496478106816,0.020760890894921547,0.1266828225151512,3.066415092807303,0.9373955695517542,0.0004895252797189994,68.90465843240386
62.64077759223025,0.020580831191548115,0.12563270690623063,3.0615489233466437,0.9381254516883868,0.0004904048094211677,69.52269884245885
62.37751385961154,0.020657267464738328,0.12576180919125676,3.062353270485451,0.9378523678385008,0.0004934412809006211,71.55677067397491
62.67447958557082,0.020819897988880523,0.12574401914887318,3.0631029506001326,0.939733744031492,0.000495778133118771,69.09879158153608
63.07937726022295,0.020963122558363797,0.1261218551596016,3.063868030010593,0.9443283600815703,0.0005069856920910432,68.64599576002377
63.634346506280586,0.02084363683487219,0.12383813855078661,3.0574175975245166,0.9465772819183443,0.0005022244207188025,67.91782488105625
63.52565872480968,0.020697889572072286,0.12343159813416832,3.0566859881570476,0.9452516598978223,0.0004935451859298539,70.21614828955539
63.47480193059514,0.02091741296446393,0.12476913066311392,3.0599416321474706,0.9458411888127736,0.0004811866467612793,68.82658453000408
62.844348842537094,0.020876309243535892,0.1253902060519449,3.0606183303400605,0.9371452374376285,0.0004895103448050514,69.53363026824684
62.844348842537094,0.020876309243535892,0.1253902060519449,3.0606183303400605,0.9371452374376285,0.0004895103448050514,69.53363026824684
64.03563698631561,0.02098064925814221,0.12251987511578671,3.0547670532207185,0.9474261876112372,0.0004922005305835791,68.47105745596478
64.363187101083,0.021138904541534317,0.12287156561897514,3.0577609655005515,0.950579448005091,0.0004931457353041709,66.61238442637851
64.363187101083,0.021138904541534317,0.12287156561897514,3.0577609655005515,0.950579448005091,0.0004931457353041709,66.61238442637851
64.363187101083,0.021138904541534317,0.12287156561897514,3.0577609655005515,0.950579448005091,0.0004931457353041709,66.61238442637851
64.363187101083,0.021138904541534317,0.12287156561897514,3.0577609655005515,0.950579448005091,0.0004931457353041709,66.61238442637851
64.363187101083,0.021138904541534317,0.12287156561897514,3.0577609655005515,0.950579448005091,0.0004931457353041709,66.61238442637851
64.363187101083,0.021138904541534317,0.12287156561897514,3.0577609655005515,0.950579448005091,0.0004931457353041709,66.61238442637851
64.363187101083,0.021138904541534317,0.12287156561897514,3.0577609655005515,0.950579448005091,0.0004931457353041709,66.61238442637851
64.363187101083,0.021138904541534317,0.12287156561897514,3.0577609655005515,0.950579448005091,0.0004931457353041709,66.61238442637851
64.363187101083,0.021138904541534317,0.12287156561897514,3.0577609655005515,0.950579448005091,0.0004931457353041709,66.61238442637851
64.363187101083,0.021138904541534317,0.12287156561897514,3.0577609655005515,0.950579448005091,0.0004931457353041709,66.61238442637851
64.363187101083,0.021138904541534317,0.12287156561897514,3.0577609655005515,0.950579448005091,0.0004931457353041709,66.61238442637851
63.788830675118206,0.021059726939579568,0.1234345743146771,3.0562541913700576,0.9465659914413141,0.0005010057922450204,68.24828114714991
63.788830675118206,0.021059726939579568,0.1234345743146771,3.0562541913700576,0.9465659914413141,0.0005010057922450204,68.24828114714991
63.788830675118206,0.021059726939579568,0.1234345743146771,3.0562541913700576,0.9465659914413141,0.0005010057922450204,68.24828114714991
63.788830675118206,0.021059726939579568,0.1234345743146771,3.0562541913700576,0.9465659914413141,0.0005010057922450204,68.24828114714991
64.32057542714668,0.021143372323876794,0.12345617846281458,3.058155383001273,0.9516108399972719,0.0004958157090177709,67.85975764165086
63.39748536129851,0.021082776643455318,0.12485176854899036,3.0621736724337176,0.9462618727453331,0.000489294220048031,68.15755396414352
63.39748536129851,0.021082776643455318,0.12485176854899036,3.0621736724337176,0.9462618727453331,0.000489294220048031,68.15755396414352
63.847925704433614,0.02112314939978697,0.12424801174180566,3.061521464661773,0.9486960906180758,0.00047991392354090716,67.2102833309313
63.847925704433614,0.02112314939978697,0.12424801174180566,3.061521464661773,0.9486960906180758,0.00047991392354090716,67.2102833309313
63.43670357834315,0.020990356503870086,0.12509999942329794,3.0628145742365303,0.9444831618909412,0.0004820930916762303,67.1083424739142
63.43670357834315,0.020990356503870086,0.12509999942329794,3.0628145742365303,0.9444831618909412,0.0004820930916762303,67.1083424739142
63.43670357834315,0.020990356503870086,0.12509999942329794,3.0628145742365303,0.9444831618909412,0.0004820930916762303,67.1083424739142
63.43670357834315,0.020990356503870086,0.12509999942329794,3.0628145742365303,0.9444831618909412,0.0004820930916762303,67.1083424739142
63.43670357834315,0.020990356503870086,0.12509999942329794,3.0628145742365303,0.9444831618909412,0.0004820930916762303,67.1083424739142
63.43670357834315,0.020990356503870086,0.12509999942329794,3.0628145742365303,0.9444831618909412,0.0004820930916762303,67.1083424739142
63.43670357834315,0.020990356503870086,0.12509999942329794,3.0628145742365303,0.9444831618909412,0.0004820930916762303,67.1083424739142
63.43670357834315,0.020990356503870086,0.12509999942329794,3.0628145742365303,0.9444831618909412,0.0004820930916762303,67.1083424739142
63.43670357834315,0.020990356503870086,0.12509999942329794,3.0628145742365303,0.9444831618909412,0.0004820930916762303,67.1083424739142
63.40705082241667,0.020966270834923122,0.12527862578782353,3.0643136856741524,0.9493066829689089,0.00047516368958205635,69.82487716181534
63.40705082241667,0.020966270834923122,0.12527862578782353,3.0643136856741524,0.9493066829689089,0.00047516368958205635,69.82487716181534
62.58741062859912,0.0207206188642925,0.12586078037666676,3.0638747906664863,0.9355389713700495,0.00048721604111374024,68.96895303313453
62.35235124335046,0.020582451980990346,0.12643671234430398,3.064457896927912,0.9324080838937696,0.0004945726006360074,69.59860850134542
62.35235124335046,0.020582451980990346,0.12643671234430398,3.064457896927912,0.9324080838937696,0.0004945726006360074,69.59860850134542
62.35235124335046,0.020582451980990346,0.12643671234430398,3.064457896927912,0.9324080838937696,0.0004945726006360074,69.59860850134542
62.35235124335046,0.020582451980990346,0.12643671234430398,3.064457896927912,0.9324080838937696,0.0004945726006360074,69.59860850134542
62.35235124335046,0.020582451980990346,0.12643671234430398,3.064457896927912,0.9324080838937696,0.0004945726006360074,69.59860850134542
62.06993453411381,0.020712125237370677,0.1276346300709878,3.066746966889274,0.9311923680779556,0.0004916722673813846,68.9648870611423
60.78417915800308,0.020497533738116185,0.13044223561245166,3.0732161719509863,0.9177591438270888,0.0005009357004932523,75.17222255359383
60.78417915800308,0.020497533738116185,0.13044223561245166,3.0732161719509863,0.9177591438270888,0.0005009357004932523,75.17222255359383
61.19660824891772,0.020569705921348547,0.12949015648342266,3.0714921285774737,0.9265078084715063,0.0004942359171737409,70.19125607447977
61.19660824891772,0.020569705921348547,0.12949015648342266,3.0714921285774737,0.9265078084715063,0.0004942359171737409,70.19125607447977
61.19660824891772,0.020569705921348547,0.12949015648342266,3.0714921285774737,0.9265078084715063,0.0004942359171737409,70.19125607447977
61.19660824891772,0.020569705921348547,0.12949015648342266,3.0714921285774737,0.9265078084715063,0.0004942359171737409,70.19125607447977
61.19660824891772,0.020569705921348547,0.12949015648342266,3.0714921285774737,0.9265078084715063,0.0004942359171737409,70.19125607447977
61.19660824891772,0.020569705921348547,0.12949015648342266,3.0714921285774737,0.9265078084715063,0.0004942359171737409,70.19125607447977
61.19660824891772,0.020569705921348547,0.12949015648342266,3.0714921285774737,0.9265078084715063,0.0004942359171737409,70.19125607447977
61.199152062896516,0.02065114354924439,0.12944145991101774,3.071302070678762,0.9287195106242565,0.0004990860284920111,71.17997615654129
61.199152062896516,0.02065114354924439,0.12944145991101774,3.071302070678762,0.9287195106242565,0.0004990860284920111,71.17997615654129
62.400845450989465,0.02072821261967527,0.1262079309006599,3.0645779470887864,0.9374981992368628,0.0004966677424537619,70.1781876533702
62.400845450989465,0.02072821261967527,0.1262079309006599,3.0645779470887864,0.9374981992368628,0.0004966677424537619,70.1781876533702
62.345594482594294,0.02086398062458354,0.1272651434580221,3.0698665943203163,0.9366852318031738,0.0004960130781791538,72.02683917640151
63.27015367332457,0.020846984819645628,0.1253896157097403,3.0648906424023785,0.9429620404320724,0.0004940745006757078,69.04156183758433
63.27015367332457,0.020846984819645628,0.1253896157097403,3.0648906424023785,0.9429620404320724,0.0004940745006757078,69.04156183758433
63.27015367332457,0.020846984819645628,0.1253896157097403,3.0648906424023785,0.9429620404320724,0.0004940745006757078,69.04156183758433
63.27015367332457,0.020846984819645628,0.1253896157097403,3.0648906424023785,0.9429620404320724,0.0004940745006757078,69.04156183758433
63.69900192253806,0.020872739710268297,0.12315312001427604,3.057117077933172,0.9464742354774104,0.0004977280213038414,69.6761684393173
63.18262415283837,0.020711885841703817,0.1239163880840695,3.0586783718163124,0.943025810180448,0.0004991462649493169,72.2530970615125
63.18262415283837,0.020711885841703817,0.1239163880840695,3.0586783718163124,0.943025810180448,0.0004991462649493169,72.2530970615125
63.18262415283837,0.020711885841703817,0.1239163880840695,3.0586783718163124,0.943025810180448,0.0004991462649493169,72.2530970615125
62.09414999588688,0.020568240722735488,0.12652943114300297,3.0656237235533284,0.930639183413917,0.0005018725619327546,73.35523451778327
62.02206213803392,0.020477211573069004,0.1266895588194538,3.0668326366501395,0.9356018068865984,0.0004899662777650897,74.61078096638528
62.91364012465595,0.02080282641662462,0.1249894517212478,3.064933128763158,0.939080185681178,0.00048735040232190577,75.31438281703268
62.91364012465595,0.02080282641662462,0.1249894517212478,3.064933128763158,0.939080185681178,0.00048735040232190577,75.31438281703268
62.577093755238934,0.02066247495677875,0.12497767668939308,3.0616300341086937,0.9359036603971114,0.0004935217751707412,75.18327296231772
62.577093755238934,0.02066247495677875,0.12497767668939308,3.0616300341086937,0.9359036603971114,0.0004935217751707412,75.18327296231772
62.577093755238934,0.02066247495677875,0.12497767668939308,3.0616300341086937,0.9359036603971114,0.0004935217751707412,75.18327296231772
62.577093755238934,0.02066247495677875,0.12497767668939308,3.0616300341086937,0.9359036603971114,0.0004935217751707412,75.18327296231772
61.89192358539123,0.020689275992814435,0.1265907174414721,3.0626757474453887,0.9333328678603231,0.000497072852910722,75.60120996326076
61.89192358539123,0.020689275992814435,0.1265907174414721,3.0626757474453887,0.9333328678603231,0.000497072852910722,75.60120996326076
61.89192358539123,0.020689275992814435,0.1265907174414721,3.0626757474453887,0.9333328678603231,0.000497072852910722,75.60120996326076
61.89192358539123,0.020689275992814435,0.1265907174414721,3.0626757474453887,0.9333328678603231,0.000497072852910722,75.60120996326076
61.89192358539123,0.020689275992814435,0.1265907174414721,3.0626757474453887,0.9333328678603231,0.000497072852910722,75.60120996326076
61.89192358539123,0.020689275992814435,0.1265907174414721,3.0626757474453887,0.9333328678603231,0.000497072852910722,75.60120996326076
62.00972316752813,0.020593325812704885,0.12629891752598577,3.0625408964170835,0.9351304489158874,0.000505309307236582,74.6434385021175
62.00972316752813,0.020593325812704885,0.12629891752598577,3.0625408964170835,0.9351304489158874,0.000505309307236582,74.6434385021175
62.00972316752813,0.020593325812704885,0.12629891752598577,3.0625408964170835,0.9351304489158874,0.000505309307236582,74.6434385021175
62.00972316752813,0.020593325812704885,0.12629891752598577,3.0625408964170835,0.9351304489158874,0.000505309307236582,74.6434385021175
62.60313829639402,0.020521958436811726,0.12464400780725934,3.0580446510354133,0.9413759705461746,0.0005021133716614918,76.436070257471
62.850883832354576,0.02051658294917753,0.12426728090477544,3.0575492753045137,0.9364267821232993,0.0004978902997049759,73.63696198611068
62.850883832354576,0.02051658294917753,0.12426728090477544,3.0575492753045137,0.9364267821232993,0.0004978902997049759,73.63696198611068
62.850883832354576,0.02051658294917753,0.12426728090477544,3.0575492753045137,0.9364267821232993,0.0004978902997049759,73.63696198611068
62.44320999774214,0.020749980742067048,0.12673733856896371,3.067588977377182,0.93286442873061,0.0004921852150906049,70.00380006134405
61.63453759279876,0.020669041783309444,0.1289497487347419,3.072907907327284,0.9313830702260242,0.0004916311682852423,70.65825711135348
61.63453759279876,0.020669041783309444,0.1289497487347419,3.072907907327284,0.9313830702260242,0.0004916311682852423,70.65825711135348
61.63453759279876,0.020669041783309444,0.1289497487347419,3.072907907327284,0.9313830702260242,0.0004916311682852423,70.65825711135348
61.63453759279876,0.020669041783309444,0.1289497487347419,3.072907907327284,0.9313830702260242,0.0004916311682852423,70.65825711135348
61.25721531763888,0.020597393050748463,0.13031312630774747,3.074678912427384,0.9274451932724829,0.0005019054157211251,71.02458540657157
61.25721531763888,0.020597393050748463,0.13031312630774747,3.074678912427384,0.9274451932724829,0.0005019054157211251,71.02458540657157
61.25721531763888,0.020597393050748463,0.13031312630774747,3.074678912427384,0.9274451932724829,0.0005019054157211251,71.02458540657157
61.25721531763888,0.020597393050748463,0.13031312630774747,3.074678912427384,0.9274451932724829,0.0005019054157211251,71.02458540657157
61.45194930962255,0.02074367134639836,0.13082670322805576,3.077075756698965,0.9309007324021258,0.000495781075673066,74.93026428637856
61.45194930962255,0.02074367134639836,0.13082670322805576,3.077075756698965,0.9309007324021258,0.000495781075673066,74.93026428637856
61.45194930962255,0.02074367134639836,0.13082670322805576,3.077075756698965,0.9309007324021258,0.000495781075673066,74.93026428637856
61.45194930962255,0.02074367134639836,0.13082670322805576,3.077075756698965,0.9309007324021258,0.000495781075673066,74.93026428637856
61.45194930962255,0.02074367134639836,0.13082670322805576,3.077075756698965,0.9309007324021258,0.000495781075673066,74.93026428637856
61.372531193560405,0.020756442407993344,0.13086871241203463,3.075266271463101,0.9257916283118344,0.0005018940948097895,75.20235054277553
60.62802862078324,0.020749801342993486,0.13138392267943083,3.0739398444006567,0.9205068667128585,0.0005167387122669493,77.88454383377555
60.62802862078324,0.020749801342993486,0.13138392267943083,3.0739398444006567,0.9205068667128585,0.0005167387122669493,77.88454383377555
60.862738847603296,0.02070167696313021,0.13054360299033604,3.0701882989683615,0.9241400349451284,0.0005204611176016229,76.35639387910636
61.088998144044204,0.020757725228987244,0.13034853643780003,3.0699887467457394,0.9253928698968491,0.0005179744867627066,75.81963102421884
61.088998144044204,0.020757725228987244,0.13034853643780003,3.0699887467457394,0.9253928698968491,0.0005179744867627066,75.81963102421884
61.088998144044204,0.020757725228987244,0.13034853643780003,3.0699887467457394,0.9253928698968491,0.0005179744867627066,75.81963102421884
61.68955887325319,0.020868403586116673,0.1281565786519901,3.0645997998331795,0.927135119924671,0.0005210470617918589,77.83315176103446
61.68955887325319,0.020868403586116673,0.1281565786519901,3.0645997998331795,0.927135119924671,0.0005210470617918589,77.83315176103446
61.59712754003231,0.020653710452606833,0.12766798223483414,3.061923960887564,0.9254752101536173,0.0005145773232643644,78.84947986296369
62.04745392049584,0.021004771229281568,0.1271294226033465,3.0637387444862005,0.930212057181781,0.0005112262987103354,79.99995056689473
61.823920427675084,0.021041285128984507,0.12856738787017635,3.0695478172416717,0.9272807869343187,0.0005181579561647375,78.62827217116977
61.823920427675084,0.021041285128984507,0.12856738787017635,3.0695478172416717,0.9272807869343187,0.0005181579561647375,78.62827217116977
62.09614954782242,0.02093587797157764,0.1274203222420687,3.062247995995317,0.9313462763373078,0.0005146261840015083,77.2903803460717
61.589754759233315,0.020807949351214165,0.12824337154508747,3.0630849517222387,0.930176134430902,0.0005253617547212599,79.04857618548647
62.181704284038204,0.020825773025296555,0.127611770069445,3.061690393670557,0.9300065166046929,0.0005166220168304654,78.3928814115171
62.181704284038204,0.020825773025296555,0.127611770069445,3.061690393670557,0.9300065166046929,0.0005166220168304654,78.3928814115171
62.02072874062618,0.020950250794625355,0.12802492498251147,3.064965960690671,0.9302601860163766,0.0005194166152908002,74.68309155912983
61.838393227869474,0.0207460026054853,0.12766136160986982,3.061809363427285,0.9308141464285269,0.0005206408761023318,75.85719372607112
62.43131887643276,0.020727892317695493,0.12568238194299317,3.056788705236574,0.9377438110311287,0.000510080703836411,76.70842336917471
62.43131887643276,0.020727892317695493,0.12568238194299317,3.056788705236574,0.9377438110311287,0.000510080703836411,76.70842336917471
62.471973720940355,0.020689423883531313,0.1258127072948109,3.057196907814024,0.9394673029228865,0.0005160231171892571,75.39207130026543
62.471973720940355,0.020689423883531313,0.1258127072948109,3.057196907814024,0.9394673029228865,0.0005160231171892571,75.39207130026543
62.268971019547436,0.020744190923649704,0.12721462869101088,3.0645213863557066,0.9378363127508192,0.0005164930421971001,69.14298119117598
62.268971019547436,0.020744190923649704,0.12721462869101088,3.0645213863557066,0.9378363127508192,0.0005164930421971001,69.14298119117598
62.268971019547436,0.020744190923649704,0.12721462869101088,3.0645213863557066,0.9378363127508192,0.0005164930421971001,69.14298119117598
62.65922679017089,0.020904328770757614,0.12717034407473396,3.0673629856807008,0.9416458841032355,0.0005131029769571754,70.34556888179934
62.65922679017089,0.020904328770757614,0.12717034407473396,3.0673629856807008,0.9416458841032355,0.0005131029769571754,70.34556888179934
62.08669827565165,0.02073469228112771,0.1277161232367172,3.066616612412935,0.9373481205543055,0.0005187196717654151,70.19294584702564
62.08669827565165,0.02073469228112771,0.1277161232367172,3.066616612412935,0.9373481205543055,0.0005187196717654151,70.19294584702564
62.08669827565165,0.02073469228112771,0.1277161232367172,3.066616612412935,0.9373481205543055,0.0005187196717654151,70.19294584702564
62.65046377882001,0.020741363082179515,0.1267634841233215,3.066758964327333,0.9394926956519298,0.0005205270447541715,70.63532856704347
62.54732551801587,0.020876087792026675,0.12745207214141002,3.065040088746491,0.935026966098814,0.0005170627588969624,69.7029723614714
62.54732551801587,0.020876087792026675,0.12745207214141002,3.065040088746491,0.935026966098814,0.0005170627588969624,69.7029723614714
62.54732551801587,0.020876087792026675,0.12745207214141002,3.065040088746491,0.935026966098814,0.0005170627588969624,69.7029723614714
62.69059056758339,0.021007870993813182,0.12699511373055905,3.0637736219452947,0.9329834929989682,0.0005250839597577466,70.97209520479257
62.69059056758339,0.021007870993813182,0.12699511373055905,3.0637736219452947,0.9329834929989682,0.0005250839597577466,70.97209520479257
62.69059056758339,0.021007870993813182,0.12699511373055905,3.0637736219452947,0.9329834929989682,0.0005250839597577466,70.97209520479257
62.080809416516146,0.02097896520365133,0.1284412971748936,3.069194232666773,0.9287578161669084,0.0005247965166890136,72.78357347099285
62.867780616762545,0.02108729827329806,0.12645925920973528,3.064411205460802,0.9284972207883851,0.0005256626550594358,75.78679299344357
62.867780616762545,0.02108729827329806,0.12645925920973528,3.064411205460802,0.9284972207883851,0.0005256626550594358,75.78679299344357
63.083417491619215,0.021184154203353026,0.12694722242785683,3.068848352548735,0.9322699372103289,0.0005240219536781327,75.7416190372736
61.83825036564977,0.021109244113930524,0.12916911364125372,3.071733406365029,0.9269771941122176,0.00052236910470052,79.59798556915908
62.297220307695255,0.020980990965261972,0.12823376862425948,3.0698143387489014,0.9303769269449976,0.0005192735720801017,71.59236539043435
63.02063738640759,0.020972169730717964,0.12617204800870327,3.0646562826919577,0.9356724673883204,0.0005192045613903027,67.99724637890382
63.02063738640759,0.020972169730717964,0.12617204800870327,3.0646562826919577,0.9356724673883204,0.0005192045613903027,67.99724637890382
62.64643965422774,0.02081624751100905,0.1266726371366164,3.066699038396202,0.9380647284403658,0.0005108530015943997,68.82898078688773
63.000271704865945,0.020846961131248443,0.12585930571953105,3.064926794431329,0.9380193417343509,0.0005217381604114613,68.93521914581409
63.000271704865945,0.020846961131248443,0.12585930571953105,3.064926794431329,0.9380193417343509,0.0005217381604114613,68.93521914581409
63.000271704865945,0.020846961131248443,0.12585930571953105,3.064926794431329,0.9380193417343509,0.0005217381604114613,68.93521914581409
63.000271704865945,0.020846961131248443,0.12585930571953105,3.064926794431329,0.9380193417343509,0.0005217381604114613,68.93521914581409
63.000271704865945,0.020846961131248443,0.12585930571953105,3.064926794431329,0.9380193417343509,0.0005217381604114613,68.93521914581409
63.000271704865945,0.020846961131248443,0.12585930571953105,3.064926794431329,0.9380193417343509,0.0005217381604114613,68.93521914581409
62.5686328971917,0.020814381541135876,0.1264854051332278,3.0639771825211946,0.9325129156277425,0.0005345881059031288,68.91467230793559
62.5686328971917,0.020814381541135876,0.1264854051332278,3.0639771825211946,0.9325129156277425,0.0005345881059031288,68.91467230793559
63.61288900867867,0.02093355100722812,0.12439041228178124,3.0616241989998465,0.9379581954159381,0.0005339092393725567,69.94935330097559
63.61288900867867,0.02093355100722812,0.12439041228178124,3.0616241989998465,0.9379581954159381,0.0005339092393725567,69.94935330097559
63.671233170786,0.020853752333585048,0.12414313761321111,3.061129423369231,0.9399695201297329,0.0005373388856005392,70.89641637222276
64.36229212041336,0.020832013801845833,0.12242164808983987,3.0561891726474526,0.9448498181835953,0.0005405919353885304,70.78849936145302
64.36229212041336,0.020832013801845833,0.12242164808983987,3.0561891726474526,0.9448498181835953,0.0005405919353885304,70.78849936145302
64.36229212041336,0.020832013801845833,0.12242164808983987,3.0561891726474526,0.9448498181835953,0.0005405919353885304,70.78849936145302
64.36229212041336,0.020832013801845833,0.12242164808983987,3.0561891726474526,0.9448498181835953,0.0005405919353885304,70.78849936145302
65.09653227107837,0.021182120955384402,0.12180475032580598,3.0576849342072463,0.9508578186292871,0.0005303051316191476,71.7863886000934
65.77488787566267,0.02106771092174387,0.1199528439698228,3.0523059756313082,0.9561812371529906,0.0005225007414787718,73.52567966331772
65.77488787566267,0.02106771092174387,0.1199528439698228,3.0523059756313082,0.9561812371529906,0.0005225007414787718,73.52567966331772
66.5356198300177,0.021225551299276925,0.1181147618865867,3.0466993944933947,0.9641144233906962,0.0005202207294045546,72.1436967986037
66.5356198300177,0.021225551299276925,0.1181147618865867,3.0466993944933947,0.9641144233906962,0.0005202207294045546,72.1436967986037
65.35461363872501,0.02116299174071444,0.12056928776417433,3.0501485604870324,0.9599842194755075,0.0005253303974719226,70.15493737065529
65.35461363872501,0.02116299174071444,0.12056928776417433,3.0501485604870324,0.9599842194755075,0.0005253303974719226,70.15493737065529
65.35461363872501,0.02116299174071444,0.12056928776417433,3.0501485604870324,0.9599842194755075,0.0005253303974719226,70.15493737065529
65.35461363872501,0.02116299174071444,0.12056928776417433,3.0501485604870324,0.9599842194755075,0.0005253303974719226,70.15493737065529
65.35461363872501,0.02116299174071444,0.12056928776417433,3.0501485604870324,0.9599842194755075,0.0005253303974719226,70.15493737065529
65.35461363872501,0.02116299174071444,0.12056928776417433,3.0501485604870324,0.9599842194755075,0.0005253303974719226,70.15493737065529
65.35461363872501,0.02116299174071444,0.12056928776417433,3.0501485604870324,0.9599842194755075,0.0005253303974719226,70.15493737065529
65.35461363872501,0.02116299174071444,0.12056928776417433,3.0501485604870324,0.9599842194755075,0.0005253303974719226,70.15493737065529
65.35461363872501,0.02116299174071444,0.12056928776417433,3.0501485604870324,0.9599842194755075,0.0005253303974719226,70.15493737065529
65.35461363872501,0.02116299174071444,0.12056928776417433,3.0501485604870324,0.9599842194755075,0.0005253303974719226,70.15493737065529
65.35461363872501,0.02116299174071444,0.12056928776417433,3.0501485604870324,0.9599842194755075,0.0005253303974719226,70.15493737065529
65.35461363872501,0.02116299174071444,0.12056928776417433,3.0501485604870324,0.9599842194755075,0.0005253303974719226,70.15493737065529
64.93170016073434,0.021063662925731277,0.12141722159828383,3.0508069928555104,0.9575344397170661,0.0005272995426211049,70.8593794117275
64.93170016073434,0.021063662925731277,0.12141722159828383,3.0508069928555104,0.9575344397170661,0.0005272995426211049,70.8593794117275
64.93170016073434,0.021063662925731277,0.12141722159828383,3.0508069928555104,0.9575344397170661,0.0005272995426211049,70.8593794117275
64.93170016073434,0.021063662925731277,0.12141722159828383,3.0508069928555104,0.9575344397170661,0.0005272995426211049,70.8593794117275
64.29019189021851,0.02091061012537766,0.12163393418872906,3.0482064435634078,0.9482441921493512,0.0005318485429850382,72.19719032668594
64.29019189021851,0.02091061012537766,0.12163393418872906,3.0482064435634078,0.9482441921493512,0.0005318485429850382,72.19719032668594
64.74982398976246,0.02089369977039979,0.12146402080939363,3.051939696087183,0.9513880182368641,0.000532397449204234,69.15441241919952
64.94459628348012,0.021013335294307937,0.12021154028264841,3.048298191265828,0.9483035200787561,0.0005304974469119825,70.73789323516976
65.35067482625529,0.021225437455736233,0.12036902624051243,3.0509473131941003,0.953906861478626,0.0005276284385561771,67.40095057719903
65.35067482625529,0.021225437455736233,0.12036902624051243,3.0509473131941003,0.953906861478626,0.0005276284385561771,67.40095057719903
65.35067482625529,0.021225437455736233,0.12036902624051243,3.0509473131941003,0.953906861478626,0.0005276284385561771,67.40095057719903
65.35067482625529,0.021225437455736233,0.12036902624051243,3.0509473131941003,0.953906861478626,0.0005276284385561771,67.40095057719903
65.35067482625529,0.021225437455736233,0.12036902624051243,3.0509473131941003,0.953906861478626,0.0005276284385561771,67.40095057719903
65.35067482625529,0.021225437455736233,0.12036902624051243,3.0509473131941003,0.953906861478626,0.0005276284385561771,67.40095057719903
65.35067482625529,0.021225437455736233,0.12036902624051243,3.0509473131941003,0.953906861478626,0.0005276284385561771,67.40095057719903
65.67371984752545,0.02138156055530474,0.1195614204031387,3.0498754645253263,0.9514597603897227,0.0005271729059088199,70.76517046685777
65.44535838477768,0.021365910942206082,0.12057573116633367,3.0510728046788103,0.9543679431149124,0.0005180509275354029,66.39699289998391
65.44535838477768,0.021365910942206082,0.12057573116633367,3.0510728046788103,0.9543679431149124,0.0005180509275354029,66.39699289998391
65.44535838477768,0.021365910942206082,0.12057573116633367,3.0510728046788103,0.9543679431149124,0.0005180509275354029,66.39699289998391
65.44535838477768,0.021365910942206082,0.12057573116633367,3.0510728046788103,0.9543679431149124,0.0005180509275354029,66.39699289998391
65.44535838477768,0.021365910942206082,0.12057573116633367,3.0510728046788103,0.9543679431149124,0.0005180509275354029,66.39699289998391
65.16721491479815,0.021555974565220504,0.12202089383596242,3.0564699746419253,0.9479980185219129,0.0005220972979658558,71.04067798911345
65.16721491479815,0.021555974565220504,0.12202089383596242,3.0564699746419253,0.9479980185219129,0.0005220972979658558,71.04067798911345
65.16721491479815,0.021555974565220504,0.12202089383596242,3.0564699746419253,0.9479980185219129,0.0005220972979658558,71.04067798911345
65.16721491479815,0.021555974565220504,0.12202089383596242,3.0564699746419253,0.9479980185219129,0.0005220972979658558,71.04067798911345
64.62515774801973,0.021371300354908383,0.12231928179217746,3.0552596264677185,0.9446272388932792,0.0005216066861617588,70.26650717755665
64.62515774801973,0.021371300354908383,0.12231928179217746,3.0552596264677185,0.9446272388932792,0.0005216066861617588,70.26650717755665
65.57962122476903,0.02148858345915328,0.12006964449969794,3.048682528510772,0.9524323639727782,0.0005175498695589993,69.96463384604691
65.57962122476903,0.02148858345915328,0.12006964449969794,3.048682528510772,0.9524323639727782,0.0005175498695589993,69.96463384604691
65.57962122476903,0.02148858345915328,0.12006964449969794,3.048682528510772,0.9524323639727782,0.0005175498695589993,69.96463384604691
64.95947400731994,0.02129619577713618,0.1212070290383053,3.0524070380964576,0.9489131047461039,0.0005183621949444654,68.01140074359067
65.10740948134895,0.021172900163349054,0.12149369070633978,3.0516205416863063,0.9533699432189042,0.0005150132258276114,67.91920083143143
64.67376055629543,0.021206102606457045,0.12207023992471222,3.054255747840344,0.9504453749969779,0.0005056764224836502,66.29616203270672
64.67376055629543,0.021206102606457045,0.12207023992471222,3.054255747840344,0.9504453749969779,0.0005056764224836502,66.29616203270672
64.19336234571257,0.021195325912780946,0.1235523461552028,3.0581126983751035,0.9444499929847626,0.0005040648609619778,67.35442786214351
64.19336234571257,0.021195325912780946,0.1235523461552028,3.0581126983751035,0.9444499929847626,0.0005040648609619778,67.35442786214351
64.19336234571257,0.021195325912780946,0.1235523461552028,3.0581126983751035,0.9444499929847626,0.0005040648609619778,67.35442786214351
63.61667434559459,0.02096426089794612,0.12390097399374135,3.0586701902264957,0.9412966602501065,0.000506022539046644,67.35613773654147
63.61667434559459,0.02096426089794612,0.12390097399374135,3.0586701902264957,0.9412966602501065,0.000506022539046644,67.35613773654147
63.61667434559459,0.02096426089794612,0.12390097399374135,3.0586701902264957,0.9412966602501065,0.000506022539046644,67.35613773654147
64.06661406814003,0.02092263846427397,0.12283007894308597,3.0544080535116116,0.9430787841040916,0.0005068554463150736,68.13026731911498
64.06661406814003,0.02092263846427397,0.12283007894308597,3.0544080535116116,0.9430787841040916,0.0005068554463150736,68.13026731911498
64.06661406814003,0.02092263846427397,0.12283007894308597,3.0544080535116116,0.9430787841040916,0.0005068554463150736,68.13026731911498
64.06661406814003,0.02092263846427397,0.12283007894308597,3.0544080535116116,0.9430787841040916,0.0005068554463150736,68.13026731911498
64.06661406814003,0.02092263846427397,0.12283007894308597,3.0544080535116116,0.9430787841040916,0.0005068554463150736,68.13026731911498
64.3746948106091,0.020989563716975013,0.12265822682472928,3.0547431619887773,0.9515384704308719,0.0005020379938106631,68.17716846588456
63.373502411733064,0.02085916276683722,0.12457255623015996,3.060158960001223,0.9432966265910419,0.0005111155676186894,67.19418662310198
63.373502411733064,0.02085916276683722,0.12457255623015996,3.060158960001223,0.9432966265910419,0.0005111155676186894,67.19418662310198
63.373502411733064,0.02085916276683722,0.12457255623015996,3.060158960001223,0.9432966265910419,0.0005111155676186894,67.19418662310198
63.373502411733064,0.02085916276683722,0.12457255623015996,3.060158960001223,0.9432966265910419,0.0005111155676186894,67.19418662310198
63.373502411733064,0.02085916276683722,0.12457255623015996,3.060158960001223,0.9432966265910419,0.0005111155676186894,67.19418662310198
63.373502411733064,0.02085916276683722,0.12457255623015996,3.060158960001223,0.9432966265910419,0.0005111155676186894,67.19418662310198
64.08438932640786,0.021024247350727446,0.12336549726597003,3.0553820694424925,0.9475403979442897,0.0005224987779841915,66.88959322278514
64.08438932640786,0.021024247350727446,0.12336549726597003,3.0553820694424925,0.9475403979442897,0.0005224987779841915,66.88959322278514
64.08537735706611,0.02094132041526018,0.12360077560094723,3.0552850373021467,0.9463233189218699,0.0005257704059036005,68.56637478853405
63.25875170562973,0.020886530834463703,0.12494115598006755,3.0579305621838726,0.9433888458488712,0.0005272804016675726,68.65831402709195
63.25875170562973,0.020886530834463703,0.12494115598006755,3.0579305621838726,0.9433888458488712,0.0005272804016675726,68.65831402709195
64.34822440644834,0.021074992100941516,0.12258519623999131,3.0508384240047315,0.9476174936792885,0.0005264598260469183,70.96640038215641
65.27312978391633,0.02107056860116044,0.12079591703414828,3.0481290855164365,0.9500858537799047,0.0005272355063051564,70.61230506880668
65.27312978391633,0.02107056860116044,0.12079591703414828,3.0481290855164365,0.9500858537799047,0.0005272355063051564,70.61230506880668
65.27312978391633,0.02107056860116044,0.12079591703414828,3.0481290855164365,0.9500858537799047,0.0005272355063051564,70.61230506880668
65.27312978391633,0.02107056860116044,0.12079591703414828,3.0481290855164365,0.9500858537799047,0.0005272355063051564,70.61230506880668
65.27312978391633,0.02107056860116044,0.12079591703414828,3.0481290855164365,0.9500858537799047,0.0005272355063051564,70.61230506880668
65.27312978391633,0.02107056860116044,0.12079591703414828,3.0481290855164365,0.9500858537799047,0.0005272355063051564,70.61230506880668
64.60075629654023,0.02121271138341436,0.12277704233724972,3.0541390524035017,0.9453102433133108,0.0005312017869672136,67.8464029868604
64.60075629654023,0.02121271138341436,0.12277704233724972,3.0541390524035017,0.9453102433133108,0.0005312017869672136,67.8464029868604
64.60075629654023,0.02121271138341436,0.12277704233724972,3.0541390524035017,0.9453102433133108,0.0005312017869672136,67.8464029868604
64.60075629654023,0.02121271138341436,0.12277704233724972,3.0541390524035017,0.9453102433133108,0.0005312017869672136,67.8464029868604
64.60075629654023,0.02121271138341436,0.12277704233724972,3.0541390524035017,0.9453102433133108,0.0005312017869672136,67.8464029868604
64.60075629654023,0.02121271138341436,0.12277704233724972,3.0541390524035017,0.9453102433133108,0.0005312017869672136,67.8464029868604
64.60075629654023,0.02121271138341436,0.12277704233724972,3.0541390524035017,0.9453102433133108,0.0005312017869672136,67.8464029868604
64.6912862162123,0.021366777718823796,0.12255012698908631,3.051908005641728,0.9481711458324229,0.0005259694964549668,72.66302243970867
64.6912862162123,0.021366777718823796,0.12255012698908631,3.051908005641728,0.9481711458324229,0.0005259694964549668,72.66302243970867
64.6912862162123,0.021366777718823796,0.12255012698908631,3.051908005641728,0.9481711458324229,0.0005259694964549668,72.66302243970867
64.6912862162123,0.021366777718823796,0.12255012698908631,3.051908005641728,0.9481711458324229,0.0005259694964549668,72.66302243970867
64.99099527219533,0.021399733933107613,0.12250122843533261,3.0518937797494297,0.9527260499475407,0.0005325375852165205,73.853767357342
65.8489405199557,0.02177382003952755,0.12128886971048479,3.052120198482706,0.956080251690212,0.0005358604125469084,73.99514702198766
65.73035468046959,0.02188970252934527,0.12149172557514416,3.051756150885895,0.9544832143848608,0.0005316702611610566,80.27969201191428
65.14374719988548,0.021506034426966344,0.12130542414685658,3.0485886148814987,0.9535732338016215,0.0005319210818387762,74.35844139970484
64.91983112965596,0.02154568270126442,0.12188871585084946,3.05004064207909,0.9478744431008739,0.0005463886964337347,76.25426433555772
64.91983112965596,0.02154568270126442,0.12188871585084946,3.05004064207909,0.9478744431008739,0.0005463886964337347,76.25426433555772
64.91983112965596,0.02154568270126442,0.12188871585084946,3.05004064207909,0.9478744431008739,0.0005463886964337347,76.25426433555772
64.91983112965596,0.02154568270126442,0.12188871585084946,3.05004064207909,0.9478744431008739,0.0005463886964337347,76.25426433555772
64.91983112965596,0.02154568270126442,0.12188871585084946,3.05004064207909,0.9478744431008739,0.0005463886964337347,76.25426433555772
64.91983112965596,0.02154568270126442,0.12188871585084946,3.05004064207909,0.9478744431008739,0.0005463886964337347,76.25426433555772
64.91983112965596,0.02154568270126442,0.12188871585084946,3.05004064207909,0.9478744431008739,0.0005463886964337347,76.25426433555772
66.14801200574043,0.021463537098252942,0.11834484036925964,3.042352380664322,0.9580531065075761,0.0005510696264994808,71.29162585015685
65.63809568363432,0.021350209515211008,0.1197656826926141,3.045916800826262,0.9569771800932065,0.0005485457942191163,68.95965834682713
65.63809568363432,0.021350209515211008,0.1197656826926141,3.045916800826262,0.9569771800932065,0.0005485457942191163,68.95965834682713
65.63809568363432,0.021350209515211008,0.1197656826926141,3.045916800826262,0.9569771800932065,0.0005485457942191163,68.95965834682713
65.6466363521658,0.02144896247044572,0.1200300340092715,3.0486496090011594,0.9525652792086993,0.0005495967561822467,68.21489064068149
64.62910297319635,0.021271093855422602,0.12263943198261491,3.0552139943156824,0.9453274461349476,0.0005510474453892515,67.01713796692019
65.35628963267523,0.021365921990077422,0.1215074066075944,3.053551154227937,0.9491104460211058,0.0005430154913712934,67.03994230124411
66.46112732126957,0.021521798369902496,0.11829510350778442,3.0445550110192476,0.958739409949911,0.0005464096721389282,67.68295179029033
66.46112732126957,0.021521798369902496,0.11829510350778442,3.0445550110192476,0.958739409949911,0.0005464096721389282,67.68295179029033
66.46112732126957,0.021521798369902496,0.11829510350778442,3.0445550110192476,0.958739409949911,0.0005464096721389282,67.68295179029033
66.39650724293529,0.02148221596983222,0.11863246672304847,3.0466339362400126,0.9600905229390122,0.0005336398974995153,66.89400279335578
66.08051407969671,0.021359455759838775,0.11962703763830883,3.0499464434943695,0.9563270032687492,0.0005210038410204253,67.37660576660569
66.08051407969671,0.021359455759838775,0.11962703763830883,3.0499464434943695,0.9563270032687492,0.0005210038410204253,67.37660576660569
66.8990392488559,0.021440553269479013,0.1187293802334371,3.049250465680173,0.9627420849666473,0.0005252082175365845,73.4883989581938
66.8990392488559,0.021440553269479013,0.1187293802334371,3.049250465680173,0.9627420849666473,0.0005252082175365845,73.4883989581938
66.8990392488559,0.021440553269479013,0.1187293802334371,3.049250465680173,0.9627420849666473,0.0005252082175365845,73.4883989581938
66.8990392488559,0.021440553269479013,0.1187293802334371,3.049250465680173,0.9627420849666473,0.0005252082175365845,73.4883989581938
66.8990392488559,0.021440553269479013,0.1187293802334371,3.049250465680173,0.9627420849666473,0.0005252082175365845,73.4883989581938
66.8990392488559,0.021440553269479013,0.1187293802334371,3.049250465680173,0.9627420849666473,0.0005252082175365845,73.4883989581938
66.69695496002032,0.021381224327825278,0.11863824473572201,3.0461786682892944,0.9645028999188208,0.0005198112578476014,72.06493817717981
66.69695496002032,0.021381224327825278,0.11863824473572201,3.0461786682892944,0.9645028999188208,0.0005198112578476014,72.06493817717981
66.93236771529999,0.02135359700596064,0.11725077798150617,3.0416224291184424,0.9710224914614803,0.000519125752853078,74.48691688819322
66.93236771529999,0.02135359700596064,0.11725077798150617,3.0416224291184424,0.9710224914614803,0.000519125752853078,74.48691688819322
67.39993445580475,0.021355957810453515,0.11594092721167504,3.0374472641478776,0.9704794821463167,0.0005258679606248276,74.62399830044657
67.39993445580475,0.021355957810453515,0.11594092721167504,3.0374472641478776,0.9704794821463167,0.0005258679606248276,74.62399830044657
67.14032285582185,0.02150140907177332,0.11664160666399725,3.0408169750287324,0.9696311229296812,0.0005174364744372544,70.80526923962555
67.14032285582185,0.02150140907177332,0.11664160666399725,3.0408169750287324,0.9696311229296812,0.0005174364744372544,70.80526923962555
67.07036443835536,0.021510610222881824,0.11655767189950429,3.040355591767401,0.9678031063713791,0.000514486505640393,70.7315502551901
66.48902441037563,0.021498570123221667,0.11838727591640723,3.0438970068917426,0.9642640069375134,0.0005084873294065871,70.69483083396123
66.48902441037563,0.021498570123221667,0.11838727591640723,3.0438970068917426,0.9642640069375134,0.0005084873294065871,70.69483083396123
66.48902441037563,0.021498570123221667,0.11838727591640723,3.0438970068917426,0.9642640069375134,0.0005084873294065871,70.69483083396123
67.69315773243987,0.021526207406964905,0.11606285773538182,3.0402746246814094,0.9669120433008341,0.0005123893025201645,72.72500372621228
67.69315773243987,0.021526207406964905,0.11606285773538182,3.0402746246814094,0.9669120433008341,0.0005123893025201645,72.72500372621228
67.69315773243987,0.021526207406964905,0.11606285773538182,3.0402746246814094,0.9669120433008341,0.0005123893025201645,72.72500372621228
67.69315773243987,0.021526207406964905,0.11606285773538182,3.0402746246814094,0.9669120433008341,0.0005123893025201645,72.72500372621228
67.69315773243987,0.021526207406964905,0.11606285773538182,3.0402746246814094,0.9669120433008341,0.0005123893025201645,72.72500372621228
67.69315773243987,0.021526207406964905,0.11606285773538182,3.0402746246814094,0.9669120433008341,0.0005123893025201645,72.72500372621228
67.56043109174513,0.021736458718289543,0.11627177438557754,3.0400761676670403,0.9728963684009645,0.0005060391221243062,72.2424035385864
67.56043109174513,0.021736458718289543,0.11627177438557754,3.0400761676670403,0.9728963684009645,0.0005060391221243062,72.2424035385864
67.56043109174513,0.021736458718289543,0.11627177438557754,3.0400761676670403,0.9728963684009645,0.0005060391221243062,72.2424035385864
66.69287966752474,0.02173382573272981,0.11843448994592305,3.0473864681476166,0.9708121447720084,0.0005024835276610561,72.1255714018449
68.05203486443213,0.021965098529017773,0.11581868460259223,3.041015750273328,0.9765674769907237,0.0004999526125281124,72.9202543334905
68.05203486443213,0.021965098529017773,0.11581868460259223,3.041015750273328,0.9765674769907237,0.0004999526125281124,72.9202543334905
68.05203486443213,0.021965098529017773,0.11581868460259223,3.041015750273328,0.9765674769907237,0.0004999526125281124,72.9202543334905
68.05203486443213,0.021965098529017773,0.11581868460259223,3.041015750273328,0.9765674769907237,0.0004999526125281124,72.9202543334905
68.05203486443213,0.021965098529017773,0.11581868460259223,3.041015750273328,0.9765674769907237,0.0004999526125281124,72.9202543334905
68.05203486443213,0.021965098529017773,0.11581868460259223,3.041015750273328,0.9765674769907237,0.0004999526125281124,72.9202543334905
68.05203486443213,0.021965098529017773,0.11581868460259223,3.041015750273328,0.9765674769907237,0.0004999526125281124,72.9202543334905
68.05203486443213,0.021965098529017773,0.11581868460259223,3.041015750273328,0.9765674769907237,0.0004999526125281124,72.9202543334905
68.05203486443213,0.021965098529017773,0.11581868460259223,3.041015750273328,0.9765674769907237,0.0004999526125281124,72.9202543334905
68.05203486443213,0.021965098529017773,0.11581868460259223,3.041015750273328,0.9765674769907237,0.0004999526125281124,72.9202543334905
68.05203486443213,0.021965098529017773,0.11581868460259223,3.041015750273328,0.9765674769907237,0.0004999526125281124,72.9202543334905
68.05203486443213,0.021965098529017773,0.11581868460259223,3.041015750273328,0.9765674769907237,0.0004999526125281124,72.9202543334905
68.05203486443213,0.021965098529017773,0.11581868460259223,3.041015750273328,0.9765674769907237,0.0004999526125281124,72.9202543334905
67.09751437281219,0.021950995329187678,0.11798249854605208,3.0444880546580544,0.9695214264453043,0.0005088730686364034,74.81749703445199
67.99293400837469,0.02208815457401189,0.11605220493481913,3.043023303417913,0.9747994864133487,0.0005082490350958042,73.35169129255878
67.99293400837469,0.02208815457401189,0.11605220493481913,3.043023303417913,0.9747994864133487,0.0005082490350958042,73.35169129255878
67.99293400837469,0.02208815457401189,0.11605220493481913,3.043023303417913,0.9747994864133487,0.0005082490350958042,73.35169129255878
67.65128164845879,0.022074840670253986,0.11680094113910472,3.043207359431026,0.9715634083836298,0.0005043513124011324,74.44512605941121
67.65128164845879,0.022074840670253986,0.11680094113910472,3.043207359431026,0.9715634083836298,0.0005043513124011324,74.44512605941121
67.65128164845879,0.022074840670253986,0.11680094113910472,3.043207359431026,0.9715634083836298,0.0005043513124011324,74.44512605941121
67.28250047288755,0.021834503131419252,0.11740001923507098,3.042672653684711,0.9721996972521701,0.0005137400625349573,73.45051076337012
67.28250047288755,0.021834503131419252,0.11740001923507098,3.042672653684711,0.9721996972521701,0.0005137400625349573,73.45051076337012
67.28250047288755,0.021834503131419252,0.11740001923507098,3.042672653684711,0.9721996972521701,0.0005137400625349573,73.45051076337012
67.82185889522549,0.0218867838540796,0.1164142170411393,3.0436697059939033,0.9697657833735829,0.0005202582638162589,69.92753000142355
67.82185889522549,0.0218867838540796,0.1164142170411393,3.0436697059939033,0.9697657833735829,0.0005202582638162589,69.92753000142355
67.82185889522549,0.0218867838540796,0.1164142170411393,3.0436697059939033,0.9697657833735829,0.0005202582638162589,69.92753000142355
67.82185889522549,0.0218867838540796,0.1164142170411393,3.0436697059939033,0.9697657833735829,0.0005202582638162589,69.92753000142355
67.82185889522549,0.0218867838540796,0.1164142170411393,3.0436697059939033,0.9697657833735829,0.0005202582638162589,69.92753000142355
67.72517007651749,0.02185586127331319,0.11587031949854265,3.040544374119932,0.9688027272208929,0.0005125543654120145,71.19400345539272
67.72517007651749,0.02185586127331319,0.11587031949854265,3.040544374119932,0.9688027272208929,0.0005125543654120145,71.19400345539272
68.28234331204006,0.02190595173728465,0.11491443603204418,3.040869291557755,0.9708850134485986,0.000511145748061055,72.31919048084967
67.22003050704816,0.02168860336899926,0.11637148557972522,3.043638098937627,0.9650038201768132,0.0005166718188423365,73.33562518118927
67.22003050704816,0.02168860336899926,0.11637148557972522,3.043638098937627,0.9650038201768132,0.0005166718188423365,73.33562518118927
67.90626390883882,0.021715179096692707,0.11555118623422496,3.0411053279335443,0.9720271885943711,0.000511107572518716,70.33573479220506
67.90626390883882,0.021715179096692707,0.11555118623422496,3.0411053279335443,0.9720271885943711,0.000511107572518716,70.33573479220506
67.90626390883882,0.021715179096692707,0.11555118623422496,3.0411053279335443,0.9720271885943711,0.000511107572518716,70.33573479220506
68.01425007118975,0.021681379745758025,0.11583919918291696,3.0424923839696296,0.9704360731456275,0.0005136640883336847,71.56112614081799
67.63037573887907,0.02171906628144854,0.11613239173918696,3.04199035179499,0.969280133223603,0.0005154219256604418,69.30458389099263
67.63037573887907,0.02171906628144854,0.11613239173918696,3.04199035179499,0.969280133223603,0.0005154219256604418,69.30458389099263
67.16562558383865,0.021543602644790296,0.1164958919520488,3.0409834902868678,0.9665181326791498,0.0005170268809029122,69.64149258127394
67.16562558383865,0.021543602644790296,0.1164958919520488,3.0409834902868678,0.9665181326791498,0.0005170268809029122,69.64149258127394
67.81179884459016,0.02154712351053012,0.11604610990944486,3.042310609012104,0.9664098352581613,0.0005148064878504669,72.85091454616189
67.81179884459016,0.02154712351053012,0.11604610990944486,3.042310609012104,0.9664098352581613,0.0005148064878504669,72.85091454616189
67.81179884459016,0.02154712351053012,0.11604610990944486,3.042310609012104,0.9664098352581613,0.0005148064878504669,72.85091454616189
67.81179884459016,0.02154712351053012,0.11604610990944486,3.042310609012104,0.9664098352581613,0.0005148064878504669,72.85091454616189
67.81179884459016,0.02154712351053012,0.11604610990944486,3.042310609012104,0.9664098352581613,0.0005148064878504669,72.85091454616189
67.65012882426001,0.021754963983043912,0.115639447641122,3.040246285114846,0.96783827863812,0.0005160583388171951,71.26045935764459
67.81559666083125,0.02189052923959371,0.11583819042695899,3.042209656525779,0.9715707936848672,0.0005126159766357593,71.2024481140658
67.36113006925504,0.02197182266964747,0.11746144130949125,3.047381569337594,0.9669409191830471,0.000506479262392847,72.15997164736575
68.02624048912048,0.021931214446080746,0.11547974003718531,3.0416131330333913,0.9723819794523045,0.0005037627745173689,71.47455782924398
68.02624048912048,0.021931214446080746,0.11547974003718531,3.0416131330333913,0.9723819794523045,0.0005037627745173689,71.47455782924398
66.63599032376338,0.021916733456487925,0.1181321903423614,3.0460493737515044,0.964250887558002,0.000505757386265388,76.01674877539719
66.63599032376338,0.021916733456487925,0.1181321903423614,3.0460493737515044,0.964250887558002,0.000505757386265388,76.01674877539719
66.63599032376338,0.021916733456487925,0.1181321903423614,3.0460493737515044,0.964250887558002,0.000505757386265388,76.01674877539719
66.63599032376338,0.021916733456487925,0.1181321903423614,3.0460493737515044,0.964250887558002,0.000505757386265388,76.01674877539719
66.63599032376338,0.021916733456487925,0.1181321903423614,3.0460493737515044,0.964250887558002,0.000505757386265388,76.01674877539719
66.63599032376338,0.021916733456487925,0.1181321903423614,3.0460493737515044,0.964250887558002,0.000505757386265388,76.01674877539719
66.63599032376338,0.021916733456487925,0.1181321903423614,3.0460493737515044,0.964250887558002,0.000505757386265388,76.01674877539719
66.63599032376338,0.021916733456487925,0.1181321903423614,3.0460493737515044,0.964250887558002,0.000505757386265388,76.01674877539719
66.63599032376338,0.021916733456487925,0.1181321903423614,3.0460493737515044,0.964250887558002,0.000505757386265388,76.01674877539719
66.63599032376338,0.021916733456487925,0.1181321903423614,3.0460493737515044,0.964250887558002,0.000505757386265388,76.01674877539719
66.45300819365802,0.02174264587978183,0.11844638231665035,3.043783363621716,0.9615145721125122,0.0005126586627625314,74.35810805343057
66.45300819365802,0.02174264587978183,0.11844638231665035,3.043783363621716,0.9615145721125122,0.0005126586627625314,74.35810805343057
66.45300819365802,0.02174264587978183,0.11844638231665035,3.043783363621716,0.9615145721125122,0.0005126586627625314,74.35810805343057
66.38480363045167,0.021727645474648095,0.118216319972218,3.044652729530916,0.9637310141653387,0.0005072345905251688,73.88257439307829
66.46482283885551,0.021639416896823166,0.11755905387099652,3.0436961899544204,0.9654615357674374,0.0005052945608764288,74.84023372894539
66.46482283885551,0.021639416896823166,0.11755905387099652,3.0436961899544204,0.9654615357674374,0.0005052945608764288,74.84023372894539
66.46482283885551,0.021639416896823166,0.11755905387099652,3.0436961899544204,0.9654615357674374,0.0005052945608764288,74.84023372894539
66.46482283885551,0.021639416896823166,0.11755905387099652,3.0436961899544204,0.9654615357674374,0.0005052945608764288,74.84023372894539
66.61972117802694,0.02156326257440895,0.11781463966926624,3.043365330654978,0.9676263357845982,0.0005049945058534177,71.05672825075494
66.12576568439776,0.021553843102062126,0.11892197728716031,3.0455823619127234,0.9628854015105538,0.0005112191769831013,70.3990301956896
66.36869572948032,0.02159877472451749,0.11864749701935162,3.0455928362325713,0.9600193722168143,0.0005105472596707487,69.42296338465329
66.36869572948032,0.02159877472451749,0.11864749701935162,3.0455928362325713,0.9600193722168143,0.0005105472596707487,69.42296338465329
66.43618095515593,0.021648649776953948,0.1192233904234141,3.0495800367685484,0.9590800236731465,0.000512627154739074,68.45835771309883
66.23643906981877,0.021399090531351063,0.11895677639198193,3.049733469303798,0.9558757532228781,0.0005196660524037495,69.05797364196857
67.36028110313876,0.021586184076190867,0.11720117119374174,3.045447302163114,0.9659965784129658,0.0005215477650003885,69.70205788877925
67.36028110313876,0.021586184076190867,0.11720117119374174,3.045447302163114,0.9659965784129658,0.0005215477650003885,69.70205788877925
67.36028110313876,0.021586184076190867,0.11720117119374174,3.045447302163114,0.9659965784129658,0.0005215477650003885,69.70205788877925
67.36028110313876,0.021586184076190867,0.11720117119374174,3.045447302163114,0.9659965784129658,0.0005215477650003885,69.70205788877925
67.36028110313876,0.021586184076190867,0.11720117119374174,3.045447302163114,0.9659965784129658,0.0005215477650003885,69.70205788877925
66.75046875375621,0.021302487021590388,0.1175933918771942,3.043861428715068,0.9623721839289009,0.0005328647909606154,69.15767621420713
66.37948376162207,0.021667264019578393,0.11910277680933179,3.048704760151719,0.9587726164492409,0.0005338159491693704,68.45949063022879
66.37948376162207,0.021667264019578393,0.11910277680933179,3.048704760151719,0.9587726164492409,0.0005338159491693704,68.45949063022879
66.37948376162207,0.021667264019578393,0.11910277680933179,3.048704760151719,0.9587726164492409,0.0005338159491693704,68.45949063022879
66.52931777845308,0.02162436346563572,0.11791628345837078,3.045531822918442,0.9608564898685006,0.0005341874654327948,71.55199632652221
67.40898164176534,0.02162256808116215,0.1162358379191137,3.042706653989712,0.9670654906083382,0.0005313224372632796,70.9181906957174
66.7581512389048,0.021340809731287748,0.11700734476966802,3.041492275032338,0.9647086303271982,0.000531004128731485,70.52237970248947
66.7581512389048,0.021340809731287748,0.11700734476966802,3.041492275032338,0.9647086303271982,0.000531004128731485,70.52237970248947
66.7581512389048,0.021340809731287748,0.11700734476966802,3.041492275032338,0.9647086303271982,0.000531004128731485,70.52237970248947
67.37657768032491,0.021752558425779632,0.11664860467223936,3.0423490637128023,0.9687981897252885,0.0005303845735590461,69.65966750994727
67.37657768032491,0.021752558425779632,0.11664860467223936,3.0423490637128023,0.9687981897252885,0.0005303845735590461,69.65966750994727
67.37657768032491,0.021752558425779632,0.11664860467223936,3.0423490637128023,0.9687981897252885,0.0005303845735590461,69.65966750994727
68.03311170376577,0.021713700408750446,0.11539969811513776,3.0408364590385957,0.9680677315832229,0.0005242916522630507,70.54753157321618
68.03311170376577,0.021713700408750446,0.11539969811513776,3.0408364590385957,0.9680677315832229,0.0005242916522630507,70.54753157321618
68.03311170376577,0.021713700408750446,0.11539969811513776,3.0408364590385957,0.9680677315832229,0.0005242916522630507,70.54753157321618
68.03311170376577,0.021713700408750446,0.11539969811513776,3.0408364590385957,0.9680677315832229,0.0005242916522630507,70.54753157321618
68.03311170376577,0.021713700408750446,0.11539969811513776,3.0408364590385957,0.9680677315832229,0.0005242916522630507,70.54753157321618
68.03311170376577,0.021713700408750446,0.11539969811513776,3.0408364590385957,0.9680677315832229,0.0005242916522630507,70.54753157321618
68.03311170376577,0.021713700408750446,0.11539969811513776,3.0408364590385957,0.9680677315832229,0.0005242916522630507,70.54753157321618
68.03311170376577,0.021713700408750446,0.11539969811513776,3.0408364590385957,0.9680677315832229,0.0005242916522630507,70.54753157321618
68.03311170376577,0.021713700408750446,0.11539969811513776,3.0408364590385957,0.9680677315832229,0.0005242916522630507,70.54753157321618
68.03311170376577,0.021713700408750446,0.11539969811513776,3.0408364590385957,0.9680677315832229,0.0005242916522630507,70.54753157321618
68.03311170376577,0.021713700408750446,0.11539969811513776,3.0408364590385957,0.9680677315832229,0.0005242916522630507,70.54753157321618
67.42699868366509,0.021772552528413897,0.11743851057210039,3.044857545919753,0.9667053680662866,0.0005209793621372394,69.748298790581
67.66560638535006,0.021860748992758073,0.11644972642639313,3.04039389709381,0.9724130691741794,0.0005175644471417766,72.41308874393701
67.23565922741334,0.021851923550667195,0.11752484623991896,3.0440572160062622,0.968347291054926,0.0005199608909720132,70.4557219442212
66.95707378045282,0.021695145853732997,0.11804643734103232,3.0450718895503415,0.9672713604696928,0.0005202401913291086,69.26707620553401
66.95707378045282,0.021695145853732997,0.11804643734103232,3.0450718895503415,0.9672713604696928,0.0005202401913291086,69.26707620553401
66.95707378045282,0.021695145853732997,0.11804643734103232,3.0450718895503415,0.9672713604696928,0.0005202401913291086,69.26707620553401
66.95707378045282,0.021695145853732997,0.11804643734103232,3.0450718895503415,0.9672713604696928,0.0005202401913291086,69.26707620553401
66.95707378045282,0.021695145853732997,0.11804643734103232,3.0450718895503415,0.9672713604696928,0.0005202401913291086,69.26707620553401
66.95707378045282,0.021695145853732997,0.11804643734103232,3.0450718895503415,0.9672713604696928,0.0005202401913291086,69.26707620553401
66.95707378045282,0.021695145853732997,0.11804643734103232,3.0450718895503415,0.9672713604696928,0.0005202401913291086,69.26707620553401
66.95707378045282,0.021695145853732997,0.11804643734103232,3.0450718895503415,0.9672713604696928,0.0005202401913291086,69.26707620553401
66.95707378045282,0.021695145853732997,0.11804643734103232,3.0450718895503415,0.9672713604696928,0.0005202401913291086,69.26707620553401
66.95707378045282,0.021695145853732997,0.11804643734103232,3.0450718895503415,0.9672713604696928,0.0005202401913291086,69.26707620553401
66.95707378045282,0.021695145853732997,0.11804643734103232,3.0450718895503415,0.9672713604696928,0.0005202401913291086,69.26707620553401
66.95707378045282,0.021695145853732997,0.11804643734103232,3.0450718895503415,0.9672713604696928,0.0005202401913291086,69.26707620553401
66.95707378045282,0.021695145853732997,0.11804643734103232,3.0450718895503415,0.9672713604696928,0.0005202401913291086,69.26707620553401
66.95707378045282,0.021695145853732997,0.11804643734103232,3.0450718895503415,0.9672713604696928,0.0005202401913291086,69.26707620553401
66.95707378045282,0.021695145853732997,0.11804643734103232,3.0450718895503415,0.9672713604696928,0.0005202401913291086,69.26707620553401
66.95707378045282,0.021695145853732997,0.11804643734103232,3.0450718895503415,0.9672713604696928,0.0005202401913291086,69.26707620553401
66.95707378045282,0.021695145853732997,0.11804643734103232,3.0450718895503415,0.9672713604696928,0.0005202401913291086,69.26707620553401
66.95707378045282,0.021695145853732997,0.11804643734103232,3.0450718895503415,0.9672713604696928,0.0005202401913291086,69.26707620553401
66.95707378045282,0.021695145853732997,0.11804643734103232,3.0450718895503415,0.9672713604696928,0.0005202401913291086,69.26707620553401
66.95707378045282,0.021695145853732997,0.11804643734103232,3.0450718895503415,0.9672713604696928,0.0005202401913291086,69.26707620553401
67.13259878903872,0.02167073401294461,0.11715784725451903,3.042549539229265,0.9695543835048298,0.0005157080353666891,69.97857482233061
67.94613686753455,0.021661036611297202,0.11620555398469133,3.0429128307766926,0.9707698481048207,0.0005237493553463925,71.76273329497239
67.94613686753455,0.021661036611297202,0.11620555398469133,3.0429128307766926,0.9707698481048207,0.0005237493553463925,71.76273329497239
67.94613686753455,0.021661036611297202,0.11620555398469133,3.0429128307766926,0.9707698481048207,0.0005237493553463925,71.76273329497239
67.94613686753455,0.021661036611297202,0.11620555398469133,3.0429128307766926,0.9707698481048207,0.0005237493553463925,71.76273329497239
67.94613686753455,0.021661036611297202,0.11620555398469133,3.0429128307766926,0.9707698481048207,0.0005237493553463925,71.76273329497239
67.1665062177355,0.021617133712867054,0.11732114798176028,3.0468606971959313,0.9657038388298138,0.0005249164840365209,70.63523833559972
67.1665062177355,0.021617133712867054,0.11732114798176028,3.0468606971959313,0.9657038388298138,0.0005249164840365209,70.63523833559972
67.25908963888708,0.021638889681010066,0.11667198465059134,3.0440376655534007,0.9656141631108658,0.0005256952753082738,70.18215270375387
67.25908963888708,0.021638889681010066,0.11667198465059134,3.0440376655534007,0.9656141631108658,0.0005256952753082738,70.18215270375387
67.25908963888708,0.021638889681010066,0.11667198465059134,3.0440376655534007,0.9656141631108658,0.0005256952753082738,70.18215270375387
67.25908963888708,0.021638889681010066,0.11667198465059134,3.0440376655534007,0.9656141631108658,0.0005256952753082738,70.18215270375387
67.25908963888708,0.021638889681010066,0.11667198465059134,3.0440376655534007,0.9656141631108658,0.0005256952753082738,70.18215270375387
67.05326102593729,0.021255193812640814,0.1165995655589525,3.0410441623544,0.9650844017318437,0.0005315838505772901,71.93711976607807
66.12200060938252,0.021202770384194315,0.11789604068503645,3.042069268159898,0.9591220061157903,0.0005327455401775098,71.10931057801614
65.67007132659401,0.021386864480372584,0.11991932455690679,3.0511536004728588,0.9566952026959018,0.0005307767847639427,69.48214564587968
64.96424358330697,0.02115695688416383,0.12082824258751028,3.0529474314920195,0.9503038275386251,0.0005306746717511418,71.34158896872518
64.96424358330697,0.02115695688416383,0.12082824258751028,3.0529474314920195,0.9503038275386251,0.0005306746717511418,71.34158896872518
64.96424358330697,0.02115695688416383,0.12082824258751028,3.0529474314920195,0.9503038275386251,0.0005306746717511418,71.34158896872518
64.96424358330697,0.02115695688416383,0.12082824258751028,3.0529474314920195,0.9503038275386251,0.0005306746717511418,71.34158896872518
64.96424358330697,0.02115695688416383,0.12082824258751028,3.0529474314920195,0.9503038275386251,0.0005306746717511418,71.34158896872518
64.96424358330697,0.02115695688416383,0.12082824258751028,3.0529474314920195,0.9503038275386251,0.0005306746717511418,71.34158896872518
64.96424358330697,0.02115695688416383,0.12082824258751028,3.0529474314920195,0.9503038275386251,0.0005306746717511418,71.34158896872518
64.96424358330697,0.02115695688416383,0.12082824258751028,3.0529474314920195,0.9503038275386251,0.0005306746717511418,71.34158896872518
64.96424358330697,0.02115695688416383,0.12082824258751028,3.0529474314920195,0.9503038275386251,0.0005306746717511418,71.34158896872518
65.12217777936505,0.021236519970748394,0.12051639394705861,3.0508407566037743,0.9520212684614645,0.000534367162597513,69.77764010254607
65.12217777936505,0.021236519970748394,0.12051639394705861,3.0508407566037743,0.9520212684614645,0.000534367162597513,69.77764010254607
65.81715507039104,0.021410338085823207,0.11960479587867101,3.0489629452335434,0.9585098112727729,0.0005273505715991063,67.63672438299247
66.00738137421882,0.02138028126388286,0.11924400926593287,3.050632444135634,0.9597364145673841,0.0005258409213928165,70.9454352031628
66.00738137421882,0.02138028126388286,0.11924400926593287,3.050632444135634,0.9597364145673841,0.0005258409213928165,70.9454352031628
66.00738137421882,0.02138028126388286,0.11924400926593287,3.050632444135634,0.9597364145673841,0.0005258409213928165,70.9454352031628
66.00738137421882,0.02138028126388286,0.11924400926593287,3.050632444135634,0.9597364145673841,0.0005258409213928165,70.9454352031628
66.00738137421882,0.02138028126388286,0.11924400926593287,3.050632444135634,0.9597364145673841,0.0005258409213928165,70.9454352031628
65.76709481837695,0.021359483456935086,0.11988603828020027,3.0530444085202557,0.9557792880900348,0.000528595564995537,72.202354641967
65.76709481837695,0.021359483456935086,0.11988603828020027,3.0530444085202557,0.9557792880900348,0.000528595564995537,72.202354641967
65.76709481837695,0.021359483456935086,0.11988603828020027,3.0530444085202557,0.9557792880900348,0.000528595564995537,72.202354641967
64.77074987585252,0.02127307206446404,0.12199019248584539,3.0556566491151775,0.950749046201791,0.0005316284663043283,68.82452420156838
64.77074987585252,0.02127307206446404,0.12199019248584539,3.0556566491151775,0.950749046201791,0.0005316284663043283,68.82452420156838
64.46374720826282,0.02115694157015828,0.12290680526060155,3.0552027969585547,0.9450163067368945,0.0005254209726659744,66.75118149208058
64.46374720826282,0.02115694157015828,0.12290680526060155,3.0552027969585547,0.9450163067368945,0.0005254209726659744,66.75118149208058
64.46374720826282,0.02115694157015828,0.12290680526060155,3.0552027969585547,0.9450163067368945,0.0005254209726659744,66.75118149208058
64.14083667566271,0.021020868174074985,0.1230168519321231,3.0549985102292485,0.9453882743477755,0.0005278462051541452,66.11893021633227
64.14083667566271,0.021020868174074985,0.1230168519321231,3.0549985102292485,0.9453882743477755,0.0005278462051541452,66.11893021633227
64.14083667566271,0.021020868174074985,0.1230168519321231,3.0549985102292485,0.9453882743477755,0.0005278462051541452,66.11893021633227
64.14083667566271,0.021020868174074985,0.1230168519321231,3.0549985102292485,0.9453882743477755,0.0005278462051541452,66.11893021633227
64.14083667566271,0.021020868174074985,0.1230168519321231,3.0549985102292485,0.9453882743477755,0.0005278462051541452,66.11893021633227
62.67985016158017,0.02071319694809846,0.12645178299018076,3.0639679410463403,0.9345890552505998,0.0005326677235175732,67.63292972656765
62.67985016158017,0.02071319694809846,0.12645178299018076,3.0639679410463403,0.9345890552505998,0.0005326677235175732,67.63292972656765
62.67985016158017,0.02071319694809846,0.12645178299018076,3.0639679410463403,0.9345890552505998,0.0005326677235175732,67.63292972656765
62.67985016158017,0.02071319694809846,0.12645178299018076,3.0639679410463403,0.9345890552505998,0.0005326677235175732,67.63292972656765
62.67985016158017,0.02071319694809846,0.12645178299018076,3.0639679410463403,0.9345890552505998,0.0005326677235175732,67.63292972656765
62.67985016158017,0.02071319694809846,0.12645178299018076,3.0639679410463403,0.9345890552505998,0.0005326677235175732,67.63292972656765
62.67985016158017,0.02071319694809846,0.12645178299018076,3.0639679410463403,0.9345890552505998,0.0005326677235175732,67.63292972656765
62.67985016158017,0.02071319694809846,0.12645178299018076,3.0639679410463403,0.9345890552505998,0.0005326677235175732,67.63292972656765
62.67985016158017,0.02071319694809846,0.12645178299018076,3.0639679410463403,0.9345890552505998,0.0005326677235175732,67.63292972656765
62.42613690934652,0.0207966850135891,0.1271178362898625,3.064619042444392,0.93890156626051,0.0005193255603281333,68.98363974608003
62.665489732079344,0.020794643191593888,0.12653841749865322,3.0623942420187196,0.9400271654693626,0.000521316217616592,68.8903385776873
62.54152276986502,0.021019648718604653,0.12653239049737877,3.065345530091765,0.9345181483540962,0.0005244059119360444,74.2452613951112
62.54152276986502,0.021019648718604653,0.12653239049737877,3.065345530091765,0.9345181483540962,0.0005244059119360444,74.2452613951112
62.54152276986502,0.021019648718604653,0.12653239049737877,3.065345530091765,0.9345181483540962,0.0005244059119360444,74.2452613951112
62.54152276986502,0.021019648718604653,0.12653239049737877,3.065345530091765,0.9345181483540962,0.0005244059119360444,74.2452613951112
61.72720649076839,0.02080286446127054,0.1276851781361552,3.0659233323797856,0.9276307912023919,0.0005277925718261592,77.30073041783437
61.837216854295534,0.021000721668592456,0.12825699615158548,3.06899282958203,0.9326394457169511,0.0005194368784023534,77.99940098926396
61.837216854295534,0.021000721668592456,0.12825699615158548,3.06899282958203,0.9326394457169511,0.0005194368784023534,77.99940098926396
61.837216854295534,0.021000721668592456,0.12825699615158548,3.06899282958203,0.9326394457169511,0.0005194368784023534,77.99940098926396
61.837216854295534,0.021000721668592456,0.12825699615158548,3.06899282958203,0.9326394457169511,0.0005194368784023534,77.99940098926396
61.837216854295534,0.021000721668592456,0.12825699615158548,3.06899282958203,0.9326394457169511,0.0005194368784023534,77.99940098926396
62.63159812965266,0.021177319748798468,0.12667875060451447,3.0670935907847197,0.9358513289858686,0.000518822553590335,78.51815068112703
62.63159812965266,0.021177319748798468,0.12667875060451447,3.0670935907847197,0.9358513289858686,0.000518822553590335,78.51815068112703
62.63159812965266,0.021177319748798468,0.12667875060451447,3.0670935907847197,0.9358513289858686,0.000518822553590335,78.51815068112703
62.63159812965266,0.021177319748798468,0.12667875060451447,3.0670935907847197,0.9358513289858686,0.000518822553590335,78.51815068112703
63.3836440188925,0.021139647057809158,0.12504842187571164,3.0624825651088114,0.940451318568065,0.0005156251603989625,69.42648044471794
63.3836440188925,0.021139647057809158,0.12504842187571164,3.0624825651088114,0.940451318568065,0.0005156251603989625,69.42648044471794
63.3836440188925,0.021139647057809158,0.12504842187571164,3.0624825651088114,0.940451318568065,0.0005156251603989625,69.42648044471794
63.23486062654964,0.020968602324968735,0.1252602827994283,3.0632890475260304,0.9401727636290192,0.0005175403817037108,68.36212425643468
63.30168459282844,0.02088667112295743,0.12444443543621386,3.06179800184683,0.9422605167719265,0.0005202056658893021,72.8697082784932
63.30168459282844,0.02088667112295743,0.12444443543621386,3.06179800184683,0.9422605167719265,0.0005202056658893021,72.8697082784932
63.30168459282844,0.02088667112295743,0.12444443543621386,3.06179800184683,0.9422605167719265,0.0005202056658893021,72.8697082784932
63.865481385429376,0.020877218884664716,0.1232457344707955,3.0577894244333312,0.9498243634264307,0.0005235148124076757,72.84790025876366
64.31905067220946,0.0211201556059414,0.12328549095445078,3.0586390818626352,0.954350593693062,0.000523653207701697,71.87746865632496
64.31905067220946,0.0211201556059414,0.12328549095445078,3.0586390818626352,0.954350593693062,0.000523653207701697,71.87746865632496
64.31905067220946,0.0211201556059414,0.12328549095445078,3.0586390818626352,0.954350593693062,0.000523653207701697,71.87746865632496
63.94892955460257,0.021205687145860817,0.12452976242884606,3.0620867471742783,0.9505953179839844,0.0005210282391136734,71.1830991111769
63.94892955460257,0.021205687145860817,0.12452976242884606,3.0620867471742783,0.9505953179839844,0.0005210282391136734,71.1830991111769
63.94892955460257,0.021205687145860817,0.12452976242884606,3.0620867471742783,0.9505953179839844,0.0005210282391136734,71.1830991111769
63.94892955460257,0.021205687145860817,0.12452976242884606,3.0620867471742783,0.9505953179839844,0.0005210282391136734,71.1830991111769
63.94892955460257,0.021205687145860817,0.12452976242884606,3.0620867471742783,0.9505953179839844,0.0005210282391136734,71.1830991111769
63.94892955460257,0.021205687145860817,0.12452976242884606,3.0620867471742783,0.9505953179839844,0.0005210282391136734,71.1830991111769
63.94892955460257,0.021205687145860817,0.12452976242884606,3.0620867471742783,0.9505953179839844,0.0005210282391136734,71.1830991111769
63.94892955460257,0.021205687145860817,0.12452976242884606,3.0620867471742783,0.9505953179839844,0.0005210282391136734,71.1830991111769
63.84456428376074,0.021131669809134,0.12502903136492421,3.064013266668603,0.9464965064681053,0.0005233890835114799,70.36072883754716
64.18711040132467,0.02084408373815983,0.12300022184165149,3.059217993257737,0.9471945687239146,0.0005221890596671426,72.8548566679144
64.18711040132467,0.02084408373815983,0.12300022184165149,3.059217993257737,0.9471945687239146,0.0005221890596671426,72.8548566679144
62.86910177656035,0.02065961965072363,0.12561702397824606,3.063760409454469,0.940780378218853,0.000528884360301771,73.18200208252253
62.57805640218359,0.020577059731006642,0.12580864209073095,3.0628330184971766,0.9378677457448483,0.0005367299322221953,73.66008207581908
62.57805640218359,0.020577059731006642,0.12580864209073095,3.0628330184971766,0.9378677457448483,0.0005367299322221953,73.66008207581908
62.23997692153518,0.020769113752280608,0.12806974204775626,3.0694627607300093,0.9378673744566289,0.0005390750207879951,74.37287672206322
62.01428463715016,0.02086503390040284,0.12823408932712443,3.0678888640096504,0.9357272388194143,0.0005468574502708792,74.9334069652389
61.64485392372144,0.020553981144797447,0.12876007649515178,3.067491239649683,0.9325040627314288,0.0005450752641836378,71.71532203734546
61.64485392372144,0.020553981144797447,0.12876007649515178,3.067491239649683,0.9325040627314288,0.0005450752641836378,71.71532203734546
61.75502496114872,0.02056261630493764,0.1289014934544039,3.0676401817175862,0.9313068401778571,0.0005515197298974989,71.09460149333735
61.75502496114872,0.02056261630493764,0.1289014934544039,3.0676401817175862,0.9313068401778571,0.0005515197298974989,71.09460149333735
61.75502496114872,0.02056261630493764,0.1289014934544039,3.0676401817175862,0.9313068401778571,0.0005515197298974989,71.09460149333735
61.75502496114872,0.02056261630493764,0.1289014934544039,3.0676401817175862,0.9313068401778571,0.0005515197298974989,71.09460149333735
61.75502496114872,0.02056261630493764,0.1289014934544039,3.0676401817175862,0.9313068401778571,0.0005515197298974989,71.09460149333735
62.03748306078977,0.020431280066068404,0.12697861501514077,3.0602124660131507,0.9281602949517046,0.000561482830224696,71.75225756101442
62.03748306078977,0.020431280066068404,0.12697861501514077,3.0602124660131507,0.9281602949517046,0.000561482830224696,71.75225756101442
61.336748741550174,0.02057404639018568,0.12913115173593112,3.0686861328985313,0.9245738471508097,0.0005570453952997216,73.14693436269933
61.336748741550174,0.02057404639018568,0.12913115173593112,3.0686861328985313,0.9245738471508097,0.0005570453952997216,73.14693436269933
62.35873909858272,0.02071052014293233,0.12736562195873147,3.066482053041292,0.9306768047130792,0.0005595391751378967,70.81335403670981
62.35873909858272,0.02071052014293233,0.12736562195873147,3.066482053041292,0.9306768047130792,0.0005595391751378967,70.81335403670981
62.35873909858272,0.02071052014293233,0.12736562195873147,3.066482053041292,0.9306768047130792,0.0005595391751378967,70.81335403670981
62.35873909858272,0.02071052014293233,0.12736562195873147,3.066482053041292,0.9306768047130792,0.0005595391751378967,70.81335403670981
62.35873909858272,0.02071052014293233,0.12736562195873147,3.066482053041292,0.9306768047130792,0.0005595391751378967,70.81335403670981
62.35873909858272,0.02071052014293233,0.12736562195873147,3.066482053041292,0.9306768047130792,0.0005595391751378967,70.81335403670981
62.35873909858272,0.02071052014293233,0.12736562195873147,3.066482053041292,0.9306768047130792,0.0005595391751378967,70.81335403670981
63.49893512914889,0.020457807377031116,0.12425568356832149,3.0580861601810025,0.9401885471585044,0.0005584212682773887,76.03911843698351
63.49893512914889,0.020457807377031116,0.12425568356832149,3.0580861601810025,0.9401885471585044,0.0005584212682773887,76.03911843698351
62.92878000605513,0.020484455441089344,0.12645512743223192,3.064687387584654,0.9354450030109536,0.0005560221621918424,76.70207186086614
62.92878000605513,0.020484455441089344,0.12645512743223192,3.064687387584654,0.9354450030109536,0.0005560221621918424,76.70207186086614
63.5519734156755,0.020529341099743366,0.12452119863069123,3.056162228799861,0.9335456280132447,0.0005615946801021457,75.33777539607922
63.5519734156755,0.020529341099743366,0.12452119863069123,3.056162228799861,0.9335456280132447,0.0005615946801021457,75.33777539607922
62.49695514173011,0.020444688846077495,0.126880273800177,3.063256693676373,0.9247836914958876,0.0005578918083246429,74.56112145595056
63.575140954087374,0.02046338496986466,0.12405079137079693,3.0555022832420566,0.9392139793880335,0.0005630164821503417,74.33269586562032
63.575140954087374,0.02046338496986466,0.12405079137079693,3.0555022832420566,0.9392139793880335,0.0005630164821503417,74.33269586562032
63.575140954087374,0.02046338496986466,0.12405079137079693,3.0555022832420566,0.9392139793880335,0.0005630164821503417,74.33269586562032
63.575140954087374,0.02046338496986466,0.12405079137079693,3.0555022832420566,0.9392139793880335,0.0005630164821503417,74.33269586562032
63.35077828091468,0.020557909079253582,0.12453600053012137,3.054538499979869,0.9380636300047329,0.0005578429563212985,72.3035798555477
63.10477651738971,0.02057772421383292,0.12469833049054153,3.052183818540026,0.940762939187539,0.0005527246284549085,78.52362216856956
62.653890834226665,0.02061772407568843,0.1259115202588956,3.0557716701103503,0.9380031937948181,0.0005589603234065638,75.5850777500193
62.653890834226665,0.02061772407568843,0.1259115202588956,3.0557716701103503,0.9380031937948181,0.0005589603234065638,75.5850777500193
62.653890834226665,0.02061772407568843,0.1259115202588956,3.0557716701103503,0.9380031937948181,0.0005589603234065638,75.5850777500193
61.51149235386453,0.020488182903364925,0.12808843004443116,3.061393559058321,0.9297850860908765,0.0005564417057599847,76.18325096568472
61.51149235386453,0.020488182903364925,0.12808843004443116,3.061393559058321,0.9297850860908765,0.0005564417057599847,76.18325096568472
61.843361953949945,0.020784050654796375,0.12843932718558976,3.065158374812509,0.9325356565352279,0.0005514748866853793,72.9762236468921
62.03080369972406,0.02070673207609902,0.1275124410054458,3.0654496809393668,0.9341804781101976,0.0005458316110953725,72.50428575690493
62.03080369972406,0.02070673207609902,0.1275124410054458,3.0654496809393668,0.9341804781101976,0.0005458316110953725,72.50428575690493
62.03080369972406,0.02070673207609902,0.1275124410054458,3.0654496809393668,0.9341804781101976,0.0005458316110953725,72.50428575690493
62.1955535192854,0.021001867403289392,0.12745604780482023,3.0653167606526655,0.9368480758934744,0.0005382079791343302,76.91886815082131
62.1955535192854,0.021001867403289392,0.12745604780482023,3.0653167606526655,0.9368480758934744,0.0005382079791343302,76.91886815082131
63.37950200968685,0.021287139849767166,0.12591567261968165,3.063659962066554,0.9373610403715013,0.00054774874236819,73.26379230501497
63.79140121237978,0.021145706397550534,0.12515083086375103,3.063237280817067,0.9374030963314544,0.000559078644158106,71.28181396721095
63.79140121237978,0.021145706397550534,0.12515083086375103,3.063237280817067,0.9374030963314544,0.000559078644158106,71.28181396721095
63.25990286940965,0.021219510935820727,0.12644907536278202,3.0641727616035364,0.9376509307686498,0.0005522300114905518,71.82851122086372
63.25990286940965,0.021219510935820727,0.12644907536278202,3.0641727616035364,0.9376509307686498,0.0005522300114905518,71.82851122086372
64.18580729012928,0.021200191003941864,0.12461135001612093,3.0595437165643196,0.9426535657283934,0.0005597827228960032,69.1928368742188
64.18580729012928,0.021200191003941864,0.12461135001612093,3.0595437165643196,0.9426535657283934,0.0005597827228960032,69.1928368742188
64.18580729012928,0.021200191003941864,0.12461135001612093,3.0595437165643196,0.9426535657283934,0.0005597827228960032,69.1928368742188
64.18580729012928,0.021200191003941864,0.12461135001612093,3.0595437165643196,0.9426535657283934,0.0005597827228960032,69.1928368742188
64.18580729012928,0.021200191003941864,0.12461135001612093,3.0595437165643196,0.9426535657283934,0.0005597827228960032,69.1928368742188
64.87590579349663,0.021196061828099636,0.12208601908106095,3.052827620446782,0.9503966050426946,0.0005543678453565521,66.35282632182147
65.94179816713446,0.021265753607881164,0.11941143254568914,3.0463608770651196,0.9576746884436153,0.0005515905453084538,67.02949978619336
65.94179816713446,0.021265753607881164,0.11941143254568914,3.0463608770651196,0.9576746884436153,0.0005515905453084538,67.02949978619336
65.94179816713446,0.021265753607881164,0.11941143254568914,3.0463608770651196,0.9576746884436153,0.0005515905453084538,67.02949978619336
65.94179816713446,0.021265753607881164,0.11941143254568914,3.0463608770651196,0.9576746884436153,0.0005515905453084538,67.02949978619336
65.31710576963883,0.021212853909652565,0.12020250011742895,3.0463248999023906,0.9572268960504107,0.0005433700475142724,70.41988342913659
64.8063992719672,0.021258290955830237,0.12280124087707436,3.0552773464086447,0.955081590869163,0.0005364555237420237,69.95768937066846
64.8063992719672,0.021258290955830237,0.12280124087707436,3.0552773464086447,0.955081590869163,0.0005364555237420237,69.95768937066846
65.25776132257424,0.02133290488242784,0.1215818756257921,3.052053049316717,0.9582981192263594,0.0005452264853456999,70.09778093659568
65.6699080252067,0.021437421968373605,0.12185976095637048,3.054227116138953,0.9603932233806725,0.0005424137946971489,74.99630182272911
65.53639970467694,0.021320425605587633,0.12133936377330659,3.0500776379306083,0.9605410870063645,0.0005489128607025813,73.80909319349023
66.30340977324083,0.02156099804793317,0.12000881468954,3.046722592130407,0.9653429711168872,0.0005504132797837098,75.86293584218767
66.30340977324083,0.02156099804793317,0.12000881468954,3.046722592130407,0.9653429711168872,0.0005504132797837098,75.86293584218767
65.78814779261683,0.02115200489770245,0.12023027386946747,3.045646399521401,0.9585397866098502,0.0005516236802766909,74.13201146178336
65.78814779261683,0.02115200489770245,0.12023027386946747,3.045646399521401,0.9585397866098502,0.0005516236802766909,74.13201146178336
65.48531329844725,0.020965902172225992,0.12123879403291433,3.0487732851216474,0.9543071464080349,0.0005671072548368497,76.97728417725799
65.48531329844725,0.020965902172225992,0.12123879403291433,3.0487732851216474,0.9543071464080349,0.0005671072548368497,76.97728417725799
65.48531329844725,0.020965902172225992,0.12123879403291433,3.0487732851216474,0.9543071464080349,0.0005671072548368497,76.97728417725799
65.48531329844725,0.020965902172225992,0.12123879403291433,3.0487732851216474,0.9543071464080349,0.0005671072548368497,76.97728417725799
65.48531329844725,0.020965902172225992,0.12123879403291433,3.0487732851216474,0.9543071464080349,0.0005671072548368497,76.97728417725799
65.96252271608004,0.021074646023261024,0.12019706086378859,3.0457416468012766,0.9515605735428502,0.000570309018405592,75.98619551154191
65.73435067036789,0.02135295807960038,0.12164047803789309,3.050659190291916,0.9489826831467173,0.0005762549950982894,74.5370520477163
65.7960939362927,0.021356101659280806,0.12148924702218267,3.050848892593284,0.947796198474881,0.0005762012787889915,74.41099590061742
65.7960939362927,0.021356101659280806,0.12148924702218267,3.050848892593284,0.947796198474881,0.0005762012787889915,74.41099590061742
66.28236217041922,0.021407975828056248,0.12005210383870348,3.050280095644226,0.9487696443854018,0.0005757492514513432,71.81887867388494
66.28236217041922,0.021407975828056248,0.12005210383870348,3.050280095644226,0.9487696443854018,0.0005757492514513432,71.81887867388494
66.28236217041922,0.021407975828056248,0.12005210383870348,3.050280095644226,0.9487696443854018,0.0005757492514513432,71.81887867388494
65.63987195201625,0.021214503080804036,0.12052044461588231,3.048060585832923,0.9461482316726302,0.0005818479269859066,67.60286771468428
65.75598426977604,0.02145321833009129,0.12015028666659455,3.0462911719435897,0.9458597441578845,0.0005838998962739537,70.94241867499261
65.75598426977604,0.02145321833009129,0.12015028666659455,3.0462911719435897,0.9458597441578845,0.0005838998962739537,70.94241867499261
65.75598426977604,0.02145321833009129,0.12015028666659455,3.0462911719435897,0.9458597441578845,0.0005838998962739537,70.94241867499261
65.75598426977604,0.02145321833009129,0.12015028666659455,3.0462911719435897,0.9458597441578845,0.0005838998962739537,70.94241867499261
65.75598426977604,0.02145321833009129,0.12015028666659455,3.0462911719435897,0.9458597441578845,0.0005838998962739537,70.94241867499261
65.93325228463614,0.021505638547329724,0.1205843799028545,3.049711511715509,0.9501297535057566,0.0005799499260469848,68.23001622890523
65.89187850220456,0.021469520567060238,0.12083597115078189,3.0523877021443244,0.9465758194054285,0.0005847474307911133,71.3695313651196
65.89187850220456,0.021469520567060238,0.12083597115078189,3.0523877021443244,0.9465758194054285,0.0005847474307911133,71.3695313651196
66.18838405051123,0.021355636359569875,0.1187952580754288,3.047957617818284,0.9497347588811497,0.0005967333094673773,77.28969634378952
66.18838405051123,0.021355636359569875,0.1187952580754288,3.047957617818284,0.9497347588811497,0.0005967333094673773,77.28969634378952
66.18838405051123,0.021355636359569875,0.1187952580754288,3.047957617818284,0.9497347588811497,0.0005967333094673773,77.28969634378952
65.62067922930683,0.021062034913924707,0.11915061727090713,3.045857515149941,0.946925873494168,0.0006034804302796785,76.01405231054943
65.62067922930683,0.021062034913924707,0.11915061727090713,3.045857515149941,0.946925873494168,0.0006034804302796785,76.01405231054943
65.1361226359502,0.021212126932375324,0.12038765504187493,3.0483571262681624,0.9417925433374899,0.0006019643396131854,76.9404963929033
65.57658852779295,0.02131557159716679,0.1203739673137524,3.049511518800023,0.949530299916826,0.0005992897611844243,70.70603619754058
65.57658852779295,0.02131557159716679,0.1203739673137524,3.049511518800023,0.949530299916826,0.0005992897611844243,70.70603619754058
65.57658852779295,0.02131557159716679,0.1203739673137524,3.049511518800023,0.949530299916826,0.0005992897611844243,70.70603619754058
65.57658852779295,0.02131557159716679,0.1203739673137524,3.049511518800023,0.949530299916826,0.0005992897611844243,70.70603619754058
65.4498456951263,0.021261979931055056,0.12078114939350068,3.049169874283137,0.9516584612860973,0.0006015951733165709,69.40469562323534
64.94697996989947,0.021012378913441487,0.1214543069888317,3.048763982336623,0.9475090218126954,0.00060796928129865,68.95526346796646
64.94697996989947,0.021012378913441487,0.1214543069888317,3.048763982336623,0.9475090218126954,0.00060796928129865,68.95526346796646
64.94697996989947,0.021012378913441487,0.1214543069888317,3.048763982336623,0.9475090218126954,0.00060796928129865,68.95526346796646
64.94697996989947,0.021012378913441487,0.1214543069888317,3.048763982336623,0.9475090218126954,0.00060796928129865,68.95526346796646
65.50391563667579,0.020888883509754576,0.1199291553830542,3.0444134977214694,0.9514201138222793,0.000612664810119997,72.38059244180549
65.26127965222251,0.02105311614800169,0.12179723390691648,3.052107409026796,0.9471292416960292,0.0006157325613771096,71.41742312541349
65.26127965222251,0.02105311614800169,0.12179723390691648,3.052107409026796,0.9471292416960292,0.0006157325613771096,71.41742312541349
64.60487613747175,0.020944298460493293,0.12231629328201364,3.052651256911372,0.9456722239892886,0.0006156674922769048,73.28914171703482
64.60487613747175,0.020944298460493293,0.12231629328201364,3.052651256911372,0.9456722239892886,0.0006156674922769048,73.28914171703482
64.60487613747175,0.020944298460493293,0.12231629328201364,3.052651256911372,0.9456722239892886,0.0006156674922769048,73.28914171703482
64.71060844530705,0.020856470891500944,0.12251030856125149,3.0551697089844705,0.9414467903679175,0.0006186925013992518,76.63410867060321
65.85425295726759,0.021062572046186796,0.11955628334908706,3.047836161790048,0.9493653770182385,0.0006184036750431283,75.46790135814759
65.85425295726759,0.021062572046186796,0.11955628334908706,3.047836161790048,0.9493653770182385,0.0006184036750431283,75.46790135814759
65.85425295726759,0.021062572046186796,0.11955628334908706,3.047836161790048,0.9493653770182385,0.0006184036750431283,75.46790135814759
65.0079790084591,0.021041697357009337,0.12067130864959125,3.049073984925749,0.9428759817298829,0.0006180498207246935,77.02041377364596
65.13141748829636,0.02106783064660608,0.12131296614210728,3.052371875949433,0.9423306529772002,0.0006188071707312366,75.2324258082625
65.41177027536142,0.021240744891437697,0.1224284906288877,3.0569737033588877,0.9474065457095863,0.0006168325945798081,78.94058632497052
65.41177027536142,0.021240744891437697,0.1224284906288877,3.0569737033588877,0.9474065457095863,0.0006168325945798081,78.94058632497052
65.61856399095284,0.0211096426376814,0.12178766741420793,3.055655660708631,0.9486687194222593,0.00061231256266583,81.48891149997078
65.61856399095284,0.0211096426376814,0.12178766741420793,3.055655660708631,0.9486687194222593,0.00061231256266583,81.48891149997078
65.61856399095284,0.0211096426376814,0.12178766741420793,3.055655660708631,0.9486687194222593,0.00061231256266583,81.48891149997078
65.61856399095284,0.0211096426376814,0.12178766741420793,3.055655660708631,0.9486687194222593,0.00061231256266583,81.48891149997078
64.46781039075952,0.021089377233886958,0.12442486312615657,3.059885499691609,0.9453107001746129,0.000616943037016465,78.77435621151383
64.11379008289927,0.02105201962454961,0.12502009250137056,3.062366871498305,0.9381412761671226,0.0006214949753022061,79.42798538974175
64.11379008289927,0.02105201962454961,0.12502009250137056,3.062366871498305,0.9381412761671226,0.0006214949753022061,79.42798538974175
64.11379008289927,0.02105201962454961,0.12502009250137056,3.062366871498305,0.9381412761671226,0.0006214949753022061,79.42798538974175
63.90040186290676,0.021004008024934826,0.12567656953284076,3.062790745968435,0.9333356624807099,0.0006235415764840682,77.87223161113374
63.90040186290676,0.021004008024934826,0.12567656953284076,3.062790745968435,0.9333356624807099,0.0006235415764840682,77.87223161113374
63.90040186290676,0.021004008024934826,0.12567656953284076,3.062790745968435,0.9333356624807099,0.0006235415764840682,77.87223161113374
63.90040186290676,0.021004008024934826,0.12567656953284076,3.062790745968435,0.9333356624807099,0.0006235415764840682,77.87223161113374
64.11980856358194,0.02094632812757811,0.12495369718671301,3.059627428708631,0.9361724577860342,0.0006150347215084337,74.11229580714786
64.11980856358194,0.02094632812757811,0.12495369718671301,3.059627428708631,0.9361724577860342,0.0006150347215084337,74.11229580714786
64.11980856358194,0.02094632812757811,0.12495369718671301,3.059627428708631,0.9361724577860342,0.0006150347215084337,74.11229580714786
63.574609446501654,0.02081343036785752,0.12602045836164433,3.0617567349159627,0.9350262892751657,0.0006081549735181407,74.41858694362912
63.574609446501654,0.02081343036785752,0.12602045836164433,3.0617567349159627,0.9350262892751657,0.0006081549735181407,74.41858694362912
63.574609446501654,0.02081343036785752,0.12602045836164433,3.0617567349159627,0.9350262892751657,0.0006081549735181407,74.41858694362912
63.42944543230101,0.020815245481495385,0.1261496651795615,3.060286742430226,0.9332224940749816,0.0006127581915919689,72.51310518084624
63.42944543230101,0.020815245481495385,0.1261496651795615,3.060286742430226,0.9332224940749816,0.0006127581915919689,72.51310518084624
63.4045369753366,0.02066776579144262,0.12485011052729365,3.0568991195942923,0.9264798974518363,0.0006155141616398347,73.10482345872069
63.854970670183256,0.020869685531278638,0.12422025053733014,3.057222614864264,0.9364140091885849,0.0006055531457343087,69.72123511453974
64.28381914692315,0.02098598083337939,0.12287065934302979,3.052998245666395,0.9396035717590089,0.0006047891532374629,68.95786792237995
64.28381914692315,0.02098598083337939,0.12287065934302979,3.052998245666395,0.9396035717590089,0.0006047891532374629,68.95786792237995
64.28381914692315,0.02098598083337939,0.12287065934302979,3.052998245666395,0.9396035717590089,0.0006047891532374629,68.95786792237995
64.28381914692315,0.02098598083337939,0.12287065934302979,3.052998245666395,0.9396035717590089,0.0006047891532374629,68.95786792237995
64.28381914692315,0.02098598083337939,0.12287065934302979,3.052998245666395,0.9396035717590089,0.0006047891532374629,68.95786792237995
65.16905711266418,0.021057996504501526,0.12106816387633812,3.0469697043930504,0.9427825197289323,0.0006126929368293015,67.83552022423714
65.16905711266418,0.021057996504501526,0.12106816387633812,3.0469697043930504,0.9427825197289323,0.0006126929368293015,67.83552022423714
65.16905711266418,0.021057996504501526,0.12106816387633812,3.0469697043930504,0.9427825197289323,0.0006126929368293015,67.83552022423714
65.16905711266418,0.021057996504501526,0.12106816387633812,3.0469697043930504,0.9427825197289323,0.0006126929368293015,67.83552022423714
65.16905711266418,0.021057996504501526,0.12106816387633812,3.0469697043930504,0.9427825197289323,0.0006126929368293015,67.83552022423714
65.16905711266418,0.021057996504501526,0.12106816387633812,3.0469697043930504,0.9427825197289323,0.0006126929368293015,67.83552022423714
65.16905711266418,0.021057996504501526,0.12106816387633812,3.0469697043930504,0.9427825197289323,0.0006126929368293015,67.83552022423714
64.5584775481744,0.020959115854709505,0.12315111292193989,3.052618334345093,0.9399674629338834,0.0006169087716021305,69.11044552834967
63.97373226340692,0.021034606000452514,0.12439791824172507,3.0563917920667305,0.9410273162613518,0.0006128328488433202,70.43670654715756
63.97373226340692,0.021034606000452514,0.12439791824172507,3.0563917920667305,0.9410273162613518,0.0006128328488433202,70.43670654715756
63.97373226340692,0.021034606000452514,0.12439791824172507,3.0563917920667305,0.9410273162613518,0.0006128328488433202,70.43670654715756
63.97373226340692,0.021034606000452514,0.12439791824172507,3.0563917920667305,0.9410273162613518,0.0006128328488433202,70.43670654715756
63.32007898448975,0.02106875420890503,0.1263903889558587,3.061817072333404,0.9360008408867545,0.0006056109536040197,72.71705107046944
63.32007898448975,0.02106875420890503,0.1263903889558587,3.061817072333404,0.9360008408867545,0.0006056109536040197,72.71705107046944
64.07989204406253,0.02124501107365491,0.12487693865446069,3.060058487689472,0.9367598302278953,0.0006086862225766508,73.54120621828969
64.32086192533356,0.021120635540091543,0.12303161129630892,3.0515530923910617,0.9389394986973568,0.0006072135962361422,69.48716502922368
64.32086192533356,0.021120635540091543,0.12303161129630892,3.0515530923910617,0.9389394986973568,0.0006072135962361422,69.48716502922368
63.90251136455727,0.021088713983593545,0.1242075382523444,3.052909825146887,0.9364482434570205,0.0006058386465324728,71.78736492503003
63.90251136455727,0.021088713983593545,0.1242075382523444,3.052909825146887,0.9364482434570205,0.0006058386465324728,71.78736492503003
63.90251136455727,0.021088713983593545,0.1242075382523444,3.052909825146887,0.9364482434570205,0.0006058386465324728,71.78736492503003
63.90251136455727,0.021088713983593545,0.1242075382523444,3.052909825146887,0.9364482434570205,0.0006058386465324728,71.78736492503003
64.74927757169239,0.02096418296469523,0.1215668412369802,3.045007346270319,0.9394335845817878,0.000613731744291927,71.97809985606838
64.74927757169239,0.02096418296469523,0.1215668412369802,3.045007346270319,0.9394335845817878,0.000613731744291927,71.97809985606838
64.74927757169239,0.02096418296469523,0.1215668412369802,3.045007346270319,0.9394335845817878,0.000613731744291927,71.97809985606838
64.74927757169239,0.02096418296469523,0.1215668412369802,3.045007346270319,0.9394335845817878,0.000613731744291927,71.97809985606838
65.11040420998526,0.020896034903736198,0.12023761316325825,3.044865234664391,0.9401130459455523,0.0006176810447334471,72.25501038143359
65.11040420998526,0.020896034903736198,0.12023761316325825,3.044865234664391,0.9401130459455523,0.0006176810447334471,72.25501038143359
65.11040420998526,0.020896034903736198,0.12023761316325825,3.044865234664391,0.9401130459455523,0.0006176810447334471,72.25501038143359
65.11040420998526,0.020896034903736198,0.12023761316325825,3.044865234664391,0.9401130459455523,0.0006176810447334471,72.25501038143359
65.11040420998526,0.020896034903736198,0.12023761316325825,3.044865234664391,0.9401130459455523,0.0006176810447334471,72.25501038143359
65.11040420998526,0.020896034903736198,0.12023761316325825,3.044865234664391,0.9401130459455523,0.0006176810447334471,72.25501038143359
65.43246292403514,0.02088775120678265,0.11954966168471619,3.0407660533937713,0.9420303401436299,0.0006173837093839308,73.28815559904444
65.43246292403514,0.02088775120678265,0.11954966168471619,3.0407660533937713,0.9420303401436299,0.0006173837093839308,73.28815559904444
64.53627647507389,0.020810159475016556,0.12179817469277285,3.048262864260432,0.9347800121426818,0.0006167283128321012,71.67201744279627
64.53627647507389,0.020810159475016556,0.12179817469277285,3.048262864260432,0.9347800121426818,0.0006167283128321012,71.67201744279627
64.4207930048925,0.020834157969673375,0.12247445786957499,3.0518240942203616,0.936962736016182,0.0006139181710510635,69.96869444422684
64.4207930048925,0.020834157969673375,0.12247445786957499,3.0518240942203616,0.936962736016182,0.0006139181710510635,69.96869444422684
64.4207930048925,0.020834157969673375,0.12247445786957499,3.0518240942203616,0.936962736016182,0.0006139181710510635,69.96869444422684
64.4207930048925,0.020834157969673375,0.12247445786957499,3.0518240942203616,0.936962736016182,0.0006139181710510635,69.96869444422684
64.4207930048925,0.020834157969673375,0.12247445786957499,3.0518240942203616,0.936962736016182,0.0006139181710510635,69.96869444422684
64.4207930048925,0.020834157969673375,0.12247445786957499,3.0518240942203616,0.936962736016182,0.0006139181710510635,69.96869444422684
64.4207930048925,0.020834157969673375,0.12247445786957499,3.0518240942203616,0.936962736016182,0.0006139181710510635,69.96869444422684
64.4207930048925,0.020834157969673375,0.12247445786957499,3.0518240942203616,0.936962736016182,0.0006139181710510635,69.96869444422684
64.4207930048925,0.020834157969673375,0.12247445786957499,3.0518240942203616,0.936962736016182,0.0006139181710510635,69.96869444422684
64.4207930048925,0.020834157969673375,0.12247445786957499,3.0518240942203616,0.936962736016182,0.0006139181710510635,69.96869444422684
64.4207930048925,0.020834157969673375,0.12247445786957499,3.0518240942203616,0.936962736016182,0.0006139181710510635,69.96869444422684
64.4207930048925,0.020834157969673375,0.12247445786957499,3.0518240942203616,0.936962736016182,0.0006139181710510635,69.96869444422684
64.4207930048925,0.020834157969673375,0.12247445786957499,3.0518240942203616,0.936962736016182,0.0006139181710510635,69.96869444422684
64.4207930048925,0.020834157969673375,0.12247445786957499,3.0518240942203616,0.936962736016182,0.0006139181710510635,69.96869444422684
64.4207930048925,0.020834157969673375,0.12247445786957499,3.0518240942203616,0.936962736016182,0.0006139181710510635,69.96869444422684
64.4207930048925,0.020834157969673375,0.12247445786957499,3.0518240942203616,0.936962736016182,0.0006139181710510635,69.96869444422684
64.4207930048925,0.020834157969673375,0.12247445786957499,3.0518240942203616,0.936962736016182,0.0006139181710510635,69.96869444422684
64.4207930048925,0.020834157969673375,0.12247445786957499,3.0518240942203616,0.936962736016182,0.0006139181710510635,69.96869444422684
64.4207930048925,0.020834157969673375,0.12247445786957499,3.0518240942203616,0.936962736016182,0.0006139181710510635,69.96869444422684
64.19323865282115,0.02090865966426345,0.12374210751474096,3.0550857332184376,0.9352193528170771,0.0006168975522933604,69.61851624418918
64.19323865282115,0.02090865966426345,0.12374210751474096,3.0550857332184376,0.9352193528170771,0.0006168975522933604,69.61851624418918
64.19323865282115,0.02090865966426345,0.12374210751474096,3.0550857332184376,0.9352193528170771,0.0006168975522933604,69.61851624418918
64.19323865282115,0.02090865966426345,0.12374210751474096,3.0550857332184376,0.9352193528170771,0.0006168975522933604,69.61851624418918
64.9068046116301,0.021108283306487393,0.12186479961352384,3.0526965705942,0.9396788350620734,0.000615769839912404,72.32716091244082
64.9068046116301,0.021108283306487393,0.12186479961352384,3.0526965705942,0.9396788350620734,0.000615769839912404,72.32716091244082
63.87883752511188,0.020582229960028,0.12288219015580888,3.0497280387223116,0.931503499134839,0.0006294856195381694,73.78464078613689
63.87883752511188,0.020582229960028,0.12288219015580888,3.0497280387223116,0.931503499134839,0.0006294856195381694,73.78464078613689
63.74111384327506,0.0205740795919663,0.12380214422418781,3.0542807259876894,0.9349316969325593,0.000627663948556721,74.03513023957436
63.74111384327506,0.0205740795919663,0.12380214422418781,3.0542807259876894,0.9349316969325593,0.000627663948556721,74.03513023957436
63.74111384327506,0.0205740795919663,0.12380214422418781,3.0542807259876894,0.9349316969325593,0.000627663948556721,74.03513023957436
63.74111384327506,0.0205740795919663,0.12380214422418781,3.0542807259876894,0.9349316969325593,0.000627663948556721,74.03513023957436
62.540576900661016,0.020477058572340293,0.12674740807525958,3.059698414516892,0.928108464929756,0.0006282885482648912,73.55392583235314
62.540576900661016,0.020477058572340293,0.12674740807525958,3.059698414516892,0.928108464929756,0.0006282885482648912,73.55392583235314
62.46499198225123,0.0205883728206419,0.12711062442277327,3.0630179360313035,0.9271600033292783,0.0006194536524976828,74.21671439351574
63.297085337835725,0.02059288024890008,0.1247518595956557,3.055119550972747,0.933391182616268,0.000621878994166051,71.67563069120435
63.297085337835725,0.02059288024890008,0.1247518595956557,3.055119550972747,0.933391182616268,0.000621878994166051,71.67563069120435
63.297085337835725,0.02059288024890008,0.1247518595956557,3.055119550972747,0.933391182616268,0.000621878994166051,71.67563069120435
63.297085337835725,0.02059288024890008,0.1247518595956557,3.055119550972747,0.933391182616268,0.000621878994166051,71.67563069120435
63.297085337835725,0.02059288024890008,0.1247518595956557,3.055119550972747,0.933391182616268,0.000621878994166051,71.67563069120435
64.18360374909133,0.020855947876893346,0.1231550358282425,3.0546669547707492,0.937166364883149,0.0006109257022780465,70.85018154939833
64.15723031812573,0.020837398310212682,0.12331664954798101,3.054864070992547,0.93690775939853,0.0006153567763397601,70.99935500544662
64.07919845226272,0.020777308917471208,0.1228808813388364,3.0523826581807043,0.938361662229765,0.0006135562802798316,71.1032280558622
64.87010479068283,0.020923642119462675,0.12109080029212814,3.047251598023888,0.9416105563915226,0.0006166563053014854,69.89893052509746
65.2567531935716,0.021265114620146613,0.12140624907694769,3.050385804994,0.944385096854567,0.0006187711158277446,69.52399496490857
65.2567531935716,0.021265114620146613,0.12140624907694769,3.050385804994,0.944385096854567,0.0006187711158277446,69.52399496490857
65.61444873167639,0.021563855483261927,0.12131439743116862,3.0537818863550736,0.9436756993954719,0.0006147088354061574,78.67671529417163
65.66858019487229,0.02149543768566318,0.12142896028946133,3.052179647158795,0.9421137523873352,0.0006268860417582017,74.90591211199106
66.05282863829964,0.021213475206260872,0.11968080809906777,3.046708395250802,0.9488065779660725,0.0006297003913372487,70.44740906330601
66.05282863829964,0.021213475206260872,0.11968080809906777,3.046708395250802,0.9488065779660725,0.0006297003913372487,70.44740906330601
66.05282863829964,0.021213475206260872,0.11968080809906777,3.046708395250802,0.9488065779660725,0.0006297003913372487,70.44740906330601
65.84663214129968,0.02104688996746459,0.11963584181032932,3.0444027654399486,0.9478124302285185,0.0006282067748948958,69.42641485273673
65.84663214129968,0.02104688996746459,0.11963584181032932,3.0444027654399486,0.9478124302285185,0.0006282067748948958,69.42641485273673
65.84663214129968,0.02104688996746459,0.11963584181032932,3.0444027654399486,0.9478124302285185,0.0006282067748948958,69.42641485273673
66.46978766646112,0.021294890404379454,0.11848158152294093,3.043599916541958,0.9565758991395678,0.0006208089646178562,71.34783497227379
66.46978766646112,0.021294890404379454,0.11848158152294093,3.043599916541958,0.9565758991395678,0.0006208089646178562,71.34783497227379
66.46978766646112,0.021294890404379454,0.11848158152294093,3.043599916541958,0.9565758991395678,0.0006208089646178562,71.34783497227379
66.46978766646112,0.021294890404379454,0.11848158152294093,3.043599916541958,0.9565758991395678,0.0006208089646178562,71.34783497227379
66.46978766646112,0.021294890404379454,0.11848158152294093,3.043599916541958,0.9565758991395678,0.0006208089646178562,71.34783497227379
66.09543758026302,0.021362863355170993,0.11934555024868394,3.045784152010099,0.9527866215062691,0.0006245270712291414,71.77069561118232
66.09543758026302,0.021362863355170993,0.11934555024868394,3.045784152010099,0.9527866215062691,0.0006245270712291414,71.77069561118232
66.09543758026302,0.021362863355170993,0.11934555024868394,3.045784152010099,0.9527866215062691,0.0006245270712291414,71.77069561118232
65.89000543474897,0.02133538775093579,0.11930362625939975,3.046661870692278,0.9527536326739665,0.000624513566868987,79.50073701096152
65.89000543474897,0.02133538775093579,0.11930362625939975,3.046661870692278,0.9527536326739665,0.000624513566868987,79.50073701096152
65.89000543474897,0.02133538775093579,0.11930362625939975,3.046661870692278,0.9527536326739665,0.000624513566868987,79.50073701096152
66.38576855475718,0.021558616549852958,0.11990143734815577,3.0496784866316298,0.955943046577226,0.0006256481702696996,75.72563200462382
65.88969272559882,0.021363725041137826,0.1204608316174936,3.048268656541314,0.9554194240979423,0.0006302262510581189,74.17405348853771
65.88969272559882,0.021363725041137826,0.1204608316174936,3.048268656541314,0.9554194240979423,0.0006302262510581189,74.17405348853771
65.88969272559882,0.021363725041137826,0.1204608316174936,3.048268656541314,0.9554194240979423,0.0006302262510581189,74.17405348853771
65.88969272559882,0.021363725041137826,0.1204608316174936,3.048268656541314,0.9554194240979423,0.0006302262510581189,74.17405348853771
66.3286100741966,0.0213798672353424,0.12033962139628143,3.0490900304679855,0.9591667953676204,0.0006282670620114558,78.0567160712947
66.3286100741966,0.0213798672353424,0.12033962139628143,3.0490900304679855,0.9591667953676204,0.0006282670620114558,78.0567160712947
66.50307973995324,0.02125029717308649,0.11968663845973544,3.0463385027904044,0.9603411840872662,0.0006315990941439529,79.14327465247483
66.50307973995324,0.02125029717308649,0.11968663845973544,3.0463385027904044,0.9603411840872662,0.0006315990941439529,79.14327465247483
67.32293631637424,0.02132759321057482,0.1180301977175705,3.0415571620851276,0.9630555248128263,0.0006357247734050399,78.56142007150027
67.12672020805057,0.021544550897106468,0.11938521386569317,3.047521718709557,0.9578841387510197,0.0006400524832959022,78.88447870930064
67.12672020805057,0.021544550897106468,0.11938521386569317,3.047521718709557,0.9578841387510197,0.0006400524832959022,78.88447870930064
67.12672020805057,0.021544550897106468,0.11938521386569317,3.047521718709557,0.9578841387510197,0.0006400524832959022,78.88447870930064
66.82880212979504,0.02167535646230576,0.11976433440059296,3.048225986459059,0.9472242806889126,0.000640330586699138,77.71855764983228
67.3860105094319,0.021649073371583463,0.11731579448827023,3.04154470693627,0.9519594655959558,0.0006353976635314247,73.09242334423632
67.3860105094319,0.021649073371583463,0.11731579448827023,3.04154470693627,0.9519594655959558,0.0006353976635314247,73.09242334423632
67.3860105094319,0.021649073371583463,0.11731579448827023,3.04154470693627,0.9519594655959558,0.0006353976635314247,73.09242334423632
67.3860105094319,0.021649073371583463,0.11731579448827023,3.04154470693627,0.9519594655959558,0.0006353976635314247,73.09242334423632
67.19491424484838,0.021762367169157897,0.11848811142638765,3.0432477406968426,0.955082469011024,0.0006219691839442928,71.87320900946864
66.9316686852802,0.021707098582731663,0.1189519859953971,3.0467108169887767,0.9509594690081329,0.0006300060139037356,74.16087820183138
67.61770987736493,0.021744102693192466,0.11782482379976285,3.044894773270315,0.9590680444406147,0.0006201399116247402,73.19685097406146
67.61770987736493,0.021744102693192466,0.11782482379976285,3.044894773270315,0.9590680444406147,0.0006201399116247402,73.19685097406146
67.61770987736493,0.021744102693192466,0.11782482379976285,3.044894773270315,0.9590680444406147,0.0006201399116247402,73.19685097406146
67.04658647380217,0.02151420486416429,0.11873061441773686,3.0451193605329707,0.9509112329035022,0.0006266562444190365,72.78938171661089
67.33692505182317,0.021485320924121983,0.11708782186897025,3.03719796368976,0.9532393603580028,0.0006229521302464773,71.46367925184717
67.33692505182317,0.021485320924121983,0.11708782186897025,3.03719796368976,0.9532393603580028,0.0006229521302464773,71.46367925184717
67.33692505182317,0.021485320924121983,0.11708782186897025,3.03719796368976,0.9532393603580028,0.0006229521302464773,71.46367925184717
67.33692505182317,0.021485320924121983,0.11708782186897025,3.03719796368976,0.9532393603580028,0.0006229521302464773,71.46367925184717
67.27240544562608,0.021402550722227284,0.1171569275304941,3.0379209778399647,0.9501445916546093,0.0006254687308758506,72.93831095490641
67.27240544562608,0.021402550722227284,0.1171569275304941,3.0379209778399647,0.9501445916546093,0.0006254687308758506,72.93831095490641
67.27240544562608,0.021402550722227284,0.1171569275304941,3.0379209778399647,0.9501445916546093,0.0006254687308758506,72.93831095490641
67.27240544562608,0.021402550722227284,0.1171569275304941,3.0379209778399647,0.9501445916546093,0.0006254687308758506,72.93831095490641
67.6257312095311,0.021721477290034534,0.11707275556066335,3.0398095779965404,0.9581411600047197,0.0006153767002253299,69.72279559049214
66.97528923888936,0.021508117298255577,0.11837006073228268,3.042419581257914,0.9523990625034763,0.0006193354070599798,69.55925493719708
67.09171235368655,0.021600013817921534,0.1185900076451367,3.0439398254381085,0.9555478132390766,0.0006152715744595392,70.13037318647372
67.09171235368655,0.021600013817921534,0.1185900076451367,3.0439398254381085,0.9555478132390766,0.0006152715744595392,70.13037318647372
67.09171235368655,0.021600013817921534,0.1185900076451367,3.0439398254381085,0.9555478132390766,0.0006152715744595392,70.13037318647372
67.48651359139085,0.02166935608332234,0.11776220505999453,3.0405430638699524,0.9599728128955092,0.0006149114619178565,71.36226635638909
67.48651359139085,0.02166935608332234,0.11776220505999453,3.0405430638699524,0.9599728128955092,0.0006149114619178565,71.36226635638909
67.48651359139085,0.02166935608332234,0.11776220505999453,3.0405430638699524,0.9599728128955092,0.0006149114619178565,71.36226635638909
67.48651359139085,0.02166935608332234,0.11776220505999453,3.0405430638699524,0.9599728128955092,0.0006149114619178565,71.36226635638909
67.48651359139085,0.02166935608332234,0.11776220505999453,3.0405430638699524,0.9599728128955092,0.0006149114619178565,71.36226635638909
67.60200986879724,0.021708289192414337,0.11773534088893708,3.040642976489356,0.9655172450865984,0.0006113783774800252,74.00603163918774
67.60200986879724,0.021708289192414337,0.11773534088893708,3.040642976489356,0.9655172450865984,0.0006113783774800252,74.00603163918774
67.60200986879724,0.021708289192414337,0.11773534088893708,3.040642976489356,0.9655172450865984,0.0006113783774800252,74.00603163918774
67.60200986879724,0.021708289192414337,0.11773534088893708,3.040642976489356,0.9655172450865984,0.0006113783774800252,74.00603163918774
67.60200986879724,0.021708289192414337,0.11773534088893708,3.040642976489356,0.9655172450865984,0.0006113783774800252,74.00603163918774
67.60200986879724,0.021708289192414337,0.11773534088893708,3.040642976489356,0.9655172450865984,0.0006113783774800252,74.00603163918774
67.60200986879724,0.021708289192414337,0.11773534088893708,3.040642976489356,0.9655172450865984,0.0006113783774800252,74.00603163918774
67.28594678627253,0.021824699848977936,0.11803406970446924,3.0443304743288975,0.9608186630439528,0.0006132074025318209,71.97731481573888
67.28594678627253,0.021824699848977936,0.11803406970446924,3.0443304743288975,0.9608186630439528,0.0006132074025318209,71.97731481573888
66.82491378469231,0.021618124164753002,0.11846197950663095,3.0449191704975243,0.9580682385138104,0.0006109345073120985,70.23682789101935
67.07310626880118,0.021622740260559555,0.11811220236689944,3.045358293642715,0.9671283699554675,0.0005955481439514807,75.31741989613921
67.07310626880118,0.021622740260559555,0.11811220236689944,3.045358293642715,0.9671283699554675,0.0005955481439514807,75.31741989613921
67.21141333481164,0.021806666550058335,0.11750106486764744,3.0434500535149893,0.9671164097007724,0.0005943040960802147,75.9752449068427
67.21141333481164,0.021806666550058335,0.11750106486764744,3.0434500535149893,0.9671164097007724,0.0005943040960802147,75.9752449068427
67.21141333481164,0.021806666550058335,0.11750106486764744,3.0434500535149893,0.9671164097007724,0.0005943040960802147,75.9752449068427
67.4015186287404,0.02182750171544292,0.11713590866048393,3.040879932453325,0.9634232829242424,0.0005970273639560988,70.98184340764526
67.4015186287404,0.02182750171544292,0.11713590866048393,3.040879932453325,0.9634232829242424,0.0005970273639560988,70.98184340764526
67.14163236483736,0.021851438982665883,0.11838532736156915,3.0463033624151836,0.9622105060804718,0.0005963977504895485,72.76176709637767
67.14163236483736,0.021851438982665883,0.11838532736156915,3.0463033624151836,0.9622105060804718,0.0005963977504895485,72.76176709637767
67.14163236483736,0.021851438982665883,0.11838532736156915,3.0463033624151836,0.9622105060804718,0.0005963977504895485,72.76176709637767
67.14163236483736,0.021851438982665883,0.11838532736156915,3.0463033624151836,0.9622105060804718,0.0005963977504895485,72.76176709637767
67.13213464951288,0.02177071610572086,0.11841071180248025,3.04479728106539,0.9645240733045846,0.00059628892929805,71.69460519469013
68.0573636889092,0.021869123563781154,0.11684553323402423,3.0419924113575454,0.9679863640240003,0.000592941669036971,71.7716605319483
68.05859950334464,0.02195546794478859,0.11631620185974004,3.040109706732986,0.9697993871451309,0.0005927081172424936,71.74701350221952
68.05859950334464,0.02195546794478859,0.11631620185974004,3.040109706732986,0.9697993871451309,0.0005927081172424936,71.74701350221952
67.98216722191434,0.021900267492232967,0.11616617045365141,3.039327240310185,0.9636282020657633,0.0005985307919022531,70.43490924104283
68.72061642384428,0.021841449456403934,0.11460941819902785,3.036353330757828,0.9670247658211478,0.0005911229761620257,70.48204978714527
67.9876447705414,0.021762798782105235,0.11620655039076327,3.03982738439655,0.9626242539076062,0.0005941848201816201,69.18209792767995
67.9876447705414,0.021762798782105235,0.11620655039076327,3.03982738439655,0.9626242539076062,0.0005941848201816201,69.18209792767995
67.9876447705414,0.021762798782105235,0.11620655039076327,3.03982738439655,0.9626242539076062,0.0005941848201816201,69.18209792767995
67.62204836176421,0.021732635834329574,0.1166351217880447,3.0403313249968447,0.9629471291930906,0.0006005625643494955,69.18297607100548
67.62204836176421,0.021732635834329574,0.1166351217880447,3.0403313249968447,0.9629471291930906,0.0006005625643494955,69.18297607100548
67.62204836176421,0.021732635834329574,0.1166351217880447,3.0403313249968447,0.9629471291930906,0.0006005625643494955,69.18297607100548
67.62204836176421,0.021732635834329574,0.1166351217880447,3.0403313249968447,0.9629471291930906,0.0006005625643494955,69.18297607100548
67.87016341627837,0.021818337812487515,0.11675935750794023,3.040343968997613,0.9642454384186454,0.0005986891013640773,69.5362868855275
67.87016341627837,0.021818337812487515,0.11675935750794023,3.040343968997613,0.9642454384186454,0.0005986891013640773,69.5362868855275
67.87016341627837,0.021818337812487515,0.11675935750794023,3.040343968997613,0.9642454384186454,0.0005986891013640773,69.5362868855275
67.87016341627837,0.021818337812487515,0.11675935750794023,3.040343968997613,0.9642454384186454,0.0005986891013640773,69.5362868855275
67.87016341627837,0.021818337812487515,0.11675935750794023,3.040343968997613,0.9642454384186454,0.0005986891013640773,69.5362868855275
67.87016341627837,0.021818337812487515,0.11675935750794023,3.040343968997613,0.9642454384186454,0.0005986891013640773,69.5362868855275
67.87016341627837,0.021818337812487515,0.11675935750794023,3.040343968997613,0.9642454384186454,0.0005986891013640773,69.5362868855275
67.88865208761864,0.021846359390299396,0.11622586644845262,3.0399191293481467,0.9614483296262426,0.0005949803379863142,70.45179545787789
67.88865208761864,0.021846359390299396,0.11622586644845262,3.0399191293481467,0.9614483296262426,0.0005949803379863142,70.45179545787789
67.88865208761864,0.021846359390299396,0.11622586644845262,3.0399191293481467,0.9614483296262426,0.0005949803379863142,70.45179545787789
67.88865208761864,0.021846359390299396,0.11622586644845262,3.0399191293481467,0.9614483296262426,0.0005949803379863142,70.45179545787789
68.95000923089032,0.021899497214624385,0.1139242267891216,3.0358055617376247,0.9735892339834974,0.0005843784062822714,71.65056911912278
69.89481842633553,0.02215308498725325,0.11333790579011159,3.036825394464661,0.9833573661184609,0.0005762068651832059,78.42518397797376
69.89481842633553,0.02215308498725325,0.11333790579011159,3.036825394464661,0.9833573661184609,0.0005762068651832059,78.42518397797376
69.89481842633553,0.02215308498725325,0.11333790579011159,3.036825394464661,0.9833573661184609,0.0005762068651832059,78.42518397797376
70.20813541535395,0.02192833471507267,0.11211985467894048,3.031906908136414,0.9837849997196816,0.0005811452898436082,79.4518727436305
69.88900164270582,0.021654992883541568,0.11152111050738996,3.028274275711135,0.9780329178301277,0.0005880788490834087,78.4824133258293
69.88900164270582,0.021654992883541568,0.11152111050738996,3.028274275711135,0.9780329178301277,0.0005880788490834087,78.4824133258293
69.70812063392195,0.02167427668322841,0.11124918886230135,3.0263951461961245,0.9771969349777518,0.0005894752777692082,77.63718222010117
69.70812063392195,0.02167427668322841,0.11124918886230135,3.0263951461961245,0.9771969349777518,0.0005894752777692082,77.63718222010117
69.70812063392195,0.02167427668322841,0.11124918886230135,3.0263951461961245,0.9771969349777518,0.0005894752777692082,77.63718222010117
69.70812063392195,0.02167427668322841,0.11124918886230135,3.0263951461961245,0.9771969349777518,0.0005894752777692082,77.63718222010117
69.37369654811629,0.021501175860230037,0.11123832750738898,3.0232836110865886,0.9748373804792096,0.0005884489481691676,82.22943388701216
69.37369654811629,0.021501175860230037,0.11123832750738898,3.0232836110865886,0.9748373804792096,0.0005884489481691676,82.22943388701216
69.77179028874089,0.021614178127237347,0.11137707506047435,3.02322045473097,0.982300103357864,0.000592258016883245,84.50085397281222
70.17265055645755,0.021764041355273687,0.10999690751269768,3.019676000088013,0.9846474198146767,0.0005920860457538287,85.86483307331058
69.6998456915099,0.021857662381464266,0.11130640649394856,3.0230819665448183,0.9849408721138627,0.0005764222831433443,84.65175171765708
69.76673964137362,0.02193116181296521,0.11213254140365916,3.0241851127251866,0.9805046902511042,0.000580387794708386,85.75501427944559
69.76673964137362,0.02193116181296521,0.11213254140365916,3.0241851127251866,0.9805046902511042,0.000580387794708386,85.75501427944559
69.21584681771337,0.022114544772700487,0.11383212791496922,3.028947378537279,0.9787701948976656,0.0005743877332789424,86.29004787526229
69.21584681771337,0.022114544772700487,0.11383212791496922,3.028947378537279,0.9787701948976656,0.0005743877332789424,86.29004787526229
69.21584681771337,0.022114544772700487,0.11383212791496922,3.028947378537279,0.9787701948976656,0.0005743877332789424,86.29004787526229
69.21584681771337,0.022114544772700487,0.11383212791496922,3.028947378537279,0.9787701948976656,0.0005743877332789424,86.29004787526229
69.5185658752627,0.02196692931006877,0.11327164545337967,3.0277033830102416,0.981254048487546,0.0005776945237306383,87.01641320474938
69.93213321417046,0.022058734022079,0.1121823270589844,3.028028385924927,0.9847680006434817,0.0005699142524170701,78.67611039039254
69.93213321417046,0.022058734022079,0.1121823270589844,3.028028385924927,0.9847680006434817,0.0005699142524170701,78.67611039039254
69.93213321417046,0.022058734022079,0.1121823270589844,3.028028385924927,0.9847680006434817,0.0005699142524170701,78.67611039039254
69.52306119109741,0.022176605898529822,0.1136523508872138,3.0321906032215282,0.9838749076295032,0.0005658523808338879,80.39479174014896
70.54778583736075,0.022177809852247373,0.11149873389793304,3.0282319541353715,0.985089092640469,0.0005691928165460698,78.65841619386472
70.54778583736075,0.022177809852247373,0.11149873389793304,3.0282319541353715,0.985089092640469,0.0005691928165460698,78.65841619386472
70.54778583736075,0.022177809852247373,0.11149873389793304,3.0282319541353715,0.985089092640469,0.0005691928165460698,78.65841619386472
70.22154116845476,0.022239733641444825,0.11155032919074256,3.0282273920118516,0.9824103718496401,0.0005731160629085333,75.27264038504389
70.22154116845476,0.022239733641444825,0.11155032919074256,3.0282273920118516,0.9824103718496401,0.0005731160629085333,75.27264038504389
69.52104538540745,0.02223157484763491,0.1128933038751672,3.0322874343148536,0.9831877821913617,0.0005730082604857049,76.82938743664414
68.42089873725568,0.022101134540877653,0.11538530134958527,3.0361982334657815,0.9749870700572835,0.0005702584604389675,75.78473040772467
68.42089873725568,0.022101134540877653,0.11538530134958527,3.0361982334657815,0.9749870700572835,0.0005702584604389675,75.78473040772467
68.42089873725568,0.022101134540877653,0.11538530134958527,3.0361982334657815,0.9749870700572835,0.0005702584604389675,75.78473040772467
68.42089873725568,0.022101134540877653,0.11538530134958527,3.0361982334657815,0.9749870700572835,0.0005702584604389675,75.78473040772467
68.42089873725568,0.022101134540877653,0.11538530134958527,3.0361982334657815,0.9749870700572835,0.0005702584604389675,75.78473040772467
68.42089873725568,0.022101134540877653,0.11538530134958527,3.0361982334657815,0.9749870700572835,0.0005702584604389675,75.78473040772467
68.42089873725568,0.022101134540877653,0.11538530134958527,3.0361982334657815,0.9749870700572835,0.0005702584604389675,75.78473040772467
68.42089873725568,0.022101134540877653,0.11538530134958527,3.0361982334657815,0.9749870700572835,0.0005702584604389675,75.78473040772467
68.42089873725568,0.022101134540877653,0.11538530134958527,3.0361982334657815,0.9749870700572835,0.0005702584604389675,75.78473040772467
68.42089873725568,0.022101134540877653,0.11538530134958527,3.0361982334657815,0.9749870700572835,0.0005702584604389675,75.78473040772467
67.68618345092153,0.021989003452166724,0.11742574293477791,3.0400436921893292,0.9690660396447421,0.0005798411874370404,77.05825136833002
68.31077254818547,0.02186524253781261,0.11572026914316298,3.0346563594600053,0.9718141017307366,0.0005764272480111421,77.74640317302816
68.00023389473107,0.021704882764718273,0.11621878529869663,3.0355037842605648,0.9716090057402503,0.0005798459440617557,77.82231536258898
68.00023389473107,0.021704882764718273,0.11621878529869663,3.0355037842605648,0.9716090057402503,0.0005798459440617557,77.82231536258898
68.00023389473107,0.021704882764718273,0.11621878529869663,3.0355037842605648,0.9716090057402503,0.0005798459440617557,77.82231536258898
68.00023389473107,0.021704882764718273,0.11621878529869663,3.0355037842605648,0.9716090057402503,0.0005798459440617557,77.82231536258898
68.00023389473107,0.021704882764718273,0.11621878529869663,3.0355037842605648,0.9716090057402503,0.0005798459440617557,77.82231536258898
68.1789449147484,0.021440362047433426,0.11433246986475153,3.028327977049567,0.9682995074637474,0.0005852613374321312,80.33730087149861
68.1789449147484,0.021440362047433426,0.11433246986475153,3.028327977049567,0.9682995074637474,0.0005852613374321312,80.33730087149861
67.78649080831946,0.021552926667405246,0.11453942327839743,3.029647204672542,0.9632541237459805,0.0005958506824937768,78.01714257151066
67.78649080831946,0.021552926667405246,0.11453942327839743,3.029647204672542,0.9632541237459805,0.0005958506824937768,78.01714257151066
67.78649080831946,0.021552926667405246,0.11453942327839743,3.029647204672542,0.9632541237459805,0.0005958506824937768,78.01714257151066
67.78649080831946,0.021552926667405246,0.11453942327839743,3.029647204672542,0.9632541237459805,0.0005958506824937768,78.01714257151066
67.78649080831946,0.021552926667405246,0.11453942327839743,3.029647204672542,0.9632541237459805,0.0005958506824937768,78.01714257151066
67.78649080831946,0.021552926667405246,0.11453942327839743,3.029647204672542,0.9632541237459805,0.0005958506824937768,78.01714257151066
67.78649080831946,0.021552926667405246,0.11453942327839743,3.029647204672542,0.9632541237459805,0.0005958506824937768,78.01714257151066
67.78649080831946,0.021552926667405246,0.11453942327839743,3.029647204672542,0.9632541237459805,0.0005958506824937768,78.01714257151066
67.78649080831946,0.021552926667405246,0.11453942327839743,3.029647204672542,0.9632541237459805,0.0005958506824937768,78.01714257151066
67.62587190338206,0.021730059538210732,0.11580068618783329,3.0352052048195235,0.9679532374681361,0.0005962728182783954,74.33891256641131
67.62587190338206,0.021730059538210732,0.11580068618783329,3.0352052048195235,0.9679532374681361,0.0005962728182783954,74.33891256641131
67.62587190338206,0.021730059538210732,0.11580068618783329,3.0352052048195235,0.9679532374681361,0.0005962728182783954,74.33891256641131
67.62587190338206,0.021730059538210732,0.11580068618783329,3.0352052048195235,0.9679532374681361,0.0005962728182783954,74.33891256641131
67.62587190338206,0.021730059538210732,0.11580068618783329,3.0352052048195235,0.9679532374681361,0.0005962728182783954,74.33891256641131
68.31814604134476,0.021826274634588232,0.114950009162204,3.0329431590040756,0.9735803262264687,0.000601409607783892,74.8536516420428
68.31814604134476,0.021826274634588232,0.114950009162204,3.0329431590040756,0.9735803262264687,0.000601409607783892,74.8536516420428
67.83342735128971,0.021627747456003054,0.11526535538483407,3.031860704949944,0.9709332110485854,0.000602140101988451,77.26981498900159
67.83342735128971,0.021627747456003054,0.11526535538483407,3.031860704949944,0.9709332110485854,0.000602140101988451,77.26981498900159
67.83342735128971,0.021627747456003054,0.11526535538483407,3.031860704949944,0.9709332110485854,0.000602140101988451,77.26981498900159
67.43330033013007,0.02163033623677993,0.11609973818523363,3.0347115244212666,0.9690304226549873,0.0006015671963031243,76.78074481041709
67.43330033013007,0.02163033623677993,0.11609973818523363,3.0347115244212666,0.9690304226549873,0.0006015671963031243,76.78074481041709
67.43330033013007,0.02163033623677993,0.11609973818523363,3.0347115244212666,0.9690304226549873,0.0006015671963031243,76.78074481041709
67.43330033013007,0.02163033623677993,0.11609973818523363,3.0347115244212666,0.9690304226549873,0.0006015671963031243,76.78074481041709
67.43330033013007,0.02163033623677993,0.11609973818523363,3.0347115244212666,0.9690304226549873,0.0006015671963031243,76.78074481041709
68.25049737843395,0.02150420593855814,0.11465742951808837,3.0324477501648275,0.9720225042030578,0.0006071525281145515,74.64543784046593
67.90302975216956,0.021459563631086066,0.11610405616468843,3.0368646039249256,0.9657681859060926,0.0006166994006054751,71.92316833999634
67.90302975216956,0.021459563631086066,0.11610405616468843,3.0368646039249256,0.9657681859060926,0.0006166994006054751,71.92316833999634
67.2615208810538,0.021548397789094224,0.11765268870057691,3.03816040885543,0.9648670603288512,0.0006153831275109977,74.1401736877604
67.35321802307001,0.02170833756464168,0.11728063181376946,3.0414030883550263,0.9638181347949581,0.0006134841089720809,71.40823583570912
67.35321802307001,0.02170833756464168,0.11728063181376946,3.0414030883550263,0.9638181347949581,0.0006134841089720809,71.40823583570912
68.01870875710553,0.02172872496191592,0.11533222875094222,3.035084861546836,0.9686106528228822,0.0006079182973332777,71.69300761595917
67.93746366993298,0.02155788126894634,0.11445379765749869,3.032409574802538,0.9648094849944797,0.0006213381651952647,77.24064010956516
67.72259763216636,0.02140963734747837,0.11496849804444179,3.0331051261485205,0.9613990796365837,0.0006246006588553636,74.12103869621845
67.72112860735108,0.0214980874667727,0.11571798909329131,3.034485689188785,0.9630753741633783,0.0006263404133185745,70.60622161778697
67.72112860735108,0.0214980874667727,0.11571798909329131,3.034485689188785,0.9630753741633783,0.0006263404133185745,70.60622161778697
67.72112860735108,0.0214980874667727,0.11571798909329131,3.034485689188785,0.9630753741633783,0.0006263404133185745,70.60622161778697
67.72112860735108,0.0214980874667727,0.11571798909329131,3.034485689188785,0.9630753741633783,0.0006263404133185745,70.60622161778697
66.38035408771698,0.02124756738888786,0.1183141441539944,3.040351751366116,0.9550918470662264,0.0006312731958256965,70.6674814882853
66.83019003289282,0.021123575806916036,0.11790599553408607,3.040251274472297,0.9585959444975749,0.0006345774563808989,74.36694296005182
66.83019003289282,0.021123575806916036,0.11790599553408607,3.040251274472297,0.9585959444975749,0.0006345774563808989,74.36694296005182
66.83019003289282,0.021123575806916036,0.11790599553408607,3.040251274472297,0.9585959444975749,0.0006345774563808989,74.36694296005182
66.83019003289282,0.021123575806916036,0.11790599553408607,3.040251274472297,0.9585959444975749,0.0006345774563808989,74.36694296005182
66.83019003289282,0.021123575806916036,0.11790599553408607,3.040251274472297,0.9585959444975749,0.0006345774563808989,74.36694296005182
67.11512260841994,0.021133750155364957,0.11726253087651416,3.0377790949547427,0.9554137607784701,0.0006470700067101314,73.2794859883251
67.11512260841994,0.021133750155364957,0.11726253087651416,3.0377790949547427,0.9554137607784701,0.0006470700067101314,73.2794859883251
67.11512260841994,0.021133750155364957,0.11726253087651416,3.0377790949547427,0.9554137607784701,0.0006470700067101314,73.2794859883251
67.11512260841994,0.021133750155364957,0.11726253087651416,3.0377790949547427,0.9554137607784701,0.0006470700067101314,73.2794859883251
67.11512260841994,0.021133750155364957,0.11726253087651416,3.0377790949547427,0.9554137607784701,0.0006470700067101314,73.2794859883251
67.11512260841994,0.021133750155364957,0.11726253087651416,3.0377790949547427,0.9554137607784701,0.0006470700067101314,73.2794859883251
67.12048150667931,0.021215961490727082,0.11774885165920976,3.0384554639953603,0.9593128150095795,0.000641165993094861,74.81949594653486
67.12048150667931,0.021215961490727082,0.11774885165920976,3.0384554639953603,0.9593128150095795,0.000641165993094861,74.81949594653486
67.12048150667931,0.021215961490727082,0.11774885165920976,3.0384554639953603,0.9593128150095795,0.000641165993094861,74.81949594653486
67.12048150667931,0.021215961490727082,0.11774885165920976,3.0384554639953603,0.9593128150095795,0.000641165993094861,74.81949594653486
67.1362361666254,0.02141333392182296,0.11816603893022565,3.041012409195897,0.9566896951562156,0.0006514274041463211,71.43980252698617
67.1362361666254,0.02141333392182296,0.11816603893022565,3.041012409195897,0.9566896951562156,0.0006514274041463211,71.43980252698617
67.1362361666254,0.02141333392182296,0.11816603893022565,3.041012409195897,0.9566896951562156,0.0006514274041463211,71.43980252698617
67.1362361666254,0.02141333392182296,0.11816603893022565,3.041012409195897,0.9566896951562156,0.0006514274041463211,71.43980252698617
67.1362361666254,0.02141333392182296,0.11816603893022565,3.041012409195897,0.9566896951562156,0.0006514274041463211,71.43980252698617
66.63397641275722,0.02158927832625986,0.11959679757895578,3.0457735229172336,0.955220072240291,0.0006451624917893697,72.47387716745112
66.47598844917624,0.02151320189805471,0.12011428186069416,3.0482624602050143,0.9558446739802123,0.000644866343643204,75.4027250929345
66.58553222602352,0.021286414071366437,0.11899433884105999,3.041505084760632,0.9540049613187387,0.000646481291557102,70.788192325582
66.58553222602352,0.021286414071366437,0.11899433884105999,3.041505084760632,0.9540049613187387,0.000646481291557102,70.788192325582
66.58553222602352,0.021286414071366437,0.11899433884105999,3.041505084760632,0.9540049613187387,0.000646481291557102,70.788192325582
66.58553222602352,0.021286414071366437,0.11899433884105999,3.041505084760632,0.9540049613187387,0.000646481291557102,70.788192325582
66.58553222602352,0.021286414071366437,0.11899433884105999,3.041505084760632,0.9540049613187387,0.000646481291557102,70.788192325582
66.58553222602352,0.021286414071366437,0.11899433884105999,3.041505084760632,0.9540049613187387,0.000646481291557102,70.788192325582
66.58553222602352,0.021286414071366437,0.11899433884105999,3.041505084760632,0.9540049613187387,0.000646481291557102,70.788192325582
66.58553222602352,0.021286414071366437,0.11899433884105999,3.041505084760632,0.9540049613187387,0.000646481291557102,70.788192325582
66.75555136509554,0.021290897914283607,0.1178529125851031,3.0386127385478447,0.9574129137505789,0.0006418162115629674,71.09046361286218
67.10535074818064,0.021183573322652503,0.11686659416844736,3.034018643522647,0.956434737566466,0.0006443723691100525,73.43735959727064
67.8325250825195,0.02157620646868858,0.11658106917153427,3.0367889485821595,0.9613166311525688,0.0006400567146046127,70.54181024182546
67.8325250825195,0.02157620646868858,0.11658106917153427,3.0367889485821595,0.9613166311525688,0.0006400567146046127,70.54181024182546
67.10212529343613,0.02130065650254995,0.1172526161468691,3.037905904651528,0.9535557453432694,0.0006507811696457976,70.21338648177209
67.10212529343613,0.02130065650254995,0.1172526161468691,3.037905904651528,0.9535557453432694,0.0006507811696457976,70.21338648177209
66.88721558673495,0.02117511284731794,0.11727531063614734,3.03795614918822,0.9537443599492261,0.0006510118601304634,72.01449164424493
66.88721558673495,0.02117511284731794,0.11727531063614734,3.03795614918822,0.9537443599492261,0.0006510118601304634,72.01449164424493
66.88721558673495,0.02117511284731794,0.11727531063614734,3.03795614918822,0.9537443599492261,0.0006510118601304634,72.01449164424493
65.50382385887156,0.020943554905147533,0.11985579849813116,3.0416727208749745,0.9439962346612182,0.0006626563149112758,72.63013662899975
65.50382385887156,0.020943554905147533,0.11985579849813116,3.0416727208749745,0.9439962346612182,0.0006626563149112758,72.63013662899975
65.13533066000473,0.020846592997347636,0.12111656479528164,3.044192498808911,0.9409002560502667,0.00067302190501167,72.92451671164731
65.13533066000473,0.020846592997347636,0.12111656479528164,3.044192498808911,0.9409002560502667,0.00067302190501167,72.92451671164731
65.13533066000473,0.020846592997347636,0.12111656479528164,3.044192498808911,0.9409002560502667,0.00067302190501167,72.92451671164731
65.13533066000473,0.020846592997347636,0.12111656479528164,3.044192498808911,0.9409002560502667,0.00067302190501167,72.92451671164731
65.13533066000473,0.020846592997347636,0.12111656479528164,3.044192498808911,0.9409002560502667,0.00067302190501167,72.92451671164731
65.39224038509587,0.02102557788647492,0.12145052159224157,3.0442443017536496,0.939625254965868,0.0006843392303085334,73.98016665149417
65.38321693015551,0.020944255518649833,0.12129163488761292,3.0465310605873106,0.9389832552473284,0.0006877098422437929,74.41454100548442
65.38321693015551,0.020944255518649833,0.12129163488761292,3.0465310605873106,0.9389832552473284,0.0006877098422437929,74.41454100548442
65.38321693015551,0.020944255518649833,0.12129163488761292,3.0465310605873106,0.9389832552473284,0.0006877098422437929,74.41454100548442
65.38321693015551,0.020944255518649833,0.12129163488761292,3.0465310605873106,0.9389832552473284,0.0006877098422437929,74.41454100548442
65.4173136236994,0.021209033866207185,0.1221412566556188,3.0485309319161864,0.9362167699648324,0.0006880354955015186,76.31565769929107
65.4173136236994,0.021209033866207185,0.1221412566556188,3.0485309319161864,0.9362167699648324,0.0006880354955015186,76.31565769929107
65.4173136236994,0.021209033866207185,0.1221412566556188,3.0485309319161864,0.9362167699648324,0.0006880354955015186,76.31565769929107
65.14711133712548,0.021204832672158405,0.12258034827597492,3.0471030544515303,0.9381289728917416,0.0006828914389411279,76.65084368941709
65.14711133712548,0.021204832672158405,0.12258034827597492,3.0471030544515303,0.9381289728917416,0.0006828914389411279,76.65084368941709
65.73249653498368,0.021385076733848787,0.12172420078188978,3.0488089387494353,0.9456391981514206,0.0006772773934900826,75.40299449474668
65.73249653498368,0.021385076733848787,0.12172420078188978,3.0488089387494353,0.9456391981514206,0.0006772773934900826,75.40299449474668
65.73249653498368,0.021385076733848787,0.12172420078188978,3.0488089387494353,0.9456391981514206,0.0006772773934900826,75.40299449474668
65.73249653498368,0.021385076733848787,0.12172420078188978,3.0488089387494353,0.9456391981514206,0.0006772773934900826,75.40299449474668
65.77878953272872,0.02126931700049517,0.12164138178926479,3.0482661387101766,0.9478067899181835,0.0006764226800774855,76.47489656439414
65.77878953272872,0.02126931700049517,0.12164138178926479,3.0482661387101766,0.9478067899181835,0.0006764226800774855,76.47489656439414
65.77878953272872,0.02126931700049517,0.12164138178926479,3.0482661387101766,0.9478067899181835,0.0006764226800774855,76.47489656439414
65.77878953272872,0.02126931700049517,0.12164138178926479,3.0482661387101766,0.9478067899181835,0.0006764226800774855,76.47489656439414
65.59412726199017,0.021315264745825988,0.12187315711055978,3.048881357308243,0.9430578988791259,0.0006821344463098598,74.99353983123846
65.11476023094684,0.021042086446972717,0.12235851734270915,3.050384009199879,0.9343092269489586,0.0006936325127929085,77.2491208159178
65.11476023094684,0.021042086446972717,0.12235851734270915,3.050384009199879,0.9343092269489586,0.0006936325127929085,77.2491208159178
65.11476023094684,0.021042086446972717,0.12235851734270915,3.050384009199879,0.9343092269489586,0.0006936325127929085,77.2491208159178
65.11476023094684,0.021042086446972717,0.12235851734270915,3.050384009199879,0.9343092269489586,0.0006936325127929085,77.2491208159178
65.11476023094684,0.021042086446972717,0.12235851734270915,3.050384009199879,0.9343092269489586,0.0006936325127929085,77.2491208159178
65.35664535489772,0.021169323992852162,0.1219194036784989,3.0492575235799295,0.9412639218645956,0.0006782270121472431,73.61950179499036
65.35664535489772,0.021169323992852162,0.1219194036784989,3.0492575235799295,0.9412639218645956,0.0006782270121472431,73.61950179499036
65.70134175227592,0.02130141758082741,0.12158743613711755,3.0492371227227397,0.9437116489999999,0.0006764679694835852,74.57230225409094
66.05608492317738,0.021342556273479845,0.12062494572701501,3.0473866137103176,0.9424909816576745,0.0006764532143170332,74.46189875395973
66.05608492317738,0.021342556273479845,0.12062494572701501,3.0473866137103176,0.9424909816576745,0.0006764532143170332,74.46189875395973
66.60018228445342,0.021387269196342422,0.1186906854675489,3.0407941059508814,0.9493082379739525,0.0006721242643378589,71.23360845974999
66.45117305069098,0.021278575753585136,0.11831751377839464,3.0389979352197964,0.9490780650244998,0.0006645281468507439,71.538173548461
66.75092682436605,0.021487777242870685,0.11805914035902798,3.036626689052427,0.9530717500993733,0.0006582550667816271,73.5477894309679
66.75092682436605,0.021487777242870685,0.11805914035902798,3.036626689052427,0.9530717500993733,0.0006582550667816271,73.5477894309679
66.75092682436605,0.021487777242870685,0.11805914035902798,3.036626689052427,0.9530717500993733,0.0006582550667816271,73.5477894309679
67.31329758207102,0.02141594971917874,0.11700997050590439,3.0340970865290275,0.9573159244799826,0.0006493217625116196,73.24182438269911
67.31329758207102,0.02141594971917874,0.11700997050590439,3.0340970865290275,0.9573159244799826,0.0006493217625116196,73.24182438269911
67.13502960470082,0.02131914976017928,0.11723869616979517,3.036115641217126,0.9541877956640349,0.0006471060558526654,70.6985953958376
67.13502960470082,0.02131914976017928,0.11723869616979517,3.036115641217126,0.9541877956640349,0.0006471060558526654,70.6985953958376
67.13502960470082,0.02131914976017928,0.11723869616979517,3.036115641217126,0.9541877956640349,0.0006471060558526654,70.6985953958376
66.81497616452296,0.021171483357617392,0.11770747206237164,3.037556078743459,0.9530625147500447,0.0006485219191671878,70.94183726417809
67.89208813635805,0.021433050032424798,0.11599491806013783,3.0365760468961867,0.9604523903526269,0.000643779275077433,71.41388769243127
67.17392265865927,0.021464587719805948,0.11733337160051356,3.0360071244386058,0.9536408995876541,0.0006464705990380744,71.35171811441893
67.17392265865927,0.021464587719805948,0.11733337160051356,3.0360071244386058,0.9536408995876541,0.0006464705990380744,71.35171811441893
67.9018845544746,0.02159674805443403,0.11594365255932347,3.0343765762941732,0.9553314131150982,0.0006404043669500333,72.23603497258455
67.9018845544746,0.02159674805443403,0.11594365255932347,3.0343765762941732,0.9553314131150982,0.0006404043669500333,72.23603497258455
68.14117175608519,0.02159761231241929,0.11515968825835589,3.0322627751760423,0.9539357499070134,0.0006400655515885741,75.76310399034146
68.14117175608519,0.02159761231241929,0.11515968825835589,3.0322627751760423,0.9539357499070134,0.0006400655515885741,75.76310399034146
68.14117175608519,0.02159761231241929,0.11515968825835589,3.0322627751760423,0.9539357499070134,0.0006400655515885741,75.76310399034146
68.14117175608519,0.02159761231241929,0.11515968825835589,3.0322627751760423,0.9539357499070134,0.0006400655515885741,75.76310399034146
68.14117175608519,0.02159761231241929,0.11515968825835589,3.0322627751760423,0.9539357499070134,0.0006400655515885741,75.76310399034146
68.14117175608519,0.02159761231241929,0.11515968825835589,3.0322627751760423,0.9539357499070134,0.0006400655515885741,75.76310399034146
67.22479692757292,0.02167335537734504,0.1186126292622121,3.0438955664440184,0.9492983204601189,0.0006433652192617495,75.44778664060871
68.12784006600717,0.021733868164570246,0.11630987222197661,3.038376019294893,0.9541050939174787,0.0006446521238794922,75.01893314150269
68.12784006600717,0.021733868164570246,0.11630987222197661,3.038376019294893,0.9541050939174787,0.0006446521238794922,75.01893314150269
68.12784006600717,0.021733868164570246,0.11630987222197661,3.038376019294893,0.9541050939174787,0.0006446521238794922,75.01893314150269
68.78963969100127,0.021738451000524912,0.11478083829930391,3.035627530886399,0.9591088741402497,0.0006493460351295585,75.50045195291409
67.99755899855926,0.021321783568947254,0.11526791843198488,3.032874831421559,0.956504033215466,0.0006528631401289539,73.50837079219838
68.2079607607593,0.02139202222634414,0.11503724965952104,3.033176095776017,0.957314594789796,0.0006516827534265617,73.6132635796415
67.62350049810928,0.021364901469772973,0.11753741194261069,3.0413031241014448,0.9545382664209712,0.0006582343328263476,77.46694162604341
67.62350049810928,0.021364901469772973,0.11753741194261069,3.0413031241014448,0.9545382664209712,0.0006582343328263476,77.46694162604341
67.46128858600862,0.021377195388066195,0.11763714020544896,3.0414234442824157,0.9512184870291676,0.0006548953360168069,75.6425767017504
67.46128858600862,0.021377195388066195,0.11763714020544896,3.0414234442824157,0.9512184870291676,0.0006548953360168069,75.6425767017504
67.46128858600862,0.021377195388066195,0.11763714020544896,3.0414234442824157,0.9512184870291676,0.0006548953360168069,75.6425767017504
67.46128858600862,0.021377195388066195,0.11763714020544896,3.0414234442824157,0.9512184870291676,0.0006548953360168069,75.6425767017504
67.46128858600862,0.021377195388066195,0.11763714020544896,3.0414234442824157,0.9512184870291676,0.0006548953360168069,75.6425767017504
67.21400803011062,0.02130204922919768,0.11746044470989299,3.0391424049831284,0.9517242982544385,0.000655689777638967,71.60374641566752
67.21400803011062,0.02130204922919768,0.11746044470989299,3.0391424049831284,0.9517242982544385,0.000655689777638967,71.60374641566752
67.21400803011062,0.02130204922919768,0.11746044470989299,3.0391424049831284,0.9517242982544385,0.000655689777638967,71.60374641566752
67.21400803011062,0.02130204922919768,0.11746044470989299,3.0391424049831284,0.9517242982544385,0.000655689777638967,71.60374641566752
68.12067962082234,0.02158255727551431,0.11543498549750657,3.0320801199097165,0.9610284145571536,0.000654107535802838,71.56690443140485
68.12067962082234,0.02158255727551431,0.11543498549750657,3.0320801199097165,0.9610284145571536,0.000654107535802838,71.56690443140485
67.51350935347533,0.021594438206819284,0.11772494597192272,3.039963571437872,0.9539811872218464,0.0006643694654313703,72.34153908481527
67.51350935347533,0.021594438206819284,0.11772494597192272,3.039963571437872,0.9539811872218464,0.0006643694654313703,72.34153908481527
68.01500438268815,0.021516589111521302,0.11583128384640486,3.0337634537327345,0.9571403431643641,0.0006607462639351364,71.57560194853545
68.01500438268815,0.021516589111521302,0.11583128384640486,3.0337634537327345,0.9571403431643641,0.0006607462639351364,71.57560194853545
68.01500438268815,0.021516589111521302,0.11583128384640486,3.0337634537327345,0.9571403431643641,0.0006607462639351364,71.57560194853545
68.01500438268815,0.021516589111521302,0.11583128384640486,3.0337634537327345,0.9571403431643641,0.0006607462639351364,71.57560194853545
68.01500438268815,0.021516589111521302,0.11583128384640486,3.0337634537327345,0.9571403431643641,0.0006607462639351364,71.57560194853545
67.32796058270395,0.021587008013618444,0.11758623902517508,3.039213174775559,0.9506594259052084,0.000667872607825543,72.37319301663544
67.32796058270395,0.021587008013618444,0.11758623902517508,3.039213174775559,0.9506594259052084,0.000667872607825543,72.37319301663544
67.31099320532579,0.021407817405210427,0.11727196057710554,3.0391934277332475,0.9489336381933821,0.0006748458964871028,74.11489088142416
67.67834369482347,0.021432716042404543,0.11702252002282196,3.0383309431556205,0.9523647180863775,0.0006795926000711301,74.23825241192634
67.67834369482347,0.021432716042404543,0.11702252002282196,3.0383309431556205,0.9523647180863775,0.0006795926000711301,74.23825241192634
67.67834369482347,0.021432716042404543,0.11702252002282196,3.0383309431556205,0.9523647180863775,0.0006795926000711301,74.23825241192634
67.67834369482347,0.021432716042404543,0.11702252002282196,3.0383309431556205,0.9523647180863775,0.0006795926000711301,74.23825241192634
67.30108397539726,0.021338328867497466,0.11728032597631168,3.038951092448689,0.9519505773478094,0.0006835420894771441,74.34378802330212
67.21499176080735,0.02147223403292104,0.11762923688124506,3.0407694724831815,0.9524530640095459,0.0006812022236824397,75.19474894501387
67.68670245495076,0.021574505100230155,0.11683587008128772,3.035935213886542,0.9575356582399398,0.0006823140581610536,72.41489778800502
68.09807020025204,0.021582452876355077,0.11569669464833207,3.0330445242953603,0.9612156554874376,0.0006808348941871942,72.86343478647368
68.09807020025204,0.021582452876355077,0.11569669464833207,3.0330445242953603,0.9612156554874376,0.0006808348941871942,72.86343478647368
68.09807020025204,0.021582452876355077,0.11569669464833207,3.0330445242953603,0.9612156554874376,0.0006808348941871942,72.86343478647368
68.20688243051814,0.0217430992128475,0.11564636300982437,3.0343050674912413,0.9642323125591281,0.0006819994211407416,75.64584010616277
68.20688243051814,0.0217430992128475,0.11564636300982437,3.0343050674912413,0.9642323125591281,0.0006819994211407416,75.64584010616277
68.24714280817025,0.021640702283961633,0.1151785569849995,3.031788126975556,0.9625334733426177,0.0006891693473643285,74.96275381383836
68.07748448226057,0.021583820178311633,0.11573648471651965,3.0347941640768314,0.9550551763314775,0.0006957003632726624,75.31808865312055
68.07748448226057,0.021583820178311633,0.11573648471651965,3.0347941640768314,0.9550551763314775,0.0006957003632726624,75.31808865312055
68.06573136286566,0.02164804830709305,0.11624547277956164,3.0326284552052845,0.9581429532342418,0.0007029662463851822,75.19712333486969
68.6530946624912,0.02167592852007777,0.11459479819742385,3.028379285051731,0.9619087732602434,0.0007071412009365692,75.75957038083763
68.6530946624912,0.02167592852007777,0.11459479819742385,3.028379285051731,0.9619087732602434,0.0007071412009365692,75.75957038083763
68.6530946624912,0.02167592852007777,0.11459479819742385,3.028379285051731,0.9619087732602434,0.0007071412009365692,75.75957038083763
68.6530946624912,0.02167592852007777,0.11459479819742385,3.028379285051731,0.9619087732602434,0.0007071412009365692,75.75957038083763
67.79589701301025,0.02155447709948995,0.11709319785986907,3.0356050009133337,0.959682161472739,0.0007096110246017976,77.78262843816906
67.79589701301025,0.02155447709948995,0.11709319785986907,3.0356050009133337,0.959682161472739,0.0007096110246017976,77.78262843816906
67.79589701301025,0.02155447709948995,0.11709319785986907,3.0356050009133337,0.959682161472739,0.0007096110246017976,77.78262843816906
67.79589701301025,0.02155447709948995,0.11709319785986907,3.0356050009133337,0.959682161472739,0.0007096110246017976,77.78262843816906
67.79589701301025,0.02155447709948995,0.11709319785986907,3.0356050009133337,0.959682161472739,0.0007096110246017976,77.78262843816906
67.79589701301025,0.02155447709948995,0.11709319785986907,3.0356050009133337,0.959682161472739,0.0007096110246017976,77.78262843816906
67.79589701301025,0.02155447709948995,0.11709319785986907,3.0356050009133337,0.959682161472739,0.0007096110246017976,77.78262843816906
67.2547406893028,0.021649225378480925,0.11842661474193365,3.039360899000596,0.9567100510872528,0.0007021451946828307,77.90512791456912
68.29739618750806,0.021760369540233655,0.11573028592680364,3.0335715733895054,0.9660139866204727,0.0007007952853299178,79.5213096745766
68.29739618750806,0.021760369540233655,0.11573028592680364,3.0335715733895054,0.9660139866204727,0.0007007952853299178,79.5213096745766
67.84853414770907,0.021743143841748427,0.11796515808389706,3.039244792601014,0.9579668364991862,0.0007091750467224601,80.77155722555814
67.84853414770907,0.021743143841748427,0.11796515808389706,3.039244792601014,0.9579668364991862,0.0007091750467224601,80.77155722555814
67.84853414770907,0.021743143841748427,0.11796515808389706,3.039244792601014,0.9579668364991862,0.0007091750467224601,80.77155722555814
67.84853414770907,0.021743143841748427,0.11796515808389706,3.039244792601014,0.9579668364991862,0.0007091750467224601,80.77155722555814
66.98820840624975,0.02165499774323426,0.11920707250795319,3.0384365219255502,0.9511065999008014,0.000709699079406421,81.53278797692005
66.98820840624975,0.02165499774323426,0.11920707250795319,3.0384365219255502,0.9511065999008014,0.000709699079406421,81.53278797692005
67.25388071829349,0.021652958388378697,0.11855894756854134,3.037094250201827,0.9518727606928948,0.0007046619017580728,79.98700989182858
67.70265540961698,0.021616135549157665,0.11770699142559092,3.0361707809683303,0.9604021365467388,0.0006969895374660042,80.32067507485623
67.70265540961698,0.021616135549157665,0.11770699142559092,3.0361707809683303,0.9604021365467388,0.0006969895374660042,80.32067507485623
68.1927064847754,0.02159193485706101,0.11674376404795588,3.036258080074724,0.9597589453549511,0.000702421408060813,78.28338316975722
68.1927064847754,0.02159193485706101,0.11674376404795588,3.036258080074724,0.9597589453549511,0.000702421408060813,78.28338316975722
68.51292511768854,0.021667562386296593,0.11569837927048068,3.0336858185618714,0.9670802802150581,0.0006923311909132273,78.57348102855109
68.48197814799097,0.021783243940867135,0.11639487863932405,3.037862393135119,0.9646074247431754,0.0006865454199291745,78.77847271001025
68.05634303986152,0.02177724382728883,0.11645804942302442,3.0384132414710585,0.9577908471635171,0.0006967388257273024,78.74673635460042
68.1785651170064,0.02208566872112097,0.11670926100582212,3.0401272426862467,0.9606294448659185,0.0007000423460004061,87.92199931147277
68.1785651170064,0.02208566872112097,0.11670926100582212,3.0401272426862467,0.9606294448659185,0.0007000423460004061,87.92199931147277
68.1785651170064,0.02208566872112097,0.11670926100582212,3.0401272426862467,0.9606294448659185,0.0007000423460004061,87.92199931147277
68.68744882400064,0.02200918004828567,0.11512875441477079,3.036670693539408,0.9627107053326482,0.0007048523368428799,88.09033267974834
68.34175992567528,0.021940749638712845,0.1161311106727675,3.040069975416026,0.9642855572045883,0.0007007698363730849,91.17557919747163
68.34175992567528,0.021940749638712845,0.1161311106727675,3.040069975416026,0.9642855572045883,0.0007007698363730849,91.17557919747163
68.34175992567528,0.021940749638712845,0.1161311106727675,3.040069975416026,0.9642855572045883,0.0007007698363730849,91.17557919747163
68.34175992567528,0.021940749638712845,0.1161311106727675,3.040069975416026,0.9642855572045883,0.0007007698363730849,91.17557919747163
68.34175992567528,0.021940749638712845,0.1161311106727675,3.040069975416026,0.9642855572045883,0.0007007698363730849,91.17557919747163
69.10704467449789,0.022047841031142823,0.11430755224255722,3.0343002550100415,0.9709616939586696,0.0006967347544366954,87.0674104776374
69.71340789117448,0.02202701840501686,0.1125952549727445,3.0305545287750593,0.9733458527703509,0.0006955615909397496,88.1607427071986
69.21375439381639,0.021658876992437,0.1136170043457424,3.0323498345234725,0.9676570222887739,0.000690307696994393,81.88389440809455
69.21375439381639,0.021658876992437,0.1136170043457424,3.0323498345234725,0.9676570222887739,0.000690307696994393,81.88389440809455
68.40340101485128,0.021444388173664765,0.11520705909045785,3.03591703051174,0.9595847464062701,0.0006886794906907918,80.73751304613181
68.40340101485128,0.021444388173664765,0.11520705909045785,3.03591703051174,0.9595847464062701,0.0006886794906907918,80.73751304613181
67.74218909993591,0.021676831243811145,0.11768432547363733,3.042184830744299,0.9606366214881628,0.0006791182702490811,78.9025038792679
67.92105835269113,0.02169810091166144,0.11821074145114661,3.044091855081229,0.9592374931191942,0.0006795453140142354,84.27269027197298
68.08981067041573,0.021963495500856134,0.11787907378868458,3.0428678543492778,0.963512226800068,0.000682236650417685,83.97444898226384
68.08981067041573,0.021963495500856134,0.11787907378868458,3.0428678543492778,0.963512226800068,0.000682236650417685,83.97444898226384
68.9621287605399,0.02182656538797602,0.114838995044642,3.0347704421685173,0.9725623097530712,0.0006838376447214479,82.51453694035351
68.44807697851773,0.02197841956899231,0.11641280483899692,3.0360875657692645,0.9677638605697342,0.0006929596478403507,81.81711057837892
68.44807697851773,0.02197841956899231,0.11641280483899692,3.0360875657692645,0.9677638605697342,0.0006929596478403507,81.81711057837892
68.44807697851773,0.02197841956899231,0.11641280483899692,3.0360875657692645,0.9677638605697342,0.0006929596478403507,81.81711057837892
68.44807697851773,0.02197841956899231,0.11641280483899692,3.0360875657692645,0.9677638605697342,0.0006929596478403507,81.81711057837892
68.44807697851773,0.02197841956899231,0.11641280483899692,3.0360875657692645,0.9677638605697342,0.0006929596478403507,81.81711057837892
68.44807697851773,0.02197841956899231,0.11641280483899692,3.0360875657692645,0.9677638605697342,0.0006929596478403507,81.81711057837892
67.8629511527871,0.021929064641420155,0.11758238150495698,3.0399987435834204,0.9639895840961892,0.0006910761818129911,82.74234051911922
67.8629511527871,0.021929064641420155,0.11758238150495698,3.0399987435834204,0.9639895840961892,0.0006910761818129911,82.74234051911922
67.8629511527871,0.021929064641420155,0.11758238150495698,3.0399987435834204,0.9639895840961892,0.0006910761818129911,82.74234051911922
67.8629511527871,0.021929064641420155,0.11758238150495698,3.0399987435834204,0.9639895840961892,0.0006910761818129911,82.74234051911922
67.52039212159532,0.021787279575606635,0.11793265681671604,3.040978659768906,0.9584501103424697,0.000684298006449231,77.22158206895861
67.52039212159532,0.021787279575606635,0.11793265681671604,3.040978659768906,0.9584501103424697,0.000684298006449231,77.22158206895861
67.52039212159532,0.021787279575606635,0.11793265681671604,3.040978659768906,0.9584501103424697,0.000684298006449231,77.22158206895861
67.3210671652564,0.021724592511959746,0.11794745049795995,3.040784539624464,0.9586787099656672,0.0006769065110491761,76.38837172686858
67.71046548437907,0.021560903217455348,0.11609836154291797,3.0327336942833423,0.9573074288981084,0.0006796925371490693,73.2469967302068
67.71046548437907,0.021560903217455348,0.11609836154291797,3.0327336942833423,0.9573074288981084,0.0006796925371490693,73.2469967302068
67.89340196986034,0.021458199717981883,0.11585087709227773,3.0304583293274288,0.9604914155943263,0.0006787845501750909,75.53226588776194
67.63915374911325,0.021291284643642338,0.11650621222700838,3.033850125805719,0.9577794575360076,0.0006726212457964887,74.27536616245075
67.21873201323102,0.021085789248677024,0.11650031178696638,3.0322678663567064,0.9533223384391173,0.000672898705301199,75.72019876404332
67.21873201323102,0.021085789248677024,0.11650031178696638,3.0322678663567064,0.9533223384391173,0.000672898705301199,75.72019876404332
68.36801011055489,0.021529958020729417,0.1148218443884097,3.030542002216231,0.9651849275027008,0.0006674906054973097,73.74718528203356
68.36801011055489,0.021529958020729417,0.1148218443884097,3.030542002216231,0.9651849275027008,0.0006674906054973097,73.74718528203356
67.21589640444229,0.021294296456129853,0.11730437451744641,3.0347659538226464,0.9548281499528665,0.0006770481847212052,73.3895547214963
67.21589640444229,0.021294296456129853,0.11730437451744641,3.0347659538226464,0.9548281499528665,0.0006770481847212052,73.3895547214963
67.21589640444229,0.021294296456129853,0.11730437451744641,3.0347659538226464,0.9548281499528665,0.0006770481847212052,73.3895547214963
67.21589640444229,0.021294296456129853,0.11730437451744641,3.0347659538226464,0.9548281499528665,0.0006770481847212052,73.3895547214963
67.21858743312015,0.021535593405554197,0.11772139473259056,3.0365425076142247,0.9595056405295599,0.0006650049719481479,74.33734893372761
67.21858743312015,0.021535593405554197,0.11772139473259056,3.0365425076142247,0.9595056405295599,0.0006650049719481479,74.33734893372761
66.44974436944499,0.02137175881695517,0.12005589597699458,3.0438714114962573,0.9510993610011917,0.000669363560825109,74.00185568205828
66.44974436944499,0.02137175881695517,0.12005589597699458,3.0438714114962573,0.9510993610011917,0.000669363560825109,74.00185568205828
66.44974436944499,0.02137175881695517,0.12005589597699458,3.0438714114962573,0.9510993610011917,0.000669363560825109,74.00185568205828
66.28664462747247,0.021433790755209813,0.12026255352753162,3.045726782452687,0.951590023404513,0.0006726974263188374,74.41157199520107
66.28664462747247,0.021433790755209813,0.12026255352753162,3.045726782452687,0.951590023404513,0.0006726974263188374,74.41157199520107
66.28664462747247,0.021433790755209813,0.12026255352753162,3.045726782452687,0.951590023404513,0.0006726974263188374,74.41157199520107
67.27955355458391,0.02151346904672567,0.11813470133937913,3.0424492969070895,0.9593704643876206,0.0006643663157428854,75.43370887209264
67.27955355458391,0.02151346904672567,0.11813470133937913,3.0424492969070895,0.9593704643876206,0.0006643663157428854,75.43370887209264
67.27955355458391,0.02151346904672567,0.11813470133937913,3.0424492969070895,0.9593704643876206,0.0006643663157428854,75.43370887209264
67.27955355458391,0.02151346904672567,0.11813470133937913,3.0424492969070895,0.9593704643876206,0.0006643663157428854,75.43370887209264
67.27955355458391,0.02151346904672567,0.11813470133937913,3.0424492969070895,0.9593704643876206,0.0006643663157428854,75.43370887209264
67.27955355458391,0.02151346904672567,0.11813470133937913,3.0424492969070895,0.9593704643876206,0.0006643663157428854,75.43370887209264
67.27955355458391,0.02151346904672567,0.11813470133937913,3.0424492969070895,0.9593704643876206,0.0006643663157428854,75.43370887209264
67.40991347789549,0.021494333739554276,0.11614336154122987,3.034795214123467,0.9554033977963924,0.0006688970097760006,75.36992991758304
67.40991347789549,0.021494333739554276,0.11614336154122987,3.034795214123467,0.9554033977963924,0.0006688970097760006,75.36992991758304
67.40991347789549,0.021494333739554276,0.11614336154122987,3.034795214123467,0.9554033977963924,0.0006688970097760006,75.36992991758304
68.27580285570846,0.021737558031713483,0.11603972645904592,3.0384870273281606,0.9620521717618173,0.0006635796409518742,74.39820133566117
68.27580285570846,0.021737558031713483,0.11603972645904592,3.0384870273281606,0.9620521717618173,0.0006635796409518742,74.39820133566117
68.45015053534999,0.0219035062329611,0.11570687854259354,3.0369375788350728,0.9573638793534189,0.0006661797535523897,75.7990001167108
68.45015053534999,0.0219035062329611,0.11570687854259354,3.0369375788350728,0.9573638793534189,0.0006661797535523897,75.7990001167108
68.45015053534999,0.0219035062329611,0.11570687854259354,3.0369375788350728,0.9573638793534189,0.0006661797535523897,75.7990001167108
68.45015053534999,0.0219035062329611,0.11570687854259354,3.0369375788350728,0.9573638793534189,0.0006661797535523897,75.7990001167108
68.67951611496511,0.02198584126846725,0.11550873711427255,3.0365072285054424,0.9650715590663433,0.0006597928323158901,74.22300639144942
68.67951611496511,0.02198584126846725,0.11550873711427255,3.0365072285054424,0.9650715590663433,0.0006597928323158901,74.22300639144942
68.67951611496511,0.02198584126846725,0.11550873711427255,3.0365072285054424,0.9650715590663433,0.0006597928323158901,74.22300639144942
68.40354901721986,0.021713063409843858,0.11577377207078039,3.0349928899398857,0.9658159234083146,0.0006634917652312669,73.52523159730379
68.40354901721986,0.021713063409843858,0.11577377207078039,3.0349928899398857,0.9658159234083146,0.0006634917652312669,73.52523159730379
68.40354901721986,0.021713063409843858,0.11577377207078039,3.0349928899398857,0.9658159234083146,0.0006634917652312669,73.52523159730379
68.40354901721986,0.021713063409843858,0.11577377207078039,3.0349928899398857,0.9658159234083146,0.0006634917652312669,73.52523159730379
67.92541972352096,0.02178527566507909,0.11651015491978586,3.0360046648862493,0.9629622026255271,0.0006642673671646479,73.53839650971672
67.92541972352096,0.02178527566507909,0.11651015491978586,3.0360046648862493,0.9629622026255271,0.0006642673671646479,73.53839650971672
67.92541972352096,0.02178527566507909,0.11651015491978586,3.0360046648862493,0.9629622026255271,0.0006642673671646479,73.53839650971672
69.41061385943863,0.021840332522266626,0.11379012814044422,3.029957936032071,0.9692614765281773,0.0006647363427336232,74.61562054961672
69.41061385943863,0.021840332522266626,0.11379012814044422,3.029957936032071,0.9692614765281773,0.0006647363427336232,74.61562054961672
70.25813964646119,0.021977449866689917,0.11172169782528685,3.025350002980201,0.9758114431889716,0.0006584932464755528,75.14379860116715
70.72312323896254,0.022074479108801344,0.1108218428851489,3.0261743050036967,0.9772058342422296,0.0006639576485011917,77.78513759242807
70.72312323896254,0.022074479108801344,0.1108218428851489,3.0261743050036967,0.9772058342422296,0.0006639576485011917,77.78513759242807
70.72312323896254,0.022074479108801344,0.1108218428851489,3.0261743050036967,0.9772058342422296,0.0006639576485011917,77.78513759242807
70.72312323896254,0.022074479108801344,0.1108218428851489,3.0261743050036967,0.9772058342422296,0.0006639576485011917,77.78513759242807
70.72312323896254,0.022074479108801344,0.1108218428851489,3.0261743050036967,0.9772058342422296,0.0006639576485011917,77.78513759242807
70.72312323896254,0.022074479108801344,0.1108218428851489,3.0261743050036967,0.9772058342422296,0.0006639576485011917,77.78513759242807
70.72312323896254,0.022074479108801344,0.1108218428851489,3.0261743050036967,0.9772058342422296,0.0006639576485011917,77.78513759242807
70.72312323896254,0.022074479108801344,0.1108218428851489,3.0261743050036967,0.9772058342422296,0.0006639576485011917,77.78513759242807
70.72312323896254,0.022074479108801344,0.1108218428851489,3.0261743050036967,0.9772058342422296,0.0006639576485011917,77.78513759242807
70.72312323896254,0.022074479108801344,0.1108218428851489,3.0261743050036967,0.9772058342422296,0.0006639576485011917,77.78513759242807
70.24976149792322,0.022088770404502488,0.11123867227534241,3.0246237242272422,0.9784162296716137,0.0006668975765587636,78.68054805393255
70.24976149792322,0.022088770404502488,0.11123867227534241,3.0246237242272422,0.9784162296716137,0.0006668975765587636,78.68054805393255
69.7257505589865,0.021921379028963857,0.11309214537942264,3.0292783214840315,0.9777946835867621,0.00066630690839875,78.57617736508116
69.7257505589865,0.021921379028963857,0.11309214537942264,3.0292783214840315,0.9777946835867621,0.00066630690839875,78.57617736508116
69.7257505589865,0.021921379028963857,0.11309214537942264,3.0292783214840315,0.9777946835867621,0.00066630690839875,78.57617736508116
69.7257505589865,0.021921379028963857,0.11309214537942264,3.0292783214840315,0.9777946835867621,0.00066630690839875,78.57617736508116
68.56104132166013,0.021964172220446717,0.11494865422974218,3.0311952280433268,0.9688936145288986,0.000667433859246893,78.16596210999978
68.56104132166013,0.021964172220446717,0.11494865422974218,3.0311952280433268,0.9688936145288986,0.000667433859246893,78.16596210999978
69.53864579702632,0.022023440773415292,0.11297193988071595,3.0280926752241606,0.974396149945497,0.0006572036994035492,75.36469375579735
69.53864579702632,0.022023440773415292,0.11297193988071595,3.0280926752241606,0.974396149945497,0.0006572036994035492,75.36469375579735
69.4603550594927,0.022068195172520764,0.11310205554017583,3.0297791286954916,0.9701612215149449,0.0006533975095591602,74.70860287846264
69.4603550594927,0.022068195172520764,0.11310205554017583,3.0297791286954916,0.9701612215149449,0.0006533975095591602,74.70860287846264
69.4603550594927,0.022068195172520764,0.11310205554017583,3.0297791286954916,0.9701612215149449,0.0006533975095591602,74.70860287846264
69.4603550594927,0.022068195172520764,0.11310205554017583,3.0297791286954916,0.9701612215149449,0.0006533975095591602,74.70860287846264
69.4603550594927,0.022068195172520764,0.11310205554017583,3.0297791286954916,0.9701612215149449,0.0006533975095591602,74.70860287846264
68.84324777536423,0.021980497166762043,0.11441376370396071,3.032830883706544,0.9682341391346223,0.0006549571819082329,74.35375484430288
68.56409805893644,0.021937267048309894,0.11515013744967767,3.0346747313168043,0.9662602636418888,0.0006583773579903469,74.01610541598652
68.56409805893644,0.021937267048309894,0.11515013744967767,3.0346747313168043,0.9662602636418888,0.0006583773579903469,74.01610541598652
69.35419685799164,0.021764281689772347,0.1122587191209633,3.027049259061808,0.9691878126098431,0.0006554368130532091,77.00660281220699
69.35419685799164,0.021764281689772347,0.1122587191209633,3.027049259061808,0.9691878126098431,0.0006554368130532091,77.00660281220699
69.35419685799164,0.021764281689772347,0.1122587191209633,3.027049259061808,0.9691878126098431,0.0006554368130532091,77.00660281220699
69.35419685799164,0.021764281689772347,0.1122587191209633,3.027049259061808,0.9691878126098431,0.0006554368130532091,77.00660281220699
69.35419685799164,0.021764281689772347,0.1122587191209633,3.027049259061808,0.9691878126098431,0.0006554368130532091,77.00660281220699
69.35419685799164,0.021764281689772347,0.1122587191209633,3.027049259061808,0.9691878126098431,0.0006554368130532091,77.00660281220699
69.35419685799164,0.021764281689772347,0.1122587191209633,3.027049259061808,0.9691878126098431,0.0006554368130532091,77.00660281220699
68.69816454552792,0.021679767496701596,0.11332559414440332,3.026992661747535,0.9684397513045883,0.0006499720924977114,76.94219685086306
68.69816454552792,0.021679767496701596,0.11332559414440332,3.026992661747535,0.9684397513045883,0.0006499720924977114,76.94219685086306
68.69816454552792,0.021679767496701596,0.11332559414440332,3.026992661747535,0.9684397513045883,0.0006499720924977114,76.94219685086306
69.92501284566865,0.02184638785526848,0.11208245476970312,3.028458935920285,0.9700503736106468,0.0006548508905316067,75.51733880284722
69.92501284566865,0.02184638785526848,0.11208245476970312,3.028458935920285,0.9700503736106468,0.0006548508905316067,75.51733880284722
69.92501284566865,0.02184638785526848,0.11208245476970312,3.028458935920285,0.9700503736106468,0.0006548508905316067,75.51733880284722
69.92501284566865,0.02184638785526848,0.11208245476970312,3.028458935920285,0.9700503736106468,0.0006548508905316067,75.51733880284722
69.96314843692889,0.022042500244910775,0.1125938329285001,3.0301779865041594,0.9690395704472122,0.000654506745645209,75.36948260164847
69.96314843692889,0.022042500244910775,0.1125938329285001,3.0301779865041594,0.9690395704472122,0.000654506745645209,75.36948260164847
69.96314843692889,0.022042500244910775,0.1125938329285001,3.0301779865041594,0.9690395704472122,0.000654506745645209,75.36948260164847
69.96314843692889,0.022042500244910775,0.1125938329285001,3.0301779865041594,0.9690395704472122,0.000654506745645209,75.36948260164847
69.96314843692889,0.022042500244910775,0.1125938329285001,3.0301779865041594,0.9690395704472122,0.000654506745645209,75.36948260164847
69.96314843692889,0.022042500244910775,0.1125938329285001,3.0301779865041594,0.9690395704472122,0.000654506745645209,75.36948260164847
69.75105011931885,0.021984285813408097,0.11258954449293174,3.0307233137995753,0.9682112087958638,0.0006670854679257013,78.01805316023173
69.25354112242805,0.02198152323365669,0.11394073462465568,3.0332621726508133,0.9660723499225389,0.0006658540857428077,75.17004394994662
69.25354112242805,0.02198152323365669,0.11394073462465568,3.0332621726508133,0.9660723499225389,0.0006658540857428077,75.17004394994662
