H0,ombh2,omch2,logA,ns,w,A_N,Chi_sq
67.4,0.02237,0.12,3.044,0.9649,-1.0,0.0006507928084567655,106.69650359292896
67.4,0.02237,0.12,3.044,0.9649,-1.0,0.0006507928084567655,106.69650359292896
67.4,0.02237,0.12,3.044,0.9649,-1.0,0.0006507928084567655,106.69650359292896
67.4,0.02237,0.12,3.044,0.9649,-1.0,0.0006507928084567655,106.69650359292896
67.28610381069333,0.022391265294777307,0.11994461093159994,3.0460185289356447,0.9639866814656305,-0.9890226790196348,0.0006516899924386904,103.20366649472052
67.28610381069333,0.022391265294777307,0.11994461093159994,3.0460185289356447,0.9639866814656305,-0.9890226790196348,0.0006516899924386904,103.20366649472052
67.28610381069333,0.022391265294777307,0.11994461093159994,3.0460185289356447,0.9639866814656305,-0.9890226790196348,0.0006516899924386904,103.20366649472052
67.28610381069333,0.022391265294777307,0.11994461093159994,3.0460185289356447,0.9639866814656305,-0.9890226790196348,0.0006516899924386904,103.20366649472052
67.42017196495377,0.022286668382720868,0.11986157246352148,3.044923474346576,0.9637057297361299,-1.0087624508139696,0.0006516523491283959,97.87980403044084
67.53345690889226,0.022225768004475167,0.11977126624322036,3.043320541741239,0.964960690176611,-1.0192165224298193,0.0006514772947245784,99.99579861963115
67.45203537186045,0.0222371809187012,0.1193336296900875,3.0435055807836573,0.9657253197809332,-0.9865573001391729,0.0006520416692671589,99.74807582757252
67.41208108180128,0.022247946707499203,0.11899212044455672,3.0433660439329633,0.964432357037055,-0.9886119237184112,0.0006516835409772927,92.03531487124731
67.41208108180128,0.022247946707499203,0.11899212044455672,3.0433660439329633,0.964432357037055,-0.9886119237184112,0.0006516835409772927,92.03531487124731
67.41208108180128,0.022247946707499203,0.11899212044455672,3.0433660439329633,0.964432357037055,-0.9886119237184112,0.0006516835409772927,92.03531487124731
67.41208108180128,0.022247946707499203,0.11899212044455672,3.0433660439329633,0.964432357037055,-0.9886119237184112,0.0006516835409772927,92.03531487124731
67.41208108180128,0.022247946707499203,0.11899212044455672,3.0433660439329633,0.964432357037055,-0.9886119237184112,0.0006516835409772927,92.03531487124731
67.4808042003545,0.02222068730430995,0.11869092699256022,3.043713789035429,0.9633865900935605,-0.9911738700872178,0.0006495818709565712,86.8640658996419
67.5331955422961,0.022287657207865172,0.11826880949490161,3.0438776824207716,0.963554242405922,-0.9938085803909189,0.0006499036502154546,88.06455312458603
67.5331955422961,0.022287657207865172,0.11826880949490161,3.0438776824207716,0.963554242405922,-0.9938085803909189,0.0006499036502154546,88.06455312458603
67.5331955422961,0.022287657207865172,0.11826880949490161,3.0438776824207716,0.963554242405922,-0.9938085803909189,0.0006499036502154546,88.06455312458603
67.51394496873213,0.02225640713908519,0.11821900338605147,3.043830970672713,0.9625740077647507,-0.9857551215877178,0.0006512431961900577,85.63303929758983
67.19718628680424,0.022232677185181366,0.11772789680941505,3.044982054320002,0.9616500543074655,-0.9669074609911616,0.0006506024700161649,85.16940034734745
67.19718628680424,0.022232677185181366,0.11772789680941505,3.044982054320002,0.9616500543074655,-0.9669074609911616,0.0006506024700161649,85.16940034734745
67.19718628680424,0.022232677185181366,0.11772789680941505,3.044982054320002,0.9616500543074655,-0.9669074609911616,0.0006506024700161649,85.16940034734745
67.19718628680424,0.022232677185181366,0.11772789680941505,3.044982054320002,0.9616500543074655,-0.9669074609911616,0.0006506024700161649,85.16940034734745
67.19718628680424,0.022232677185181366,0.11772789680941505,3.044982054320002,0.9616500543074655,-0.9669074609911616,0.0006506024700161649,85.16940034734745
67.19718628680424,0.022232677185181366,0.11772789680941505,3.044982054320002,0.9616500543074655,-0.9669074609911616,0.0006506024700161649,85.16940034734745
67.19718628680424,0.022232677185181366,0.11772789680941505,3.044982054320002,0.9616500543074655,-0.9669074609911616,0.0006506024700161649,85.16940034734745
67.19718628680424,0.022232677185181366,0.11772789680941505,3.044982054320002,0.9616500543074655,-0.9669074609911616,0.0006506024700161649,85.16940034734745
67.19718628680424,0.022232677185181366,0.11772789680941505,3.044982054320002,0.9616500543074655,-0.9669074609911616,0.0006506024700161649,85.16940034734745
67.19718628680424,0.022232677185181366,0.11772789680941505,3.044982054320002,0.9616500543074655,-0.9669074609911616,0.0006506024700161649,85.16940034734745
67.19718628680424,0.022232677185181366,0.11772789680941505,3.044982054320002,0.9616500543074655,-0.9669074609911616,0.0006506024700161649,85.16940034734745
67.19718628680424,0.022232677185181366,0.11772789680941505,3.044982054320002,0.9616500543074655,-0.9669074609911616,0.0006506024700161649,85.16940034734745
67.28183408630049,0.02224771201093973,0.1176029368457455,3.0441158661317913,0.9626157326201766,-0.9655571712584198,0.000649398942603243,84.87435952624566
67.28183408630049,0.02224771201093973,0.1176029368457455,3.0441158661317913,0.9626157326201766,-0.9655571712584198,0.000649398942603243,84.87435952624566
67.37942369890449,0.022226650842943275,0.1173369220320266,3.0421361499610975,0.9645796116094121,-0.9773998467339731,0.0006481473112413982,82.54977663793684
67.37942369890449,0.022226650842943275,0.1173369220320266,3.0421361499610975,0.9645796116094121,-0.9773998467339731,0.0006481473112413982,82.54977663793684
67.37942369890449,0.022226650842943275,0.1173369220320266,3.0421361499610975,0.9645796116094121,-0.9773998467339731,0.0006481473112413982,82.54977663793684
67.37942369890449,0.022226650842943275,0.1173369220320266,3.0421361499610975,0.9645796116094121,-0.9773998467339731,0.0006481473112413982,82.54977663793684
67.46208268037857,0.02218598947857303,0.11752532582117452,3.041717292193537,0.9631583391312649,-0.9723907704443967,0.0006479588900604013,82.81116330587079
67.46208268037857,0.02218598947857303,0.11752532582117452,3.041717292193537,0.9631583391312649,-0.9723907704443967,0.0006479588900604013,82.81116330587079
67.46208268037857,0.02218598947857303,0.11752532582117452,3.041717292193537,0.9631583391312649,-0.9723907704443967,0.0006479588900604013,82.81116330587079
67.46208268037857,0.02218598947857303,0.11752532582117452,3.041717292193537,0.9631583391312649,-0.9723907704443967,0.0006479588900604013,82.81116330587079
67.36283267012733,0.02219882773336627,0.11747109379678616,3.0394906781710693,0.9638042966691297,-0.9772455109258738,0.000648457874882181,82.88255932986816
67.36283267012733,0.02219882773336627,0.11747109379678616,3.0394906781710693,0.9638042966691297,-0.9772455109258738,0.000648457874882181,82.88255932986816
67.36283267012733,0.02219882773336627,0.11747109379678616,3.0394906781710693,0.9638042966691297,-0.9772455109258738,0.000648457874882181,82.88255932986816
67.36283267012733,0.02219882773336627,0.11747109379678616,3.0394906781710693,0.9638042966691297,-0.9772455109258738,0.000648457874882181,82.88255932986816
67.36283267012733,0.02219882773336627,0.11747109379678616,3.0394906781710693,0.9638042966691297,-0.9772455109258738,0.000648457874882181,82.88255932986816
67.36283267012733,0.02219882773336627,0.11747109379678616,3.0394906781710693,0.9638042966691297,-0.9772455109258738,0.000648457874882181,82.88255932986816
67.36283267012733,0.02219882773336627,0.11747109379678616,3.0394906781710693,0.9638042966691297,-0.9772455109258738,0.000648457874882181,82.88255932986816
67.36283267012733,0.02219882773336627,0.11747109379678616,3.0394906781710693,0.9638042966691297,-0.9772455109258738,0.000648457874882181,82.88255932986816
67.36283267012733,0.02219882773336627,0.11747109379678616,3.0394906781710693,0.9638042966691297,-0.9772455109258738,0.000648457874882181,82.88255932986816
67.36283267012733,0.02219882773336627,0.11747109379678616,3.0394906781710693,0.9638042966691297,-0.9772455109258738,0.000648457874882181,82.88255932986816
67.36283267012733,0.02219882773336627,0.11747109379678616,3.0394906781710693,0.9638042966691297,-0.9772455109258738,0.000648457874882181,82.88255932986816
67.36283267012733,0.02219882773336627,0.11747109379678616,3.0394906781710693,0.9638042966691297,-0.9772455109258738,0.000648457874882181,82.88255932986816
67.36283267012733,0.02219882773336627,0.11747109379678616,3.0394906781710693,0.9638042966691297,-0.9772455109258738,0.000648457874882181,82.88255932986816
67.36283267012733,0.02219882773336627,0.11747109379678616,3.0394906781710693,0.9638042966691297,-0.9772455109258738,0.000648457874882181,82.88255932986816
67.31143683052532,0.022208527304977514,0.11707222073066319,3.0397428570922744,0.9659316258497304,-0.9810413618987319,0.0006479507917908448,84.70417071459204
67.22550585871738,0.022227820999325576,0.11677059283922786,3.041731715834491,0.9656430928848223,-0.9502843168908526,0.0006479352816530488,83.75542487095981
67.22550585871738,0.022227820999325576,0.11677059283922786,3.041731715834491,0.9656430928848223,-0.9502843168908526,0.0006479352816530488,83.75542487095981
67.22550585871738,0.022227820999325576,0.11677059283922786,3.041731715834491,0.9656430928848223,-0.9502843168908526,0.0006479352816530488,83.75542487095981
67.22550585871738,0.022227820999325576,0.11677059283922786,3.041731715834491,0.9656430928848223,-0.9502843168908526,0.0006479352816530488,83.75542487095981
66.99682745228645,0.022238626653589187,0.11675091749680129,3.0412960665832327,0.9639060890700112,-0.9514223347010197,0.000648040899569657,81.11772924192076
66.99682745228645,0.022238626653589187,0.11675091749680129,3.0412960665832327,0.9639060890700112,-0.9514223347010197,0.000648040899569657,81.11772924192076
66.99682745228645,0.022238626653589187,0.11675091749680129,3.0412960665832327,0.9639060890700112,-0.9514223347010197,0.000648040899569657,81.11772924192076
66.99682745228645,0.022238626653589187,0.11675091749680129,3.0412960665832327,0.9639060890700112,-0.9514223347010197,0.000648040899569657,81.11772924192076
66.99682745228645,0.022238626653589187,0.11675091749680129,3.0412960665832327,0.9639060890700112,-0.9514223347010197,0.000648040899569657,81.11772924192076
66.99682745228645,0.022238626653589187,0.11675091749680129,3.0412960665832327,0.9639060890700112,-0.9514223347010197,0.000648040899569657,81.11772924192076
66.99682745228645,0.022238626653589187,0.11675091749680129,3.0412960665832327,0.9639060890700112,-0.9514223347010197,0.000648040899569657,81.11772924192076
66.99682745228645,0.022238626653589187,0.11675091749680129,3.0412960665832327,0.9639060890700112,-0.9514223347010197,0.000648040899569657,81.11772924192076
67.22807330939956,0.02220914106599262,0.11652225466705562,3.04060669610178,0.9625951609156569,-0.9466286400784474,0.0006474229133277524,85.47185399013769
66.81790980143225,0.02228337669840171,0.11661600153225371,3.0398875766114575,0.9620445483189173,-0.9400115911081373,0.0006479444147051213,84.04829845179671
66.97153408621158,0.022207341466795157,0.1165546502883356,3.039399451000707,0.960404813377507,-0.9530894482980785,0.000648466179778708,80.6709085418115
66.97153408621158,0.022207341466795157,0.1165546502883356,3.039399451000707,0.960404813377507,-0.9530894482980785,0.000648466179778708,80.6709085418115
66.94838532258679,0.02221876144192117,0.11676524986501632,3.041164258110242,0.9613630404011333,-0.9560696510005308,0.0006482749170520658,81.20280869110667
66.94838532258679,0.02221876144192117,0.11676524986501632,3.041164258110242,0.9613630404011333,-0.9560696510005308,0.0006482749170520658,81.20280869110667
66.94838532258679,0.02221876144192117,0.11676524986501632,3.041164258110242,0.9613630404011333,-0.9560696510005308,0.0006482749170520658,81.20280869110667
66.94838532258679,0.02221876144192117,0.11676524986501632,3.041164258110242,0.9613630404011333,-0.9560696510005308,0.0006482749170520658,81.20280869110667
66.94838532258679,0.02221876144192117,0.11676524986501632,3.041164258110242,0.9613630404011333,-0.9560696510005308,0.0006482749170520658,81.20280869110667
66.94838532258679,0.02221876144192117,0.11676524986501632,3.041164258110242,0.9613630404011333,-0.9560696510005308,0.0006482749170520658,81.20280869110667
66.94838532258679,0.02221876144192117,0.11676524986501632,3.041164258110242,0.9613630404011333,-0.9560696510005308,0.0006482749170520658,81.20280869110667
66.94838532258679,0.02221876144192117,0.11676524986501632,3.041164258110242,0.9613630404011333,-0.9560696510005308,0.0006482749170520658,81.20280869110667
66.77827679542574,0.022233005360270227,0.11712322551943,3.0412148438818267,0.96132554422785,-0.9508181524680552,0.0006474930059425827,81.86362771033765
66.77827679542574,0.022233005360270227,0.11712322551943,3.0412148438818267,0.96132554422785,-0.9508181524680552,0.0006474930059425827,81.86362771033765
66.77827679542574,0.022233005360270227,0.11712322551943,3.0412148438818267,0.96132554422785,-0.9508181524680552,0.0006474930059425827,81.86362771033765
66.77827679542574,0.022233005360270227,0.11712322551943,3.0412148438818267,0.96132554422785,-0.9508181524680552,0.0006474930059425827,81.86362771033765
66.77827679542574,0.022233005360270227,0.11712322551943,3.0412148438818267,0.96132554422785,-0.9508181524680552,0.0006474930059425827,81.86362771033765
66.77827679542574,0.022233005360270227,0.11712322551943,3.0412148438818267,0.96132554422785,-0.9508181524680552,0.0006474930059425827,81.86362771033765
66.77827679542574,0.022233005360270227,0.11712322551943,3.0412148438818267,0.96132554422785,-0.9508181524680552,0.0006474930059425827,81.86362771033765
66.68219742312283,0.02221168441069419,0.11684944655133607,3.042138803434327,0.961735200572092,-0.9405867442521266,0.0006477970410742464,82.05792078012824
66.68219742312283,0.02221168441069419,0.11684944655133607,3.042138803434327,0.961735200572092,-0.9405867442521266,0.0006477970410742464,82.05792078012824
66.68219742312283,0.02221168441069419,0.11684944655133607,3.042138803434327,0.961735200572092,-0.9405867442521266,0.0006477970410742464,82.05792078012824
66.68219742312283,0.02221168441069419,0.11684944655133607,3.042138803434327,0.961735200572092,-0.9405867442521266,0.0006477970410742464,82.05792078012824
66.73702670868401,0.02224552030323688,0.11658378573849397,3.040961598687628,0.9624905246087883,-0.9346534273022635,0.0006479961521470086,83.77421585377665
66.73702670868401,0.02224552030323688,0.11658378573849397,3.040961598687628,0.9624905246087883,-0.9346534273022635,0.0006479961521470086,83.77421585377665
66.69669224675317,0.022227777362313943,0.11680649154626026,3.041123911502492,0.9633140022803857,-0.9365268785467804,0.0006476570640496372,83.05041478402785
66.46030877924666,0.022249087267703468,0.11675212519079711,3.040198789681551,0.9646461858311685,-0.9359307618281189,0.000647948330217989,80.92063894754601
66.5117122031865,0.022221016256843227,0.11667310248611099,3.0396419117465725,0.9654179879109587,-0.9415228941058275,0.000647619862708244,80.19693654734026
66.54306485797764,0.022214190926579464,0.1169643679495459,3.0400670665715417,0.9665019277194633,-0.9394242833825844,0.0006481709862844093,81.18651507956801
66.54306485797764,0.022214190926579464,0.1169643679495459,3.0400670665715417,0.9665019277194633,-0.9394242833825844,0.0006481709862844093,81.18651507956801
66.54306485797764,0.022214190926579464,0.1169643679495459,3.0400670665715417,0.9665019277194633,-0.9394242833825844,0.0006481709862844093,81.18651507956801
66.54306485797764,0.022214190926579464,0.1169643679495459,3.0400670665715417,0.9665019277194633,-0.9394242833825844,0.0006481709862844093,81.18651507956801
66.54306485797764,0.022214190926579464,0.1169643679495459,3.0400670665715417,0.9665019277194633,-0.9394242833825844,0.0006481709862844093,81.18651507956801
66.54306485797764,0.022214190926579464,0.1169643679495459,3.0400670665715417,0.9665019277194633,-0.9394242833825844,0.0006481709862844093,81.18651507956801
66.54306485797764,0.022214190926579464,0.1169643679495459,3.0400670665715417,0.9665019277194633,-0.9394242833825844,0.0006481709862844093,81.18651507956801
66.54306485797764,0.022214190926579464,0.1169643679495459,3.0400670665715417,0.9665019277194633,-0.9394242833825844,0.0006481709862844093,81.18651507956801
66.54306485797764,0.022214190926579464,0.1169643679495459,3.0400670665715417,0.9665019277194633,-0.9394242833825844,0.0006481709862844093,81.18651507956801
66.54306485797764,0.022214190926579464,0.1169643679495459,3.0400670665715417,0.9665019277194633,-0.9394242833825844,0.0006481709862844093,81.18651507956801
66.54306485797764,0.022214190926579464,0.1169643679495459,3.0400670665715417,0.9665019277194633,-0.9394242833825844,0.0006481709862844093,81.18651507956801
66.48434827065878,0.022217979083818114,0.11686054286253894,3.03900828680117,0.9653113607984124,-0.9371330741806665,0.0006472888780312905,81.34509894796597
66.48434827065878,0.022217979083818114,0.11686054286253894,3.03900828680117,0.9653113607984124,-0.9371330741806665,0.0006472888780312905,81.34509894796597
66.48434827065878,0.022217979083818114,0.11686054286253894,3.03900828680117,0.9653113607984124,-0.9371330741806665,0.0006472888780312905,81.34509894796597
66.48434827065878,0.022217979083818114,0.11686054286253894,3.03900828680117,0.9653113607984124,-0.9371330741806665,0.0006472888780312905,81.34509894796597
66.48434827065878,0.022217979083818114,0.11686054286253894,3.03900828680117,0.9653113607984124,-0.9371330741806665,0.0006472888780312905,81.34509894796597
66.48434827065878,0.022217979083818114,0.11686054286253894,3.03900828680117,0.9653113607984124,-0.9371330741806665,0.0006472888780312905,81.34509894796597
66.48434827065878,0.022217979083818114,0.11686054286253894,3.03900828680117,0.9653113607984124,-0.9371330741806665,0.0006472888780312905,81.34509894796597
66.48434827065878,0.022217979083818114,0.11686054286253894,3.03900828680117,0.9653113607984124,-0.9371330741806665,0.0006472888780312905,81.34509894796597
66.48434827065878,0.022217979083818114,0.11686054286253894,3.03900828680117,0.9653113607984124,-0.9371330741806665,0.0006472888780312905,81.34509894796597
66.48434827065878,0.022217979083818114,0.11686054286253894,3.03900828680117,0.9653113607984124,-0.9371330741806665,0.0006472888780312905,81.34509894796597
66.48434827065878,0.022217979083818114,0.11686054286253894,3.03900828680117,0.9653113607984124,-0.9371330741806665,0.0006472888780312905,81.34509894796597
66.52525021537527,0.022188586758493997,0.11683768139711778,3.0406629411433386,0.9654736807949976,-0.9340230144461167,0.0006470955100227937,80.87499461121146
66.52525021537527,0.022188586758493997,0.11683768139711778,3.0406629411433386,0.9654736807949976,-0.9340230144461167,0.0006470955100227937,80.87499461121146
66.52525021537527,0.022188586758493997,0.11683768139711778,3.0406629411433386,0.9654736807949976,-0.9340230144461167,0.0006470955100227937,80.87499461121146
66.52525021537527,0.022188586758493997,0.11683768139711778,3.0406629411433386,0.9654736807949976,-0.9340230144461167,0.0006470955100227937,80.87499461121146
66.52525021537527,0.022188586758493997,0.11683768139711778,3.0406629411433386,0.9654736807949976,-0.9340230144461167,0.0006470955100227937,80.87499461121146
66.53880832694821,0.02215985010975549,0.11683678899005166,3.0390046359030918,0.9653643990217676,-0.9496293783062559,0.00064737070751852,79.84328755022777
66.53880832694821,0.02215985010975549,0.11683678899005166,3.0390046359030918,0.9653643990217676,-0.9496293783062559,0.00064737070751852,79.84328755022777
66.6812559749791,0.02209204761472281,0.11702016286040991,3.0392442957389534,0.96526393585815,-0.9445968606010048,0.00064842684003541,80.03062695891593
66.6812559749791,0.02209204761472281,0.11702016286040991,3.0392442957389534,0.96526393585815,-0.9445968606010048,0.00064842684003541,80.03062695891593
66.75948138006346,0.02204697013842264,0.11698941080261796,3.0383260650068245,0.9651543566543622,-0.9482232229285413,0.0006477521790643178,80.07177945973451
66.75948138006346,0.02204697013842264,0.11698941080261796,3.0383260650068245,0.9651543566543622,-0.9482232229285413,0.0006477521790643178,80.07177945973451
66.75948138006346,0.02204697013842264,0.11698941080261796,3.0383260650068245,0.9651543566543622,-0.9482232229285413,0.0006477521790643178,80.07177945973451
66.75948138006346,0.02204697013842264,0.11698941080261796,3.0383260650068245,0.9651543566543622,-0.9482232229285413,0.0006477521790643178,80.07177945973451
66.75948138006346,0.02204697013842264,0.11698941080261796,3.0383260650068245,0.9651543566543622,-0.9482232229285413,0.0006477521790643178,80.07177945973451
66.85349045027564,0.022132943884977323,0.11675549130814612,3.0390294533173097,0.9653030788059793,-0.9555864898758084,0.0006465552521588523,77.9538639477399
66.85349045027564,0.022132943884977323,0.11675549130814612,3.0390294533173097,0.9653030788059793,-0.9555864898758084,0.0006465552521588523,77.9538639477399
66.85349045027564,0.022132943884977323,0.11675549130814612,3.0390294533173097,0.9653030788059793,-0.9555864898758084,0.0006465552521588523,77.9538639477399
66.85349045027564,0.022132943884977323,0.11675549130814612,3.0390294533173097,0.9653030788059793,-0.9555864898758084,0.0006465552521588523,77.9538639477399
66.85349045027564,0.022132943884977323,0.11675549130814612,3.0390294533173097,0.9653030788059793,-0.9555864898758084,0.0006465552521588523,77.9538639477399
66.85349045027564,0.022132943884977323,0.11675549130814612,3.0390294533173097,0.9653030788059793,-0.9555864898758084,0.0006465552521588523,77.9538639477399
66.85349045027564,0.022132943884977323,0.11675549130814612,3.0390294533173097,0.9653030788059793,-0.9555864898758084,0.0006465552521588523,77.9538639477399
66.85349045027564,0.022132943884977323,0.11675549130814612,3.0390294533173097,0.9653030788059793,-0.9555864898758084,0.0006465552521588523,77.9538639477399
66.85349045027564,0.022132943884977323,0.11675549130814612,3.0390294533173097,0.9653030788059793,-0.9555864898758084,0.0006465552521588523,77.9538639477399
66.85349045027564,0.022132943884977323,0.11675549130814612,3.0390294533173097,0.9653030788059793,-0.9555864898758084,0.0006465552521588523,77.9538639477399
66.9522523213447,0.022188633479774105,0.11682368821440578,3.04142373111382,0.9642259878892591,-0.9490011242259088,0.000646792293704555,80.41622465162125
66.85296885513777,0.022195935246012582,0.11714301742408607,3.042260185474093,0.9637999361876697,-0.9593719167338268,0.0006472875034549121,81.55380571320494
66.85296885513777,0.022195935246012582,0.11714301742408607,3.042260185474093,0.9637999361876697,-0.9593719167338268,0.0006472875034549121,81.55380571320494
66.85296885513777,0.022195935246012582,0.11714301742408607,3.042260185474093,0.9637999361876697,-0.9593719167338268,0.0006472875034549121,81.55380571320494
66.8046804914053,0.02216865638457416,0.11705777096694044,3.0420351587121757,0.9629109807817912,-0.9594250664212663,0.0006474451367700792,81.15051238459377
66.8046804914053,0.02216865638457416,0.11705777096694044,3.0420351587121757,0.9629109807817912,-0.9594250664212663,0.0006474451367700792,81.15051238459377
66.8046804914053,0.02216865638457416,0.11705777096694044,3.0420351587121757,0.9629109807817912,-0.9594250664212663,0.0006474451367700792,81.15051238459377
66.8046804914053,0.02216865638457416,0.11705777096694044,3.0420351587121757,0.9629109807817912,-0.9594250664212663,0.0006474451367700792,81.15051238459377
66.8046804914053,0.02216865638457416,0.11705777096694044,3.0420351587121757,0.9629109807817912,-0.9594250664212663,0.0006474451367700792,81.15051238459377
66.8046804914053,0.02216865638457416,0.11705777096694044,3.0420351587121757,0.9629109807817912,-0.9594250664212663,0.0006474451367700792,81.15051238459377
66.8046804914053,0.02216865638457416,0.11705777096694044,3.0420351587121757,0.9629109807817912,-0.9594250664212663,0.0006474451367700792,81.15051238459377
66.8046804914053,0.02216865638457416,0.11705777096694044,3.0420351587121757,0.9629109807817912,-0.9594250664212663,0.0006474451367700792,81.15051238459377
66.87115050994473,0.02223807888632874,0.1168754309375007,3.041654766893232,0.9639451678256389,-0.9478845465881498,0.0006489744295653842,81.5559153194763
66.87115050994473,0.02223807888632874,0.1168754309375007,3.041654766893232,0.9639451678256389,-0.9478845465881498,0.0006489744295653842,81.5559153194763
66.87115050994473,0.02223807888632874,0.1168754309375007,3.041654766893232,0.9639451678256389,-0.9478845465881498,0.0006489744295653842,81.5559153194763
66.87115050994473,0.02223807888632874,0.1168754309375007,3.041654766893232,0.9639451678256389,-0.9478845465881498,0.0006489744295653842,81.5559153194763
66.87115050994473,0.02223807888632874,0.1168754309375007,3.041654766893232,0.9639451678256389,-0.9478845465881498,0.0006489744295653842,81.5559153194763
66.87115050994473,0.02223807888632874,0.1168754309375007,3.041654766893232,0.9639451678256389,-0.9478845465881498,0.0006489744295653842,81.5559153194763
66.8216329928307,0.022205145522865722,0.1169839843810858,3.039878970952098,0.9639605556555083,-0.963777298201413,0.0006472723234674623,83.19634748045344
66.8216329928307,0.022205145522865722,0.1169839843810858,3.039878970952098,0.9639605556555083,-0.963777298201413,0.0006472723234674623,83.19634748045344
66.8216329928307,0.022205145522865722,0.1169839843810858,3.039878970952098,0.9639605556555083,-0.963777298201413,0.0006472723234674623,83.19634748045344
66.72474127726485,0.022125801273212543,0.11713303670237177,3.0373452318174485,0.9636306028270969,-0.9591605113265587,0.0006467582394273061,81.53029840648763
66.72474127726485,0.022125801273212543,0.11713303670237177,3.0373452318174485,0.9636306028270969,-0.9591605113265587,0.0006467582394273061,81.53029840648763
66.72474127726485,0.022125801273212543,0.11713303670237177,3.0373452318174485,0.9636306028270969,-0.9591605113265587,0.0006467582394273061,81.53029840648763
66.65234646682272,0.02208289045719841,0.11706508053963138,3.038206295146629,0.9629493660050793,-0.9545275179246059,0.0006475075527447031,78.36199044331092
66.65234646682272,0.02208289045719841,0.11706508053963138,3.038206295146629,0.9629493660050793,-0.9545275179246059,0.0006475075527447031,78.36199044331092
66.65234646682272,0.02208289045719841,0.11706508053963138,3.038206295146629,0.9629493660050793,-0.9545275179246059,0.0006475075527447031,78.36199044331092
66.67657649195283,0.022145585692113706,0.11686623841034356,3.038194600818908,0.9642132303955583,-0.9463221118568783,0.0006465030062211773,80.0724177476623
66.67657649195283,0.022145585692113706,0.11686623841034356,3.038194600818908,0.9642132303955583,-0.9463221118568783,0.0006465030062211773,80.0724177476623
66.67657649195283,0.022145585692113706,0.11686623841034356,3.038194600818908,0.9642132303955583,-0.9463221118568783,0.0006465030062211773,80.0724177476623
66.67657649195283,0.022145585692113706,0.11686623841034356,3.038194600818908,0.9642132303955583,-0.9463221118568783,0.0006465030062211773,80.0724177476623
66.67657649195283,0.022145585692113706,0.11686623841034356,3.038194600818908,0.9642132303955583,-0.9463221118568783,0.0006465030062211773,80.0724177476623
66.67657649195283,0.022145585692113706,0.11686623841034356,3.038194600818908,0.9642132303955583,-0.9463221118568783,0.0006465030062211773,80.0724177476623
66.80466766499379,0.022066994513055237,0.11690005478186634,3.0379089874928433,0.9633211498479989,-0.9615142767169463,0.000646356193788346,77.54907453260513
66.80466766499379,0.022066994513055237,0.11690005478186634,3.0379089874928433,0.9633211498479989,-0.9615142767169463,0.000646356193788346,77.54907453260513
67.00790690663125,0.02200433587082602,0.11688946194206148,3.0380519164994397,0.9633872707550826,-0.966459368185248,0.0006460732759830262,75.6210995924882
67.00790690663125,0.02200433587082602,0.11688946194206148,3.0380519164994397,0.9633872707550826,-0.966459368185248,0.0006460732759830262,75.6210995924882
67.02532944772966,0.021999124933077797,0.11691306481920419,3.0391814808833657,0.9615943727276783,-0.9621175135574619,0.000646250078225436,75.65113033357764
67.02532944772966,0.021999124933077797,0.11691306481920419,3.0391814808833657,0.9615943727276783,-0.9621175135574619,0.000646250078225436,75.65113033357764
67.02532944772966,0.021999124933077797,0.11691306481920419,3.0391814808833657,0.9615943727276783,-0.9621175135574619,0.000646250078225436,75.65113033357764
67.02532944772966,0.021999124933077797,0.11691306481920419,3.0391814808833657,0.9615943727276783,-0.9621175135574619,0.000646250078225436,75.65113033357764
67.02532944772966,0.021999124933077797,0.11691306481920419,3.0391814808833657,0.9615943727276783,-0.9621175135574619,0.000646250078225436,75.65113033357764
67.02532944772966,0.021999124933077797,0.11691306481920419,3.0391814808833657,0.9615943727276783,-0.9621175135574619,0.000646250078225436,75.65113033357764
67.02532944772966,0.021999124933077797,0.11691306481920419,3.0391814808833657,0.9615943727276783,-0.9621175135574619,0.000646250078225436,75.65113033357764
67.02532944772966,0.021999124933077797,0.11691306481920419,3.0391814808833657,0.9615943727276783,-0.9621175135574619,0.000646250078225436,75.65113033357764
67.02532944772966,0.021999124933077797,0.11691306481920419,3.0391814808833657,0.9615943727276783,-0.9621175135574619,0.000646250078225436,75.65113033357764
67.02532944772966,0.021999124933077797,0.11691306481920419,3.0391814808833657,0.9615943727276783,-0.9621175135574619,0.000646250078225436,75.65113033357764
67.02532944772966,0.021999124933077797,0.11691306481920419,3.0391814808833657,0.9615943727276783,-0.9621175135574619,0.000646250078225436,75.65113033357764
67.02532944772966,0.021999124933077797,0.11691306481920419,3.0391814808833657,0.9615943727276783,-0.9621175135574619,0.000646250078225436,75.65113033357764
67.02532944772966,0.021999124933077797,0.11691306481920419,3.0391814808833657,0.9615943727276783,-0.9621175135574619,0.000646250078225436,75.65113033357764
67.02532944772966,0.021999124933077797,0.11691306481920419,3.0391814808833657,0.9615943727276783,-0.9621175135574619,0.000646250078225436,75.65113033357764
66.93042904939794,0.02197485120568734,0.11616982811412943,3.038585246901414,0.9622692017293459,-0.9527056175765981,0.0006451746393141678,73.8019615417686
66.93042904939794,0.02197485120568734,0.11616982811412943,3.038585246901414,0.9622692017293459,-0.9527056175765981,0.0006451746393141678,73.8019615417686
66.93042904939794,0.02197485120568734,0.11616982811412943,3.038585246901414,0.9622692017293459,-0.9527056175765981,0.0006451746393141678,73.8019615417686
66.93042904939794,0.02197485120568734,0.11616982811412943,3.038585246901414,0.9622692017293459,-0.9527056175765981,0.0006451746393141678,73.8019615417686
66.93042904939794,0.02197485120568734,0.11616982811412943,3.038585246901414,0.9622692017293459,-0.9527056175765981,0.0006451746393141678,73.8019615417686
67.0557440570382,0.02193273488000247,0.11599560964563625,3.039074753469305,0.960706191385323,-0.9613001889025081,0.0006453256685164283,74.51341619151695
66.5646502546629,0.021911439212707114,0.1158258200021831,3.0379165181009307,0.9603941759187272,-0.9355430705679527,0.0006432995160334067,74.76451604042774
66.95682012552278,0.02185258412026633,0.11686314345823498,3.0395528829779357,0.9586315815386981,-0.9672439151383567,0.0006439620091239256,72.55168353374269
66.75543302050633,0.021894965638637003,0.11630034793809502,3.040151306502466,0.9584890738754244,-0.9540829549335824,0.0006409348268423189,74.64924847738205
67.04916624390245,0.021945598810090092,0.11694561965852228,3.0409148050462576,0.9608871966348558,-0.9726536130769812,0.0006402374391421268,74.15128862253718
67.20513720766294,0.021865674229268283,0.11728786766232803,3.0395265954504276,0.962589140858759,-0.9833967111352965,0.0006427721597463816,73.13675408356504
67.47330283706691,0.021678611827764337,0.11752448170893084,3.0379928009903767,0.960066921821285,-1.0020654357785892,0.0006429665529382886,71.94108527019225
67.01777315920536,0.021729908653207106,0.11779868488673237,3.038753939561355,0.9603116014942068,-0.9902648134507818,0.0006438280818064088,72.99514924322429
67.13176863225334,0.0217847855530002,0.11829977324379827,3.040983556691205,0.960654952446924,-0.9962811575808701,0.0006449011058792665,74.16337591292738
67.44890760482971,0.021821949929637117,0.11844324138576463,3.0418495591617076,0.9614640113625935,-1.003069232343392,0.0006464537133484693,75.5034394515721
67.44890760482971,0.021821949929637117,0.11844324138576463,3.0418495591617076,0.9614640113625935,-1.003069232343392,0.0006464537133484693,75.5034394515721
67.44890760482971,0.021821949929637117,0.11844324138576463,3.0418495591617076,0.9614640113625935,-1.003069232343392,0.0006464537133484693,75.5034394515721
67.44890760482971,0.021821949929637117,0.11844324138576463,3.0418495591617076,0.9614640113625935,-1.003069232343392,0.0006464537133484693,75.5034394515721
67.44890760482971,0.021821949929637117,0.11844324138576463,3.0418495591617076,0.9614640113625935,-1.003069232343392,0.0006464537133484693,75.5034394515721
67.34252830311634,0.021777236608627827,0.11728395021426534,3.0399549922388904,0.9624093098667682,-0.9880853415681347,0.0006448990972523869,72.16399964164387
67.34252830311634,0.021777236608627827,0.11728395021426534,3.0399549922388904,0.9624093098667682,-0.9880853415681347,0.0006448990972523869,72.16399964164387
67.34252830311634,0.021777236608627827,0.11728395021426534,3.0399549922388904,0.9624093098667682,-0.9880853415681347,0.0006448990972523869,72.16399964164387
67.1153770744648,0.021811127176037504,0.11652393709236183,3.0403058279168556,0.9625113398379396,-0.971555728225567,0.0006435686231109725,73.24604408368448
67.1153770744648,0.021811127176037504,0.11652393709236183,3.0403058279168556,0.9625113398379396,-0.971555728225567,0.0006435686231109725,73.24604408368448
67.11924128000628,0.021792725950488964,0.11690316892581036,3.042005041521104,0.9625945471759008,-0.9738556115750817,0.0006460159455975792,75.20298654274599
67.36167365671714,0.02175611060517706,0.11762682398850921,3.04250538995591,0.9634643196350133,-0.9874373343072071,0.0006469215172233873,75.16575397742321
67.23207482323014,0.02179983209441197,0.11726633882039438,3.0431103414383456,0.9641994200900182,-0.9779771545230794,0.0006471658759298458,77.2119360292769
67.23207482323014,0.02179983209441197,0.11726633882039438,3.0431103414383456,0.9641994200900182,-0.9779771545230794,0.0006471658759298458,77.2119360292769
67.07512959825014,0.021748979847367476,0.11599073234317976,3.040638007551835,0.9640063584330553,-0.9616939850120932,0.0006456141403632172,76.8365858071546
67.07512959825014,0.021748979847367476,0.11599073234317976,3.040638007551835,0.9640063584330553,-0.9616939850120932,0.0006456141403632172,76.8365858071546
67.40239625405036,0.021656006343171403,0.11587141289994757,3.039846728046908,0.9639946782159738,-0.9749549072381156,0.0006442713589744496,76.2544789050439
67.28966418748269,0.021566447391578463,0.11504411671652559,3.0391737851913962,0.9617790919734357,-0.963854243548366,0.0006434242140488534,81.81036085632317
67.28966418748269,0.021566447391578463,0.11504411671652559,3.0391737851913962,0.9617790919734357,-0.963854243548366,0.0006434242140488534,81.81036085632317
67.96182669097746,0.02181229849582982,0.11698165607728686,3.043476917834606,0.9624962884565024,-0.9979460915832495,0.0006484979348652524,78.61271854484352
67.9084908924438,0.021715247236472335,0.11713190609938205,3.0430121678261495,0.9631513570703691,-0.9999125598163141,0.0006488432258555867,77.45608068271977
67.9084908924438,0.021715247236472335,0.11713190609938205,3.0430121678261495,0.9631513570703691,-0.9999125598163141,0.0006488432258555867,77.45608068271977
67.40079100348679,0.021762482298754,0.11708159322565972,3.0439696906579514,0.9627012303308288,-0.981435657072881,0.0006483743937558852,79.72355008078254
67.43738883515513,0.02179282858034676,0.11754197810582578,3.0432444806334074,0.9645244269984152,-0.9850516737554151,0.0006489697959530014,77.6395923952691
67.43354867935643,0.02179454625371273,0.11813513537251051,3.041940400380686,0.9652284408859345,-0.9969540526463272,0.0006476904037656768,77.33167308885967
67.62827711918246,0.02178216694539279,0.118467130261184,3.042539962710704,0.9641675369654024,-1.0034698975399237,0.0006483486179758348,78.43971005351838
67.7821943762118,0.02171614992348815,0.1182468933150508,3.040227128845571,0.964303475092404,-1.0139432937685855,0.0006477437247448374,77.26243947360189
67.85523929234091,0.02167548423330633,0.11832885485391789,3.0397235218605556,0.9638532077543702,-1.0229328709302563,0.0006469700006449622,77.22976325426028
67.85523929234091,0.02167548423330633,0.11832885485391789,3.0397235218605556,0.9638532077543702,-1.0229328709302563,0.0006469700006449622,77.22976325426028
67.85523929234091,0.02167548423330633,0.11832885485391789,3.0397235218605556,0.9638532077543702,-1.0229328709302563,0.0006469700006449622,77.22976325426028
67.85523929234091,0.02167548423330633,0.11832885485391789,3.0397235218605556,0.9638532077543702,-1.0229328709302563,0.0006469700006449622,77.22976325426028
68.0042090523733,0.021757073797416863,0.11824860532370013,3.043274527576897,0.9627217313503579,-1.0109360382490853,0.0006493808475874324,77.50623485258801
68.0042090523733,0.021757073797416863,0.11824860532370013,3.043274527576897,0.9627217313503579,-1.0109360382490853,0.0006493808475874324,77.50623485258801
68.0042090523733,0.021757073797416863,0.11824860532370013,3.043274527576897,0.9627217313503579,-1.0109360382490853,0.0006493808475874324,77.50623485258801
68.1735706203612,0.021643053135003688,0.1182566891893273,3.0427337134918537,0.9614829313148009,-1.0218887061727504,0.000650740352396313,75.76956355450845
68.48716208495647,0.021561907840567808,0.11795036676028994,3.0438271984176573,0.9590639527553513,-1.0293225694661259,0.0006498119431375607,76.46048814124053
68.48716208495647,0.021561907840567808,0.11795036676028994,3.0438271984176573,0.9590639527553513,-1.0293225694661259,0.0006498119431375607,76.46048814124053
68.48716208495647,0.021561907840567808,0.11795036676028994,3.0438271984176573,0.9590639527553513,-1.0293225694661259,0.0006498119431375607,76.46048814124053
68.48716208495647,0.021561907840567808,0.11795036676028994,3.0438271984176573,0.9590639527553513,-1.0293225694661259,0.0006498119431375607,76.46048814124053
68.48716208495647,0.021561907840567808,0.11795036676028994,3.0438271984176573,0.9590639527553513,-1.0293225694661259,0.0006498119431375607,76.46048814124053
68.8453173565164,0.02157235028769865,0.11811880964261019,3.044303705191572,0.957657489248652,-1.048120188122691,0.0006507882093893635,74.98984668981542
68.46825195154291,0.021567392471629653,0.11713343901375971,3.0414310576792536,0.9584868689907365,-1.0221014212875248,0.0006498617002970148,73.87476013917237
68.46825195154291,0.021567392471629653,0.11713343901375971,3.0414310576792536,0.9584868689907365,-1.0221014212875248,0.0006498617002970148,73.87476013917237
68.46825195154291,0.021567392471629653,0.11713343901375971,3.0414310576792536,0.9584868689907365,-1.0221014212875248,0.0006498617002970148,73.87476013917237
68.83080178218144,0.021500809534138687,0.1175373567857695,3.0408385800464988,0.9569744021197502,-1.039965576320509,0.0006496732628372701,73.11819772896129
68.69795210862979,0.021457146801571503,0.11735520826819712,3.0399384710129786,0.9563982596550062,-1.037590889591918,0.0006494952040077997,71.91145923591579
68.69795210862979,0.021457146801571503,0.11735520826819712,3.0399384710129786,0.9563982596550062,-1.037590889591918,0.0006494952040077997,71.91145923591579
68.69795210862979,0.021457146801571503,0.11735520826819712,3.0399384710129786,0.9563982596550062,-1.037590889591918,0.0006494952040077997,71.91145923591579
68.69795210862979,0.021457146801571503,0.11735520826819712,3.0399384710129786,0.9563982596550062,-1.037590889591918,0.0006494952040077997,71.91145923591579
68.69795210862979,0.021457146801571503,0.11735520826819712,3.0399384710129786,0.9563982596550062,-1.037590889591918,0.0006494952040077997,71.91145923591579
68.61190158835177,0.021568410510936317,0.11734784471673296,3.0400946913107068,0.9583156343702718,-1.0345417302130067,0.0006478187923983197,70.74029335546763
68.61190158835177,0.021568410510936317,0.11734784471673296,3.0400946913107068,0.9583156343702718,-1.0345417302130067,0.0006478187923983197,70.74029335546763
68.61190158835177,0.021568410510936317,0.11734784471673296,3.0400946913107068,0.9583156343702718,-1.0345417302130067,0.0006478187923983197,70.74029335546763
68.61190158835177,0.021568410510936317,0.11734784471673296,3.0400946913107068,0.9583156343702718,-1.0345417302130067,0.0006478187923983197,70.74029335546763
68.61190158835177,0.021568410510936317,0.11734784471673296,3.0400946913107068,0.9583156343702718,-1.0345417302130067,0.0006478187923983197,70.74029335546763
68.61190158835177,0.021568410510936317,0.11734784471673296,3.0400946913107068,0.9583156343702718,-1.0345417302130067,0.0006478187923983197,70.74029335546763
68.61190158835177,0.021568410510936317,0.11734784471673296,3.0400946913107068,0.9583156343702718,-1.0345417302130067,0.0006478187923983197,70.74029335546763
68.61190158835177,0.021568410510936317,0.11734784471673296,3.0400946913107068,0.9583156343702718,-1.0345417302130067,0.0006478187923983197,70.74029335546763
68.49750606263795,0.021551569246535163,0.11652408552951224,3.0398044207316675,0.9575838006798099,-1.017838986138578,0.0006461041668823584,73.2596815056204
68.37176109970657,0.021471377477869383,0.11570969894300576,3.036982711876895,0.9564488974430886,-1.0157253300296976,0.0006432753767683858,73.03926934547405
68.37176109970657,0.021471377477869383,0.11570969894300576,3.036982711876895,0.9564488974430886,-1.0157253300296976,0.0006432753767683858,73.03926934547405
68.86126196050041,0.021605348306121656,0.11710087610478039,3.040662644467423,0.954942657679948,-1.0402763833533788,0.0006459633300797035,71.76820657914043
68.86126196050041,0.021605348306121656,0.11710087610478039,3.040662644467423,0.954942657679948,-1.0402763833533788,0.0006459633300797035,71.76820657914043
68.63256781360259,0.0216708678311039,0.11711767243281335,3.038915669303414,0.9571061841311244,-1.035529464546916,0.0006457671041542168,70.24662373799217
68.63256781360259,0.0216708678311039,0.11711767243281335,3.038915669303414,0.9571061841311244,-1.035529464546916,0.0006457671041542168,70.24662373799217
68.35639450298771,0.02161527837150536,0.1158700889473812,3.0362300806341027,0.9584965574096341,-1.010066899933925,0.0006443503880837765,70.50356494258146
68.35639450298771,0.02161527837150536,0.1158700889473812,3.0362300806341027,0.9584965574096341,-1.010066899933925,0.0006443503880837765,70.50356494258146
68.35639450298771,0.02161527837150536,0.1158700889473812,3.0362300806341027,0.9584965574096341,-1.010066899933925,0.0006443503880837765,70.50356494258146
68.35639450298771,0.02161527837150536,0.1158700889473812,3.0362300806341027,0.9584965574096341,-1.010066899933925,0.0006443503880837765,70.50356494258146
68.35639450298771,0.02161527837150536,0.1158700889473812,3.0362300806341027,0.9584965574096341,-1.010066899933925,0.0006443503880837765,70.50356494258146
68.28972763895698,0.02168297688242153,0.11584338090766405,3.0353477268593836,0.9588614715711183,-1.0068345516479171,0.0006450067845186889,70.62711615755924
68.28972763895698,0.02168297688242153,0.11584338090766405,3.0353477268593836,0.9588614715711183,-1.0068345516479171,0.0006450067845186889,70.62711615755924
68.28972763895698,0.02168297688242153,0.11584338090766405,3.0353477268593836,0.9588614715711183,-1.0068345516479171,0.0006450067845186889,70.62711615755924
68.28972763895698,0.02168297688242153,0.11584338090766405,3.0353477268593836,0.9588614715711183,-1.0068345516479171,0.0006450067845186889,70.62711615755924
68.28972763895698,0.02168297688242153,0.11584338090766405,3.0353477268593836,0.9588614715711183,-1.0068345516479171,0.0006450067845186889,70.62711615755924
68.28972763895698,0.02168297688242153,0.11584338090766405,3.0353477268593836,0.9588614715711183,-1.0068345516479171,0.0006450067845186889,70.62711615755924
68.6390215653165,0.021783373514218034,0.11677453639053158,3.037011889130323,0.9589918841814742,-1.026591987074047,0.0006475758635058161,71.83420046546215
68.34717961917707,0.021703754071620326,0.11577798920201339,3.033886437697152,0.9605299894905183,-1.0134713741017611,0.0006451629329273964,71.422401046106
68.34717961917707,0.021703754071620326,0.11577798920201339,3.033886437697152,0.9605299894905183,-1.0134713741017611,0.0006451629329273964,71.422401046106
68.34717961917707,0.021703754071620326,0.11577798920201339,3.033886437697152,0.9605299894905183,-1.0134713741017611,0.0006451629329273964,71.422401046106
68.45965939879993,0.021689065199620605,0.11619966227925722,3.034263741458471,0.9599853968761946,-1.0226283052963507,0.0006463781649349855,71.84641538344167
68.49370695297057,0.02163687574922909,0.1162669011899809,3.0337001893700437,0.9608330182716734,-1.0214823912078455,0.0006496406355654838,72.41912257007588
68.49370695297057,0.02163687574922909,0.1162669011899809,3.0337001893700437,0.9608330182716734,-1.0214823912078455,0.0006496406355654838,72.41912257007588
68.45181294981215,0.021555612519913378,0.11535499957249991,3.030811028730617,0.9608894733288033,-1.0187828367019875,0.0006481956617164159,73.41302149518427
68.41047406252994,0.02147286883856814,0.114728244229777,3.0300661632249497,0.9602198820122972,-1.0094063536197664,0.0006466607257384022,72.89295203164767
68.19045770526357,0.021537201454957283,0.11543077062492149,3.03097980219318,0.9614850117728385,-1.0043214918434071,0.0006489237959070414,73.3224096770795
68.09262581473384,0.02172384610731164,0.11713770879724753,3.0359798911141094,0.9627202451362408,-1.0116338987354352,0.0006512997198243438,75.42813764676202
68.09262581473384,0.02172384610731164,0.11713770879724753,3.0359798911141094,0.9627202451362408,-1.0116338987354352,0.0006512997198243438,75.42813764676202
68.28672261491849,0.021613217545556028,0.11731322214867282,3.0381750087203847,0.9610414410285335,-1.0239351910547512,0.000649339221133084,71.58383346336636
68.28672261491849,0.021613217545556028,0.11731322214867282,3.0381750087203847,0.9610414410285335,-1.0239351910547512,0.000649339221133084,71.58383346336636
68.02733371801386,0.021582990641425433,0.1170795471804016,3.03869269469631,0.9613814116536794,-1.0119759872683651,0.000648782260897238,71.27291073692399
68.02733371801386,0.021582990641425433,0.1170795471804016,3.03869269469631,0.9613814116536794,-1.0119759872683651,0.000648782260897238,71.27291073692399
67.85496029904981,0.021662000587951775,0.11695787750045257,3.038763569349634,0.9606347032626669,-1.0017272564146684,0.0006490458797384456,71.08745643948467
67.85496029904981,0.021662000587951775,0.11695787750045257,3.038763569349634,0.9606347032626669,-1.0017272564146684,0.0006490458797384456,71.08745643948467
67.85496029904981,0.021662000587951775,0.11695787750045257,3.038763569349634,0.9606347032626669,-1.0017272564146684,0.0006490458797384456,71.08745643948467
67.66973472650764,0.021588913448333014,0.1163132969714754,3.0372543135526233,0.9589907206751318,-0.990913067660415,0.0006463354747016282,70.55757188336455
67.66973472650764,0.021588913448333014,0.1163132969714754,3.0372543135526233,0.9589907206751318,-0.990913067660415,0.0006463354747016282,70.55757188336455
68.38699980334694,0.02151288290114594,0.11651158098532809,3.038014958930323,0.9566270693471266,-1.0179697943371773,0.0006456447603530839,71.32954952056024
68.38699980334694,0.02151288290114594,0.11651158098532809,3.038014958930323,0.9566270693471266,-1.0179697943371773,0.0006456447603530839,71.32954952056024
68.20200584271214,0.021748147786319075,0.1172868568467373,3.0382119569500152,0.956875504201498,-1.017386476132505,0.0006449441444840156,72.49087028757674
68.20200584271214,0.021748147786319075,0.1172868568467373,3.0382119569500152,0.956875504201498,-1.017386476132505,0.0006449441444840156,72.49087028757674
69.38507468411542,0.021315393554356844,0.11642138530029353,3.0353555877472687,0.9541853441548069,-1.0569304606027816,0.0006459224839138663,73.05681780948443
69.62981789265127,0.021381148291363443,0.11708519000240988,3.0364633990196657,0.9541619027346862,-1.0688359119050022,0.0006483350618023515,73.42774216244408
68.58964428320644,0.021573251888183407,0.11678908999245782,3.0362007082558176,0.9552783572863897,-1.0304678568664851,0.0006477309262069346,71.45738270114911
68.58964428320644,0.021573251888183407,0.11678908999245782,3.0362007082558176,0.9552783572863897,-1.0304678568664851,0.0006477309262069346,71.45738270114911
68.58964428320644,0.021573251888183407,0.11678908999245782,3.0362007082558176,0.9552783572863897,-1.0304678568664851,0.0006477309262069346,71.45738270114911
67.9161926942166,0.0218138314379885,0.11635619668923877,3.036576504430223,0.9576807719692022,-0.9992924989010236,0.0006475688288856277,72.3080897912088
67.9161926942166,0.0218138314379885,0.11635619668923877,3.036576504430223,0.9576807719692022,-0.9992924989010236,0.0006475688288856277,72.3080897912088
67.95492500148356,0.021725880716750363,0.11594746006073196,3.0340523216574393,0.9571390914347662,-0.9967761948161725,0.0006487823490204641,73.02665598514774
67.95492500148356,0.021725880716750363,0.11594746006073196,3.0340523216574393,0.9571390914347662,-0.9967761948161725,0.0006487823490204641,73.02665598514774
67.95492500148356,0.021725880716750363,0.11594746006073196,3.0340523216574393,0.9571390914347662,-0.9967761948161725,0.0006487823490204641,73.02665598514774
67.88696300249674,0.021741147233323124,0.11678121642491539,3.0352039254250434,0.9564179313425435,-1.0077934595320905,0.0006485744795212002,73.98103894101128
68.28171867825355,0.021728807174598908,0.11703440464296552,3.0358823231080567,0.9553372087742914,-1.02292253197804,0.0006516890577674476,73.9706313893071
68.27882928905737,0.021631545481047003,0.11644423359877856,3.0356219141207017,0.9531628110397677,-1.01845893244755,0.000650244638099614,72.80388368937032
69.0604133622012,0.021320446271078923,0.11603598270099362,3.0349054608490906,0.9523528260181521,-1.045599050343796,0.0006510888843746757,73.32456418506654
68.19210488252835,0.021544372898458466,0.11575081071308886,3.0349085595926697,0.9545217241819002,-1.0043571910351428,0.0006475555769089296,73.19148907267557
68.19210488252835,0.021544372898458466,0.11575081071308886,3.0349085595926697,0.9545217241819002,-1.0043571910351428,0.0006475555769089296,73.19148907267557
68.19210488252835,0.021544372898458466,0.11575081071308886,3.0349085595926697,0.9545217241819002,-1.0043571910351428,0.0006475555769089296,73.19148907267557
68.21430566944457,0.021594579365988374,0.11588785599715103,3.0362583554017575,0.9538360681554539,-1.0076217495175999,0.0006476761995491322,73.16280786074527
68.21430566944457,0.021594579365988374,0.11588785599715103,3.0362583554017575,0.9538360681554539,-1.0076217495175999,0.0006476761995491322,73.16280786074527
68.21430566944457,0.021594579365988374,0.11588785599715103,3.0362583554017575,0.9538360681554539,-1.0076217495175999,0.0006476761995491322,73.16280786074527
68.21430566944457,0.021594579365988374,0.11588785599715103,3.0362583554017575,0.9538360681554539,-1.0076217495175999,0.0006476761995491322,73.16280786074527
68.21430566944457,0.021594579365988374,0.11588785599715103,3.0362583554017575,0.9538360681554539,-1.0076217495175999,0.0006476761995491322,73.16280786074527
68.21430566944457,0.021594579365988374,0.11588785599715103,3.0362583554017575,0.9538360681554539,-1.0076217495175999,0.0006476761995491322,73.16280786074527
68.21430566944457,0.021594579365988374,0.11588785599715103,3.0362583554017575,0.9538360681554539,-1.0076217495175999,0.0006476761995491322,73.16280786074527
68.00441049129022,0.02183185772522099,0.11633695425532686,3.039801250198681,0.9556566107923388,-0.995695630489423,0.0006474663758111256,75.58431811779641
68.00441049129022,0.02183185772522099,0.11633695425532686,3.039801250198681,0.9556566107923388,-0.995695630489423,0.0006474663758111256,75.58431811779641
68.00441049129022,0.02183185772522099,0.11633695425532686,3.039801250198681,0.9556566107923388,-0.995695630489423,0.0006474663758111256,75.58431811779641
68.00441049129022,0.02183185772522099,0.11633695425532686,3.039801250198681,0.9556566107923388,-0.995695630489423,0.0006474663758111256,75.58431811779641
68.00441049129022,0.02183185772522099,0.11633695425532686,3.039801250198681,0.9556566107923388,-0.995695630489423,0.0006474663758111256,75.58431811779641
67.27651777436992,0.0219775182459355,0.11627092303570453,3.0384314548055205,0.9580706965423581,-0.9677694168588116,0.0006442690271375703,75.45144293999526
67.27651777436992,0.0219775182459355,0.11627092303570453,3.0384314548055205,0.9580706965423581,-0.9677694168588116,0.0006442690271375703,75.45144293999526
66.98973817639884,0.02209751388371008,0.11598882210796599,3.0384107533199773,0.9592401981401787,-0.9520064122295929,0.0006445671570561117,77.92023739175553
66.98973817639884,0.02209751388371008,0.11598882210796599,3.0384107533199773,0.9592401981401787,-0.9520064122295929,0.0006445671570561117,77.92023739175553
66.64006384030768,0.022088033097344428,0.11545871816992216,3.0365264798759855,0.9598689801859462,-0.9351323251791634,0.0006451699112044564,77.4999971859913
67.54714548246761,0.021721687197802708,0.11530608102241342,3.0370423312056727,0.9566145152250946,-0.9697072256673821,0.0006447188222700772,75.92224379027222
67.54714548246761,0.021721687197802708,0.11530608102241342,3.0370423312056727,0.9566145152250946,-0.9697072256673821,0.0006447188222700772,75.92224379027222
67.54714548246761,0.021721687197802708,0.11530608102241342,3.0370423312056727,0.9566145152250946,-0.9697072256673821,0.0006447188222700772,75.92224379027222
67.54714548246761,0.021721687197802708,0.11530608102241342,3.0370423312056727,0.9566145152250946,-0.9697072256673821,0.0006447188222700772,75.92224379027222
68.16944839088765,0.021622268660057075,0.11601963777817793,3.0395602934380657,0.9544729393146568,-1.0061063469621374,0.000642512162047464,76.1597504410804
68.293894416307,0.02153808741843726,0.11566784457064053,3.0379169817595186,0.9539637330312184,-1.0125922730851264,0.0006430557203631283,76.41982337656927
68.66811279175242,0.02126928153527597,0.1160084086203251,3.037825067477402,0.9542720181300804,-1.03539298596877,0.0006420561590847533,75.87995754948736
69.28588684763493,0.021217113280707602,0.1154020514839908,3.036554810897127,0.9524515698481875,-1.0498846954844208,0.0006426257961393505,80.57247565640037
69.28588684763493,0.021217113280707602,0.1154020514839908,3.036554810897127,0.9524515698481875,-1.0498846954844208,0.0006426257961393505,80.57247565640037
69.03298187870188,0.02123004710607479,0.11526636159275191,3.0334415549439147,0.952614673852583,-1.0444383387785061,0.0006401498645186687,76.39447431019292
68.94327361659333,0.021582500651293537,0.11599550002959323,3.035035414010964,0.9535397054063359,-1.0432540147891933,0.0006413803341530544,73.13415598092195
69.6031668385675,0.02139127102025774,0.11604411285514622,3.035783093206927,0.9523253527638926,-1.0583695088272305,0.0006435398111091109,74.02094599827947
69.6031668385675,0.02139127102025774,0.11604411285514622,3.035783093206927,0.9523253527638926,-1.0583695088272305,0.0006435398111091109,74.02094599827947
69.6031668385675,0.02139127102025774,0.11604411285514622,3.035783093206927,0.9523253527638926,-1.0583695088272305,0.0006435398111091109,74.02094599827947
69.29441405861947,0.021494369441449425,0.11571122367731457,3.0350148711098393,0.954125136247609,-1.0446946222498554,0.0006428186935152589,72.6008959672582
69.29441405861947,0.021494369441449425,0.11571122367731457,3.0350148711098393,0.954125136247609,-1.0446946222498554,0.0006428186935152589,72.6008959672582
69.29441405861947,0.021494369441449425,0.11571122367731457,3.0350148711098393,0.954125136247609,-1.0446946222498554,0.0006428186935152589,72.6008959672582
69.29441405861947,0.021494369441449425,0.11571122367731457,3.0350148711098393,0.954125136247609,-1.0446946222498554,0.0006428186935152589,72.6008959672582
69.29441405861947,0.021494369441449425,0.11571122367731457,3.0350148711098393,0.954125136247609,-1.0446946222498554,0.0006428186935152589,72.6008959672582
69.29441405861947,0.021494369441449425,0.11571122367731457,3.0350148711098393,0.954125136247609,-1.0446946222498554,0.0006428186935152589,72.6008959672582
69.29441405861947,0.021494369441449425,0.11571122367731457,3.0350148711098393,0.954125136247609,-1.0446946222498554,0.0006428186935152589,72.6008959672582
69.29441405861947,0.021494369441449425,0.11571122367731457,3.0350148711098393,0.954125136247609,-1.0446946222498554,0.0006428186935152589,72.6008959672582
69.90866678842161,0.021459524674994974,0.11660960343883207,3.0382165858543497,0.9529964293416231,-1.0714923183337053,0.0006442978797297687,72.57340300962385
69.90866678842161,0.021459524674994974,0.11660960343883207,3.0382165858543497,0.9529964293416231,-1.0714923183337053,0.0006442978797297687,72.57340300962385
69.90866678842161,0.021459524674994974,0.11660960343883207,3.0382165858543497,0.9529964293416231,-1.0714923183337053,0.0006442978797297687,72.57340300962385
69.24757118973817,0.021570350846027167,0.11633050604365779,3.0404440910654698,0.9536377571828624,-1.0367193271862176,0.0006459070712888306,78.37495228518031
69.2211725915875,0.02159426066771228,0.11568364933756321,3.0368456187294286,0.954162742254133,-1.026933692517366,0.0006456456740703762,77.7112440568123
69.2211725915875,0.02159426066771228,0.11568364933756321,3.0368456187294286,0.954162742254133,-1.026933692517366,0.0006456456740703762,77.7112440568123
69.2211725915875,0.02159426066771228,0.11568364933756321,3.0368456187294286,0.954162742254133,-1.026933692517366,0.0006456456740703762,77.7112440568123
68.8563036204179,0.021800613581025433,0.1171622553348718,3.0393388894351494,0.9548030697053113,-1.0240270334415131,0.000648195541542574,79.11523763573352
68.20312467750985,0.021843785284897974,0.11720566445948374,3.0421359595944124,0.9561687390649414,-1.0016110404874436,0.0006469571221375269,78.2918866462929
68.1854240868085,0.021859853863433847,0.11793595455196951,3.0432238759750163,0.9562289416395131,-1.0106727495476124,0.0006453155503749229,77.51444870069562
68.1854240868085,0.021859853863433847,0.11793595455196951,3.0432238759750163,0.9562289416395131,-1.0106727495476124,0.0006453155503749229,77.51444870069562
68.1854240868085,0.021859853863433847,0.11793595455196951,3.0432238759750163,0.9562289416395131,-1.0106727495476124,0.0006453155503749229,77.51444870069562
68.85395170609391,0.021606703112383472,0.11796423093819482,3.0429423315885553,0.9541119076857769,-1.0423833658553414,0.0006469117591053587,74.51553611485424
68.85395170609391,0.021606703112383472,0.11796423093819482,3.0429423315885553,0.9541119076857769,-1.0423833658553414,0.0006469117591053587,74.51553611485424
69.36747932300038,0.02126655189792162,0.11650082449810914,3.0374830449176433,0.9530327467443798,-1.0634481680102927,0.0006469922931942137,72.95782186603397
69.4108234886116,0.021354457547636388,0.11759502759218339,3.0365498639010275,0.957321203991894,-1.0747732758189317,0.00064692223063674,72.60073336918104
69.17407383658532,0.021588154246138736,0.11738428342140013,3.036877334289877,0.958814960347079,-1.0547370630523285,0.0006486830830337403,72.57734579978674
68.21224920473524,0.021868394758950988,0.116626275307573,3.035905551438949,0.9614333754468218,-1.0061305386468111,0.0006493491789235172,74.31114207623558
68.21224920473524,0.021868394758950988,0.116626275307573,3.035905551438949,0.9614333754468218,-1.0061305386468111,0.0006493491789235172,74.31114207623558
68.57369575161724,0.021802713504052856,0.1152442424279285,3.0337129047687297,0.961238150101149,-1.0003957641090866,0.0006515486720188387,72.31614371867893
69.71824898976325,0.021350333359076785,0.11446779230112736,3.0286658771569392,0.9573615789823414,-1.0496695607494826,0.0006475180404457063,75.90262649633453
69.71824898976325,0.021350333359076785,0.11446779230112736,3.0286658771569392,0.9573615789823414,-1.0496695607494826,0.0006475180404457063,75.90262649633453
69.71824898976325,0.021350333359076785,0.11446779230112736,3.0286658771569392,0.9573615789823414,-1.0496695607494826,0.0006475180404457063,75.90262649633453
69.71824898976325,0.021350333359076785,0.11446779230112736,3.0286658771569392,0.9573615789823414,-1.0496695607494826,0.0006475180404457063,75.90262649633453
69.23386302820086,0.021424398035746604,0.1154549949679397,3.0317178383433943,0.9607399221778468,-1.0387826459003275,0.0006467765958480767,72.94132016232327
69.23386302820086,0.021424398035746604,0.1154549949679397,3.0317178383433943,0.9607399221778468,-1.0387826459003275,0.0006467765958480767,72.94132016232327
68.74590668576977,0.021529929735550495,0.11516124775487638,3.0310836209180976,0.9623256509968379,-1.0164705940747019,0.0006459913524792549,72.85624162685735
68.83432022724342,0.021560206112618992,0.11538393778019876,3.0323858730164,0.9601093845987617,-1.0266942452656374,0.0006457966487498075,71.15902825526587
68.83432022724342,0.021560206112618992,0.11538393778019876,3.0323858730164,0.9601093845987617,-1.0266942452656374,0.0006457966487498075,71.15902825526587
68.83432022724342,0.021560206112618992,0.11538393778019876,3.0323858730164,0.9601093845987617,-1.0266942452656374,0.0006457966487498075,71.15902825526587
68.83432022724342,0.021560206112618992,0.11538393778019876,3.0323858730164,0.9601093845987617,-1.0266942452656374,0.0006457966487498075,71.15902825526587
68.31249721119562,0.021508635521505972,0.11517783006561262,3.0337069570842643,0.9617543033855579,-1.0076864998739505,0.000643768140310143,71.07859322288184
68.31249721119562,0.021508635521505972,0.11517783006561262,3.0337069570842643,0.9617543033855579,-1.0076864998739505,0.000643768140310143,71.07859322288184
68.31249721119562,0.021508635521505972,0.11517783006561262,3.0337069570842643,0.9617543033855579,-1.0076864998739505,0.000643768140310143,71.07859322288184
68.65783526865033,0.02141653828083512,0.11509107270498956,3.031588744976338,0.9604343072989382,-1.021018414170743,0.0006416226931134553,71.97335483385862
68.65783526865033,0.02141653828083512,0.11509107270498956,3.031588744976338,0.9604343072989382,-1.021018414170743,0.0006416226931134553,71.97335483385862
68.65783526865033,0.02141653828083512,0.11509107270498956,3.031588744976338,0.9604343072989382,-1.021018414170743,0.0006416226931134553,71.97335483385862
68.08356171830826,0.02154812498847071,0.11422050662519667,3.030149998198316,0.9630680862678773,-0.9842813167484104,0.0006413477459309721,72.43924286621828
68.08356171830826,0.02154812498847071,0.11422050662519667,3.030149998198316,0.9630680862678773,-0.9842813167484104,0.0006413477459309721,72.43924286621828
68.32727415794004,0.021524928687816552,0.1135949011853177,3.0268519167775354,0.9634737271445012,-0.9867609121815546,0.0006402585544763034,75.96638547145717
68.32727415794004,0.021524928687816552,0.1135949011853177,3.0268519167775354,0.9634737271445012,-0.9867609121815546,0.0006402585544763034,75.96638547145717
68.32727415794004,0.021524928687816552,0.1135949011853177,3.0268519167775354,0.9634737271445012,-0.9867609121815546,0.0006402585544763034,75.96638547145717
68.68157940005538,0.02149485997670658,0.11485949278757232,3.032045089429854,0.9626465140236599,-1.0089718659779499,0.0006435080840913333,72.26738548024676
68.68157940005538,0.02149485997670658,0.11485949278757232,3.032045089429854,0.9626465140236599,-1.0089718659779499,0.0006435080840913333,72.26738548024676
68.68157940005538,0.02149485997670658,0.11485949278757232,3.032045089429854,0.9626465140236599,-1.0089718659779499,0.0006435080840913333,72.26738548024676
68.68157940005538,0.02149485997670658,0.11485949278757232,3.032045089429854,0.9626465140236599,-1.0089718659779499,0.0006435080840913333,72.26738548024676
68.78145553697703,0.021563000477970617,0.11418767864109425,3.0291703102282472,0.9632957710308861,-1.003873362658486,0.0006421445086078774,73.85408012402935
68.9078321438755,0.02161455908943367,0.11378771897099169,3.0288796869076346,0.961611383443928,-1.0003121458978712,0.0006421354073030146,75.21952456948975
68.9078321438755,0.02161455908943367,0.11378771897099169,3.0288796869076346,0.961611383443928,-1.0003121458978712,0.0006421354073030146,75.21952456948975
68.9078321438755,0.02161455908943367,0.11378771897099169,3.0288796869076346,0.961611383443928,-1.0003121458978712,0.0006421354073030146,75.21952456948975
68.9078321438755,0.02161455908943367,0.11378771897099169,3.0288796869076346,0.961611383443928,-1.0003121458978712,0.0006421354073030146,75.21952456948975
68.9078321438755,0.02161455908943367,0.11378771897099169,3.0288796869076346,0.961611383443928,-1.0003121458978712,0.0006421354073030146,75.21952456948975
68.10727714179211,0.021723186499024078,0.11360393017965817,3.030784701974603,0.9615081899609196,-0.9645743720533901,0.0006408061636325053,77.42469115115759
68.10727714179211,0.021723186499024078,0.11360393017965817,3.030784701974603,0.9615081899609196,-0.9645743720533901,0.0006408061636325053,77.42469115115759
68.10727714179211,0.021723186499024078,0.11360393017965817,3.030784701974603,0.9615081899609196,-0.9645743720533901,0.0006408061636325053,77.42469115115759
68.10727714179211,0.021723186499024078,0.11360393017965817,3.030784701974603,0.9615081899609196,-0.9645743720533901,0.0006408061636325053,77.42469115115759
67.47072578872626,0.021841819030838407,0.11270915736984696,3.028989370915759,0.9659315682410786,-0.9339141863545849,0.000640864766289224,75.58626448016206
67.47072578872626,0.021841819030838407,0.11270915736984696,3.028989370915759,0.9659315682410786,-0.9339141863545849,0.000640864766289224,75.58626448016206
67.47072578872626,0.021841819030838407,0.11270915736984696,3.028989370915759,0.9659315682410786,-0.9339141863545849,0.000640864766289224,75.58626448016206
67.47072578872626,0.021841819030838407,0.11270915736984696,3.028989370915759,0.9659315682410786,-0.9339141863545849,0.000640864766289224,75.58626448016206
66.66902631536075,0.0218778760539225,0.11210764115246524,3.02973902606995,0.9703174861469857,-0.8961696536409189,0.0006395419548311238,78.22342813604124
66.740772770416,0.021861524736042925,0.11227764072617104,3.0278825565893013,0.9701218681567305,-0.9072620444085661,0.0006376586096916341,74.16408163792565
67.2497105313175,0.021861295201937105,0.11355621678770338,3.0309665624725826,0.9707845515773895,-0.9329154486705221,0.0006387270372421131,73.38387123563544
66.54873484089417,0.02213502851007119,0.11478152879752322,3.0336263252718467,0.9737278224354221,-0.9134718832211756,0.0006402466624496947,79.11314302627085
66.94236091492478,0.021917199539678082,0.11519928505716795,3.0332752941779875,0.97195091668706,-0.9384670748882301,0.0006378636538355618,77.83372024294097
67.0691329222024,0.021779837435694685,0.11356284150281991,3.02775035371677,0.9695728844494063,-0.9376423968325656,0.0006351974543731685,74.66239664059025
67.0691329222024,0.021779837435694685,0.11356284150281991,3.02775035371677,0.9695728844494063,-0.9376423968325656,0.0006351974543731685,74.66239664059025
67.0691329222024,0.021779837435694685,0.11356284150281991,3.02775035371677,0.9695728844494063,-0.9376423968325656,0.0006351974543731685,74.66239664059025
67.0691329222024,0.021779837435694685,0.11356284150281991,3.02775035371677,0.9695728844494063,-0.9376423968325656,0.0006351974543731685,74.66239664059025
67.0691329222024,0.021779837435694685,0.11356284150281991,3.02775035371677,0.9695728844494063,-0.9376423968325656,0.0006351974543731685,74.66239664059025
66.02716510666787,0.02221034693565709,0.11318372842429314,3.029432496543128,0.9714735873811966,-0.8830897979881474,0.0006358028021667155,78.39788532374729
66.02716510666787,0.02221034693565709,0.11318372842429314,3.029432496543128,0.9714735873811966,-0.8830897979881474,0.0006358028021667155,78.39788532374729
66.02716510666787,0.02221034693565709,0.11318372842429314,3.029432496543128,0.9714735873811966,-0.8830897979881474,0.0006358028021667155,78.39788532374729
66.02716510666787,0.02221034693565709,0.11318372842429314,3.029432496543128,0.9714735873811966,-0.8830897979881474,0.0006358028021667155,78.39788532374729
66.02716510666787,0.02221034693565709,0.11318372842429314,3.029432496543128,0.9714735873811966,-0.8830897979881474,0.0006358028021667155,78.39788532374729
66.02716510666787,0.02221034693565709,0.11318372842429314,3.029432496543128,0.9714735873811966,-0.8830897979881474,0.0006358028021667155,78.39788532374729
66.02661281973982,0.022148164768389954,0.11311989170709393,3.0290703644685024,0.9730194127805443,-0.8855455885607213,0.0006340554325952404,76.23170608297953
67.91980873157111,0.021737120313916617,0.11288030326512227,3.0272689458804067,0.9639419386519753,-0.95912626924932,0.0006351855572792058,75.79529150911418
67.0130517656284,0.021938897035138044,0.11292339250489977,3.0289479084467423,0.9693010852381122,-0.9195806317954152,0.0006340002060297707,74.3386876370653
67.0130517656284,0.021938897035138044,0.11292339250489977,3.0289479084467423,0.9693010852381122,-0.9195806317954152,0.0006340002060297707,74.3386876370653
67.0130517656284,0.021938897035138044,0.11292339250489977,3.0289479084467423,0.9693010852381122,-0.9195806317954152,0.0006340002060297707,74.3386876370653
67.8200261012078,0.021517344486541225,0.11278154842456023,3.0281925032161277,0.9674814084286933,-0.9614150000264282,0.0006322833341923956,75.11450858618784
67.8200261012078,0.021517344486541225,0.11278154842456023,3.0281925032161277,0.9674814084286933,-0.9614150000264282,0.0006322833341923956,75.11450858618784
67.67620251521866,0.02169166019468942,0.1129740064739624,3.0279332706111832,0.9687118022225845,-0.9524465848931024,0.0006329904733385461,73.18718663683973
67.67620251521866,0.02169166019468942,0.1129740064739624,3.0279332706111832,0.9687118022225845,-0.9524465848931024,0.0006329904733385461,73.18718663683973
67.67620251521866,0.02169166019468942,0.1129740064739624,3.0279332706111832,0.9687118022225845,-0.9524465848931024,0.0006329904733385461,73.18718663683973
67.67620251521866,0.02169166019468942,0.1129740064739624,3.0279332706111832,0.9687118022225845,-0.9524465848931024,0.0006329904733385461,73.18718663683973
67.67620251521866,0.02169166019468942,0.1129740064739624,3.0279332706111832,0.9687118022225845,-0.9524465848931024,0.0006329904733385461,73.18718663683973
66.92272597763848,0.0217465789614648,0.11239657258103876,3.027556172036433,0.9718102283891388,-0.9173003499497454,0.0006304509082259909,74.307309856916
66.92272597763848,0.0217465789614648,0.11239657258103876,3.027556172036433,0.9718102283891388,-0.9173003499497454,0.0006304509082259909,74.307309856916
66.92272597763848,0.0217465789614648,0.11239657258103876,3.027556172036433,0.9718102283891388,-0.9173003499497454,0.0006304509082259909,74.307309856916
66.17176385218875,0.02182388366738179,0.11296280335087734,3.0292729661954207,0.9758067716032669,-0.8991788523954688,0.000631066642889923,73.8898526209015
66.16361459060016,0.021884481811535274,0.11288549686446234,3.0284219607124077,0.9733004863457252,-0.8978934989742725,0.0006283433379148527,72.95420934564791
66.16361459060016,0.021884481811535274,0.11288549686446234,3.0284219607124077,0.9733004863457252,-0.8978934989742725,0.0006283433379148527,72.95420934564791
65.04333849825257,0.022002587282792613,0.11309082842597404,3.0297582565142473,0.9749627038020162,-0.8618062938471767,0.0006249749935936617,72.94628770642234
65.04333849825257,0.022002587282792613,0.11309082842597404,3.0297582565142473,0.9749627038020162,-0.8618062938471767,0.0006249749935936617,72.94628770642234
65.04333849825257,0.022002587282792613,0.11309082842597404,3.0297582565142473,0.9749627038020162,-0.8618062938471767,0.0006249749935936617,72.94628770642234
65.04333849825257,0.022002587282792613,0.11309082842597404,3.0297582565142473,0.9749627038020162,-0.8618062938471767,0.0006249749935936617,72.94628770642234
65.04333849825257,0.022002587282792613,0.11309082842597404,3.0297582565142473,0.9749627038020162,-0.8618062938471767,0.0006249749935936617,72.94628770642234
65.04333849825257,0.022002587282792613,0.11309082842597404,3.0297582565142473,0.9749627038020162,-0.8618062938471767,0.0006249749935936617,72.94628770642234
65.04333849825257,0.022002587282792613,0.11309082842597404,3.0297582565142473,0.9749627038020162,-0.8618062938471767,0.0006249749935936617,72.94628770642234
65.04333849825257,0.022002587282792613,0.11309082842597404,3.0297582565142473,0.9749627038020162,-0.8618062938471767,0.0006249749935936617,72.94628770642234
65.75063745859713,0.021979533890842076,0.11295541535785518,3.029950005090216,0.9736485789255176,-0.8869622441339615,0.0006221225894751064,72.26329399745566
65.75063745859713,0.021979533890842076,0.11295541535785518,3.029950005090216,0.9736485789255176,-0.8869622441339615,0.0006221225894751064,72.26329399745566
65.75063745859713,0.021979533890842076,0.11295541535785518,3.029950005090216,0.9736485789255176,-0.8869622441339615,0.0006221225894751064,72.26329399745566
65.75063745859713,0.021979533890842076,0.11295541535785518,3.029950005090216,0.9736485789255176,-0.8869622441339615,0.0006221225894751064,72.26329399745566
65.75063745859713,0.021979533890842076,0.11295541535785518,3.029950005090216,0.9736485789255176,-0.8869622441339615,0.0006221225894751064,72.26329399745566
65.75063745859713,0.021979533890842076,0.11295541535785518,3.029950005090216,0.9736485789255176,-0.8869622441339615,0.0006221225894751064,72.26329399745566
64.79528093951659,0.022220485380471503,0.11301391010242597,3.031024713701176,0.9756047564612561,-0.8497011783110962,0.0006241147047838505,74.42171048199741
64.79528093951659,0.022220485380471503,0.11301391010242597,3.031024713701176,0.9756047564612561,-0.8497011783110962,0.0006241147047838505,74.42171048199741
63.8481293913782,0.022120388963390077,0.11213891859559001,3.030286845337538,0.9771350917048319,-0.8102075755047095,0.0006256692877238232,74.15097697137216
63.8481293913782,0.022120388963390077,0.11213891859559001,3.030286845337538,0.9771350917048319,-0.8102075755047095,0.0006256692877238232,74.15097697137216
63.8481293913782,0.022120388963390077,0.11213891859559001,3.030286845337538,0.9771350917048319,-0.8102075755047095,0.0006256692877238232,74.15097697137216
63.8481293913782,0.022120388963390077,0.11213891859559001,3.030286845337538,0.9771350917048319,-0.8102075755047095,0.0006256692877238232,74.15097697137216
63.8481293913782,0.022120388963390077,0.11213891859559001,3.030286845337538,0.9771350917048319,-0.8102075755047095,0.0006256692877238232,74.15097697137216
63.8481293913782,0.022120388963390077,0.11213891859559001,3.030286845337538,0.9771350917048319,-0.8102075755047095,0.0006256692877238232,74.15097697137216
63.8481293913782,0.022120388963390077,0.11213891859559001,3.030286845337538,0.9771350917048319,-0.8102075755047095,0.0006256692877238232,74.15097697137216
63.8481293913782,0.022120388963390077,0.11213891859559001,3.030286845337538,0.9771350917048319,-0.8102075755047095,0.0006256692877238232,74.15097697137216
63.8481293913782,0.022120388963390077,0.11213891859559001,3.030286845337538,0.9771350917048319,-0.8102075755047095,0.0006256692877238232,74.15097697137216
63.8481293913782,0.022120388963390077,0.11213891859559001,3.030286845337538,0.9771350917048319,-0.8102075755047095,0.0006256692877238232,74.15097697137216
63.8481293913782,0.022120388963390077,0.11213891859559001,3.030286845337538,0.9771350917048319,-0.8102075755047095,0.0006256692877238232,74.15097697137216
63.8481293913782,0.022120388963390077,0.11213891859559001,3.030286845337538,0.9771350917048319,-0.8102075755047095,0.0006256692877238232,74.15097697137216
63.6465932524105,0.02222988866133699,0.11208647133176486,3.0318186483994016,0.9753378281558505,-0.8007609183652848,0.0006244590205950474,76.65027088977588
64.27114137060994,0.021887905389699668,0.11223983459395108,3.0300498281760215,0.9753826096481945,-0.8319965917428458,0.0006230273810075272,73.99975353356093
64.27114137060994,0.021887905389699668,0.11223983459395108,3.0300498281760215,0.9753826096481945,-0.8319965917428458,0.0006230273810075272,73.99975353356093
64.27114137060994,0.021887905389699668,0.11223983459395108,3.0300498281760215,0.9753826096481945,-0.8319965917428458,0.0006230273810075272,73.99975353356093
64.27114137060994,0.021887905389699668,0.11223983459395108,3.0300498281760215,0.9753826096481945,-0.8319965917428458,0.0006230273810075272,73.99975353356093
64.27114137060994,0.021887905389699668,0.11223983459395108,3.0300498281760215,0.9753826096481945,-0.8319965917428458,0.0006230273810075272,73.99975353356093
63.02427720100102,0.022130216895488716,0.1123313976783125,3.029870519173545,0.9797640863653947,-0.7897636318079548,0.000623050526186748,74.83281534951062
63.02427720100102,0.022130216895488716,0.1123313976783125,3.029870519173545,0.9797640863653947,-0.7897636318079548,0.000623050526186748,74.83281534951062
63.02427720100102,0.022130216895488716,0.1123313976783125,3.029870519173545,0.9797640863653947,-0.7897636318079548,0.000623050526186748,74.83281534951062
62.5812964960205,0.022067141564902568,0.11110675087780393,3.0280660180013905,0.9808222492498057,-0.7637365129936668,0.0006188622805569699,75.61134548196678
62.5812964960205,0.022067141564902568,0.11110675087780393,3.0280660180013905,0.9808222492498057,-0.7637365129936668,0.0006188622805569699,75.61134548196678
62.5812964960205,0.022067141564902568,0.11110675087780393,3.0280660180013905,0.9808222492498057,-0.7637365129936668,0.0006188622805569699,75.61134548196678
62.60159906515026,0.0221005622066293,0.10981000019313811,3.0234359173116285,0.9798324918102189,-0.7478725306278838,0.0006204494218281074,80.84102839317532
61.909907084502244,0.022242151797382446,0.11019009973305693,3.0212227241056957,0.9842947298542513,-0.7328832310845279,0.0006175663998859617,80.9676134871496
61.909907084502244,0.022242151797382446,0.11019009973305693,3.0212227241056957,0.9842947298542513,-0.7328832310845279,0.0006175663998859617,80.9676134871496
62.386792201719395,0.022462117191932827,0.11092167127238975,3.024856312023444,0.9831730914007892,-0.7468444071111692,0.0006300703931851612,79.70123187512266
63.47145664751706,0.022152313358802377,0.11053969949061832,3.024090471534589,0.976429370075128,-0.7861050655968526,0.0006309682738955017,76.58654925963623
63.47145664751706,0.022152313358802377,0.11053969949061832,3.024090471534589,0.976429370075128,-0.7861050655968526,0.0006309682738955017,76.58654925963623
63.9991662760773,0.022054147141526155,0.1097249250185998,3.0188124679946293,0.9794476747719321,-0.8008972957501993,0.0006275430026643885,81.14346219609368
63.16982228363679,0.022044432543524534,0.10956440818735197,3.019360040809119,0.9820248198944143,-0.7743483436775681,0.0006221144026463693,79.82449839552186
63.16982228363679,0.022044432543524534,0.10956440818735197,3.019360040809119,0.9820248198944143,-0.7743483436775681,0.0006221144026463693,79.82449839552186
63.16982228363679,0.022044432543524534,0.10956440818735197,3.019360040809119,0.9820248198944143,-0.7743483436775681,0.0006221144026463693,79.82449839552186
63.16982228363679,0.022044432543524534,0.10956440818735197,3.019360040809119,0.9820248198944143,-0.7743483436775681,0.0006221144026463693,79.82449839552186
63.16982228363679,0.022044432543524534,0.10956440818735197,3.019360040809119,0.9820248198944143,-0.7743483436775681,0.0006221144026463693,79.82449839552186
62.32724515838949,0.022288948309706336,0.11181566588790974,3.0252313752603563,0.9843842467211873,-0.7659942313414186,0.0006236813695798541,83.52151740585579
62.32724515838949,0.022288948309706336,0.11181566588790974,3.0252313752603563,0.9843842467211873,-0.7659942313414186,0.0006236813695798541,83.52151740585579
62.064108890718195,0.02222778259278309,0.11092335786013989,3.0226360429073758,0.9874103856267209,-0.7481246478409156,0.0006204344767073388,82.99589656621065
62.064108890718195,0.02222778259278309,0.11092335786013989,3.0226360429073758,0.9874103856267209,-0.7481246478409156,0.0006204344767073388,82.99589656621065
60.82313429044518,0.022234927749409335,0.10981327754625235,3.0208830977267973,0.9927258301456255,-0.7024144153018027,0.0006131234148972027,86.00837217437696
60.67624668395958,0.022318203069856647,0.11061660850776164,3.024258172188683,0.9912715670965608,-0.7011631825303415,0.0006173636012502533,84.48510264589378
60.12392305822216,0.022376697971664576,0.11045355796755234,3.0267048008407826,0.9899267820370922,-0.6731431433054003,0.0006183249411799895,79.59320915157397
60.12392305822216,0.022376697971664576,0.11045355796755234,3.0267048008407826,0.9899267820370922,-0.6731431433054003,0.0006183249411799895,79.59320915157397
60.12392305822216,0.022376697971664576,0.11045355796755234,3.0267048008407826,0.9899267820370922,-0.6731431433054003,0.0006183249411799895,79.59320915157397
60.12392305822216,0.022376697971664576,0.11045355796755234,3.0267048008407826,0.9899267820370922,-0.6731431433054003,0.0006183249411799895,79.59320915157397
60.12392305822216,0.022376697971664576,0.11045355796755234,3.0267048008407826,0.9899267820370922,-0.6731431433054003,0.0006183249411799895,79.59320915157397
60.12392305822216,0.022376697971664576,0.11045355796755234,3.0267048008407826,0.9899267820370922,-0.6731431433054003,0.0006183249411799895,79.59320915157397
60.12392305822216,0.022376697971664576,0.11045355796755234,3.0267048008407826,0.9899267820370922,-0.6731431433054003,0.0006183249411799895,79.59320915157397
60.12392305822216,0.022376697971664576,0.11045355796755234,3.0267048008407826,0.9899267820370922,-0.6731431433054003,0.0006183249411799895,79.59320915157397
60.315557412299064,0.022345141546151383,0.11105078238057098,3.0264443340515323,0.9865365835074716,-0.6919918966404333,0.0006231895611170856,80.45867361881108
62.04750840649099,0.021852173070830358,0.11168474525736073,3.025931160479262,0.9784850688753013,-0.7705383672094862,0.0006302061067131753,81.79469618477093
64.62938121433723,0.021678237063609718,0.11577795951985166,3.033153133064173,0.9685093021977917,-0.8985217649762793,0.0006460765254799803,79.57648588142827
64.62938121433723,0.021678237063609718,0.11577795951985166,3.033153133064173,0.9685093021977917,-0.8985217649762793,0.0006460765254799803,79.57648588142827
64.62938121433723,0.021678237063609718,0.11577795951985166,3.033153133064173,0.9685093021977917,-0.8985217649762793,0.0006460765254799803,79.57648588142827
65.24553266657453,0.021631630891512238,0.11504821000112472,3.0330685799291968,0.9676957257381646,-0.9108865895410332,0.0006462507232518303,76.89507183580385
65.24553266657453,0.021631630891512238,0.11504821000112472,3.0330685799291968,0.9676957257381646,-0.9108865895410332,0.0006462507232518303,76.89507183580385
65.63211549841434,0.021726909972743083,0.1162255215336513,3.0357990903308187,0.9683155313266746,-0.9351939885224705,0.0006496828510598353,81.6331518439954
65.96323925605888,0.02161701623386848,0.11689831974143525,3.0354611868612156,0.9618436350070388,-0.9627654356887826,0.0006525645993555159,79.9492065216035
66.40508916990962,0.021634918031327888,0.11767032382757354,3.0376918408638294,0.9573363658143951,-0.9811974357183597,0.0006579748970454139,75.14711280305109
66.40508916990962,0.021634918031327888,0.11767032382757354,3.0376918408638294,0.9573363658143951,-0.9811974357183597,0.0006579748970454139,75.14711280305109
66.40508916990962,0.021634918031327888,0.11767032382757354,3.0376918408638294,0.9573363658143951,-0.9811974357183597,0.0006579748970454139,75.14711280305109
66.41822586131529,0.021243684610553603,0.11580041101032161,3.0323659078107563,0.9585792638149505,-0.9716421479115882,0.0006512569180728713,75.42655932045145
66.41822586131529,0.021243684610553603,0.11580041101032161,3.0323659078107563,0.9585792638149505,-0.9716421479115882,0.0006512569180728713,75.42655932045145
65.92898883184712,0.021595868927825595,0.1163155242967318,3.036529852192735,0.9640849031701725,-0.9364279572776223,0.0006533734594386293,72.13221408059485
65.70885846656353,0.021677979786922937,0.11509277816463291,3.0340875013878654,0.9652669995518475,-0.915611480934785,0.0006527967202340578,71.84130698837836
65.70885846656353,0.021677979786922937,0.11509277816463291,3.0340875013878654,0.9652669995518475,-0.915611480934785,0.0006527967202340578,71.84130698837836
65.70885846656353,0.021677979786922937,0.11509277816463291,3.0340875013878654,0.9652669995518475,-0.915611480934785,0.0006527967202340578,71.84130698837836
65.70885846656353,0.021677979786922937,0.11509277816463291,3.0340875013878654,0.9652669995518475,-0.915611480934785,0.0006527967202340578,71.84130698837836
65.70885846656353,0.021677979786922937,0.11509277816463291,3.0340875013878654,0.9652669995518475,-0.915611480934785,0.0006527967202340578,71.84130698837836
66.6954604052547,0.02152531573388708,0.11520872496776045,3.034092181750322,0.965315310823831,-0.954330080824141,0.0006552564993032342,73.87591158915436
65.55775420824742,0.02153725277864361,0.11312890465744226,3.0311806120897935,0.9692290592088747,-0.8898923687392786,0.0006463061247746803,77.74166926360014
62.16655419651996,0.0223271226208413,0.11254543583498475,3.0319144348085536,0.9811080733263927,-0.7491992410034893,0.0006382563554143485,79.20677755157398
62.16655419651996,0.0223271226208413,0.11254543583498475,3.0319144348085536,0.9811080733263927,-0.7491992410034893,0.0006382563554143485,79.20677755157398
62.16655419651996,0.0223271226208413,0.11254543583498475,3.0319144348085536,0.9811080733263927,-0.7491992410034893,0.0006382563554143485,79.20677755157398
62.16655419651996,0.0223271226208413,0.11254543583498475,3.0319144348085536,0.9811080733263927,-0.7491992410034893,0.0006382563554143485,79.20677755157398
62.16655419651996,0.0223271226208413,0.11254543583498475,3.0319144348085536,0.9811080733263927,-0.7491992410034893,0.0006382563554143485,79.20677755157398
62.16655419651996,0.0223271226208413,0.11254543583498475,3.0319144348085536,0.9811080733263927,-0.7491992410034893,0.0006382563554143485,79.20677755157398
62.16655419651996,0.0223271226208413,0.11254543583498475,3.0319144348085536,0.9811080733263927,-0.7491992410034893,0.0006382563554143485,79.20677755157398
62.16655419651996,0.0223271226208413,0.11254543583498475,3.0319144348085536,0.9811080733263927,-0.7491992410034893,0.0006382563554143485,79.20677755157398
63.278202694108764,0.02201820952775343,0.11295831185907536,3.034388534752915,0.9764626815004703,-0.7897428618882929,0.0006397841274484428,82.89561654448919
63.528439014687926,0.021881322734481245,0.11280840536305986,3.0306110181257915,0.9775800158715421,-0.8039163641721468,0.0006368759063008079,78.16779812456123
63.528439014687926,0.021881322734481245,0.11280840536305986,3.0306110181257915,0.9775800158715421,-0.8039163641721468,0.0006368759063008079,78.16779812456123
63.528439014687926,0.021881322734481245,0.11280840536305986,3.0306110181257915,0.9775800158715421,-0.8039163641721468,0.0006368759063008079,78.16779812456123
63.528439014687926,0.021881322734481245,0.11280840536305986,3.0306110181257915,0.9775800158715421,-0.8039163641721468,0.0006368759063008079,78.16779812456123
63.528439014687926,0.021881322734481245,0.11280840536305986,3.0306110181257915,0.9775800158715421,-0.8039163641721468,0.0006368759063008079,78.16779812456123
63.528439014687926,0.021881322734481245,0.11280840536305986,3.0306110181257915,0.9775800158715421,-0.8039163641721468,0.0006368759063008079,78.16779812456123
63.528439014687926,0.021881322734481245,0.11280840536305986,3.0306110181257915,0.9775800158715421,-0.8039163641721468,0.0006368759063008079,78.16779812456123
63.528439014687926,0.021881322734481245,0.11280840536305986,3.0306110181257915,0.9775800158715421,-0.8039163641721468,0.0006368759063008079,78.16779812456123
63.61420937299584,0.02169719617337811,0.11178315893824611,3.027845851082973,0.9731310984703356,-0.8084890519426762,0.0006322351119823222,77.17543607772588
64.07606104013304,0.021613511167771465,0.11071767731122444,3.024111911187882,0.9733709626208197,-0.8196129004390726,0.0006298989501169138,80.17368034113748
62.23194610476375,0.021843887431527993,0.11132489885229101,3.0289237209835758,0.9780996957431294,-0.7588449859287524,0.0006309073591248163,79.22931057386438
62.23194610476375,0.021843887431527993,0.11132489885229101,3.0289237209835758,0.9780996957431294,-0.7588449859287524,0.0006309073591248163,79.22931057386438
62.23194610476375,0.021843887431527993,0.11132489885229101,3.0289237209835758,0.9780996957431294,-0.7588449859287524,0.0006309073591248163,79.22931057386438
62.23194610476375,0.021843887431527993,0.11132489885229101,3.0289237209835758,0.9780996957431294,-0.7588449859287524,0.0006309073591248163,79.22931057386438
61.483486324895146,0.02197253741983555,0.11178232713496265,3.0290509941984496,0.9843135469733723,-0.7351378692164374,0.0006265222261731038,79.4450797976168
61.483486324895146,0.02197253741983555,0.11178232713496265,3.0290509941984496,0.9843135469733723,-0.7351378692164374,0.0006265222261731038,79.4450797976168
61.483486324895146,0.02197253741983555,0.11178232713496265,3.0290509941984496,0.9843135469733723,-0.7351378692164374,0.0006265222261731038,79.4450797976168
61.483486324895146,0.02197253741983555,0.11178232713496265,3.0290509941984496,0.9843135469733723,-0.7351378692164374,0.0006265222261731038,79.4450797976168
61.483486324895146,0.02197253741983555,0.11178232713496265,3.0290509941984496,0.9843135469733723,-0.7351378692164374,0.0006265222261731038,79.4450797976168
63.47123381715991,0.021705032905099845,0.11249422907911558,3.0286407087540907,0.9784543967650051,-0.8142719501386448,0.0006318406842774818,77.83641189865575
65.36178149987973,0.021332526978207395,0.11388977753249045,3.031901742321554,0.9675751447810502,-0.9046740275246816,0.0006428911254592579,80.86086110363065
65.36178149987973,0.021332526978207395,0.11388977753249045,3.031901742321554,0.9675751447810502,-0.9046740275246816,0.0006428911254592579,80.86086110363065
64.42261152182752,0.021457237371628576,0.11367106513691888,3.030977931045954,0.967544624338711,-0.8752284101336492,0.000635490175248451,79.55599506786983
64.30223576707608,0.02204910701305216,0.11500626392888398,3.0348862892843913,0.9708551094561698,-0.863568667242246,0.0006449671699580516,77.81463942619716
64.30223576707608,0.02204910701305216,0.11500626392888398,3.0348862892843913,0.9708551094561698,-0.863568667242246,0.0006449671699580516,77.81463942619716
64.30223576707608,0.02204910701305216,0.11500626392888398,3.0348862892843913,0.9708551094561698,-0.863568667242246,0.0006449671699580516,77.81463942619716
66.70765097865629,0.021710195642286285,0.11703001342003193,3.0375208661429345,0.9584428316468666,-0.976292912421539,0.0006547097986304283,72.62825223676847
67.18928909219265,0.021651190424665567,0.11542998061174631,3.0338258975373456,0.9593254640599259,-0.9760926785322922,0.000649972795518685,72.26268878131764
67.18928909219265,0.021651190424665567,0.11542998061174631,3.0338258975373456,0.9593254640599259,-0.9760926785322922,0.000649972795518685,72.26268878131764
67.18928909219265,0.021651190424665567,0.11542998061174631,3.0338258975373456,0.9593254640599259,-0.9760926785322922,0.000649972795518685,72.26268878131764
68.0836509575258,0.021408545257057116,0.11650478028269297,3.034319993018221,0.955769952376456,-1.0264949253503737,0.0006512118340207476,71.45389035896113
68.0836509575258,0.021408545257057116,0.11650478028269297,3.034319993018221,0.955769952376456,-1.0264949253503737,0.0006512118340207476,71.45389035896113
68.0836509575258,0.021408545257057116,0.11650478028269297,3.034319993018221,0.955769952376456,-1.0264949253503737,0.0006512118340207476,71.45389035896113
68.0836509575258,0.021408545257057116,0.11650478028269297,3.034319993018221,0.955769952376456,-1.0264949253503737,0.0006512118340207476,71.45389035896113
68.08098344563666,0.021387089881082517,0.11698872430725014,3.036283346468836,0.9554354676148614,-1.0303397806771368,0.0006523937840389158,70.40663314512535
68.08098344563666,0.021387089881082517,0.11698872430725014,3.036283346468836,0.9554354676148614,-1.0303397806771368,0.0006523937840389158,70.40663314512535
68.08098344563666,0.021387089881082517,0.11698872430725014,3.036283346468836,0.9554354676148614,-1.0303397806771368,0.0006523937840389158,70.40663314512535
68.08098344563666,0.021387089881082517,0.11698872430725014,3.036283346468836,0.9554354676148614,-1.0303397806771368,0.0006523937840389158,70.40663314512535
68.08098344563666,0.021387089881082517,0.11698872430725014,3.036283346468836,0.9554354676148614,-1.0303397806771368,0.0006523937840389158,70.40663314512535
68.23421539561518,0.021194515623144748,0.11861261180272939,3.039826045879664,0.9534141734601981,-1.062887623614402,0.0006530227556117378,71.24213113620893
68.23421539561518,0.021194515623144748,0.11861261180272939,3.039826045879664,0.9534141734601981,-1.062887623614402,0.0006530227556117378,71.24213113620893
68.23421539561518,0.021194515623144748,0.11861261180272939,3.039826045879664,0.9534141734601981,-1.062887623614402,0.0006530227556117378,71.24213113620893
68.23421539561518,0.021194515623144748,0.11861261180272939,3.039826045879664,0.9534141734601981,-1.062887623614402,0.0006530227556117378,71.24213113620893
68.23421539561518,0.021194515623144748,0.11861261180272939,3.039826045879664,0.9534141734601981,-1.062887623614402,0.0006530227556117378,71.24213113620893
69.49239841663668,0.02144729231493191,0.11989458809298509,3.04261357587119,0.9521877407872732,-1.1102316025756787,0.000651087099365164,72.42719264576277
70.44983133194305,0.021436315329188656,0.12106681153042331,3.0462208690371964,0.9492779582269412,-1.1584130267280028,0.0006593047442808213,73.59019604788725
70.44983133194305,0.021436315329188656,0.12106681153042331,3.0462208690371964,0.9492779582269412,-1.1584130267280028,0.0006593047442808213,73.59019604788725
70.44983133194305,0.021436315329188656,0.12106681153042331,3.0462208690371964,0.9492779582269412,-1.1584130267280028,0.0006593047442808213,73.59019604788725
70.44983133194305,0.021436315329188656,0.12106681153042331,3.0462208690371964,0.9492779582269412,-1.1584130267280028,0.0006593047442808213,73.59019604788725
68.5152183776222,0.021247580751875245,0.1163489340404674,3.033237662290089,0.9598155478984464,-1.0519681091330213,0.0006397548727479992,77.08055567393095
68.5152183776222,0.021247580751875245,0.1163489340404674,3.033237662290089,0.9598155478984464,-1.0519681091330213,0.0006397548727479992,77.08055567393095
68.5152183776222,0.021247580751875245,0.1163489340404674,3.033237662290089,0.9598155478984464,-1.0519681091330213,0.0006397548727479992,77.08055567393095
71.72963299448718,0.021149029048269482,0.11998906616517196,3.039418263240476,0.9476065885531274,-1.197049701970302,0.000654209163277217,77.70650126195231
71.72963299448718,0.021149029048269482,0.11998906616517196,3.039418263240476,0.9476065885531274,-1.197049701970302,0.000654209163277217,77.70650126195231
70.83505041858487,0.02122263223554595,0.11772270103258846,3.033892742778005,0.9559796529255622,-1.1415497591752986,0.0006431015633160568,77.29315474346517
70.39703706629525,0.021305101192636733,0.11685804853447436,3.0317672185714994,0.9602624237262075,-1.1147881503354558,0.0006344148627541606,79.83128504484557
71.65434447727473,0.0210845152745107,0.11546399962528577,3.0289322961177447,0.9572909706679714,-1.1478431131383686,0.0006273969156900241,81.37497767340858
71.65434447727473,0.0210845152745107,0.11546399962528577,3.0289322961177447,0.9572909706679714,-1.1478431131383686,0.0006273969156900241,81.37497767340858
71.65434447727473,0.0210845152745107,0.11546399962528577,3.0289322961177447,0.9572909706679714,-1.1478431131383686,0.0006273969156900241,81.37497767340858
71.65434447727473,0.0210845152745107,0.11546399962528577,3.0289322961177447,0.9572909706679714,-1.1478431131383686,0.0006273969156900241,81.37497767340858
71.65434447727473,0.0210845152745107,0.11546399962528577,3.0289322961177447,0.9572909706679714,-1.1478431131383686,0.0006273969156900241,81.37497767340858
71.65434447727473,0.0210845152745107,0.11546399962528577,3.0289322961177447,0.9572909706679714,-1.1478431131383686,0.0006273969156900241,81.37497767340858
70.13492211513947,0.02117162054597049,0.1141632907677512,3.026940781091066,0.9615917119475142,-1.0768186749228406,0.000626154634118608,81.67925922429501
71.00041860223767,0.021401668181715326,0.11414666405830778,3.0291871688703185,0.9618582735504884,-1.0856550612037927,0.0006233215158998171,74.50848641735207
70.86429523646389,0.02155056845592914,0.1146966014661757,3.0318118544760084,0.965028498912646,-1.0726476369248785,0.0006184498842064181,73.3816485872637
70.86429523646389,0.02155056845592914,0.1146966014661757,3.0318118544760084,0.965028498912646,-1.0726476369248785,0.0006184498842064181,73.3816485872637
70.86429523646389,0.02155056845592914,0.1146966014661757,3.0318118544760084,0.965028498912646,-1.0726476369248785,0.0006184498842064181,73.3816485872637
70.0859195288479,0.021693653906478077,0.11414550434909804,3.029816615810437,0.9690540811676641,-1.039906208261988,0.0006183934269258866,73.95658971594875
70.0859195288479,0.021693653906478077,0.11414550434909804,3.029816615810437,0.9690540811676641,-1.039906208261988,0.0006183934269258866,73.95658971594875
70.0859195288479,0.021693653906478077,0.11414550434909804,3.029816615810437,0.9690540811676641,-1.039906208261988,0.0006183934269258866,73.95658971594875
70.0859195288479,0.021693653906478077,0.11414550434909804,3.029816615810437,0.9690540811676641,-1.039906208261988,0.0006183934269258866,73.95658971594875
70.0859195288479,0.021693653906478077,0.11414550434909804,3.029816615810437,0.9690540811676641,-1.039906208261988,0.0006183934269258866,73.95658971594875
70.0859195288479,0.021693653906478077,0.11414550434909804,3.029816615810437,0.9690540811676641,-1.039906208261988,0.0006183934269258866,73.95658971594875
70.0859195288479,0.021693653906478077,0.11414550434909804,3.029816615810437,0.9690540811676641,-1.039906208261988,0.0006183934269258866,73.95658971594875
71.12056042029225,0.02182973001342032,0.11337758330820269,3.0292895361259293,0.9646002400715109,-1.0604017063161104,0.0006184382105296931,74.83068034614688
70.8017603563626,0.021863493135713705,0.11459302627770371,3.0328873682906288,0.9636972497679379,-1.0623344725870802,0.0006142688495373533,73.44129947952023
70.8017603563626,0.021863493135713705,0.11459302627770371,3.0328873682906288,0.9636972497679379,-1.0623344725870802,0.0006142688495373533,73.44129947952023
70.8017603563626,0.021863493135713705,0.11459302627770371,3.0328873682906288,0.9636972497679379,-1.0623344725870802,0.0006142688495373533,73.44129947952023
70.8017603563626,0.021863493135713705,0.11459302627770371,3.0328873682906288,0.9636972497679379,-1.0623344725870802,0.0006142688495373533,73.44129947952023
70.8017603563626,0.021863493135713705,0.11459302627770371,3.0328873682906288,0.9636972497679379,-1.0623344725870802,0.0006142688495373533,73.44129947952023
70.8017603563626,0.021863493135713705,0.11459302627770371,3.0328873682906288,0.9636972497679379,-1.0623344725870802,0.0006142688495373533,73.44129947952023
70.8017603563626,0.021863493135713705,0.11459302627770371,3.0328873682906288,0.9636972497679379,-1.0623344725870802,0.0006142688495373533,73.44129947952023
70.8017603563626,0.021863493135713705,0.11459302627770371,3.0328873682906288,0.9636972497679379,-1.0623344725870802,0.0006142688495373533,73.44129947952023
70.0545070698294,0.0218852369741887,0.11549451728286034,3.0342780951742068,0.9702755887541464,-1.0514479628784938,0.0006183129194480939,73.45782415730524
70.28630376527038,0.021595376793619208,0.11487100006616177,3.032591092150095,0.9707703918616247,-1.0624648422228875,0.0006175632929168093,73.12893912626576
69.6493548455375,0.021971543805236422,0.11313221103881352,3.0293117283553888,0.97613884277749,-1.01153538173022,0.0006095148288072411,73.80716989603317
68.81836460195326,0.02189835296529555,0.11206823532320671,3.0259927373423614,0.9772739586242624,-0.9792044202160174,0.0006062525236130947,75.79229585595294
68.81836460195326,0.02189835296529555,0.11206823532320671,3.0259927373423614,0.9772739586242624,-0.9792044202160174,0.0006062525236130947,75.79229585595294
68.81836460195326,0.02189835296529555,0.11206823532320671,3.0259927373423614,0.9772739586242624,-0.9792044202160174,0.0006062525236130947,75.79229585595294
67.01484933074504,0.022116222229080627,0.10976780213692858,3.022577014174372,0.9850891219969519,-0.8904723387354541,0.0005960752154694515,77.67686428700354
67.01484933074504,0.022116222229080627,0.10976780213692858,3.022577014174372,0.9850891219969519,-0.8904723387354541,0.0005960752154694515,77.67686428700354
67.01484933074504,0.022116222229080627,0.10976780213692858,3.022577014174372,0.9850891219969519,-0.8904723387354541,0.0005960752154694515,77.67686428700354
67.01484933074504,0.022116222229080627,0.10976780213692858,3.022577014174372,0.9850891219969519,-0.8904723387354541,0.0005960752154694515,77.67686428700354
67.01484933074504,0.022116222229080627,0.10976780213692858,3.022577014174372,0.9850891219969519,-0.8904723387354541,0.0005960752154694515,77.67686428700354
71.28898864556481,0.021615483601538987,0.11267491677249045,3.0273997763502285,0.9653541367032722,-1.0780938757068774,0.0006106272260450986,78.46786860289102
73.3929131416764,0.02153516751701046,0.11372785323029952,3.0292062852357904,0.9609172259435653,-1.1549258534722624,0.0006170919085667433,75.84238663514435
73.586625168511,0.021592138377020335,0.11443994485931856,3.0300523184435777,0.9586195682699117,-1.1733441537933698,0.000616537381291166,76.91627303364197
73.586625168511,0.021592138377020335,0.11443994485931856,3.0300523184435777,0.9586195682699117,-1.1733441537933698,0.000616537381291166,76.91627303364197
74.2063319881334,0.02160606220375895,0.1167409848032293,3.0358095455436613,0.9541437453123992,-1.2180205935511517,0.0006269214600291008,72.46917604963507
74.2063319881334,0.02160606220375895,0.1167409848032293,3.0358095455436613,0.9541437453123992,-1.2180205935511517,0.0006269214600291008,72.46917604963507
72.10064075437873,0.021757366938901762,0.11367570016136908,3.030176870754224,0.9652469885053943,-1.108572941051666,0.000610081577463308,74.2764536428882
72.10064075437873,0.021757366938901762,0.11367570016136908,3.030176870754224,0.9652469885053943,-1.108572941051666,0.000610081577463308,74.2764536428882
72.10064075437873,0.021757366938901762,0.11367570016136908,3.030176870754224,0.9652469885053943,-1.108572941051666,0.000610081577463308,74.2764536428882
72.10064075437873,0.021757366938901762,0.11367570016136908,3.030176870754224,0.9652469885053943,-1.108572941051666,0.000610081577463308,74.2764536428882
72.10064075437873,0.021757366938901762,0.11367570016136908,3.030176870754224,0.9652469885053943,-1.108572941051666,0.000610081577463308,74.2764536428882
72.10064075437873,0.021757366938901762,0.11367570016136908,3.030176870754224,0.9652469885053943,-1.108572941051666,0.000610081577463308,74.2764536428882
72.10064075437873,0.021757366938901762,0.11367570016136908,3.030176870754224,0.9652469885053943,-1.108572941051666,0.000610081577463308,74.2764536428882
73.65978918052879,0.021751270225514603,0.11539229292268356,3.0350957923138933,0.9608671655786711,-1.1757922052217211,0.0006083538243788746,71.01324368956402
73.65978918052879,0.021751270225514603,0.11539229292268356,3.0350957923138933,0.9608671655786711,-1.1757922052217211,0.0006083538243788746,71.01324368956402
73.65978918052879,0.021751270225514603,0.11539229292268356,3.0350957923138933,0.9608671655786711,-1.1757922052217211,0.0006083538243788746,71.01324368956402
73.65978918052879,0.021751270225514603,0.11539229292268356,3.0350957923138933,0.9608671655786711,-1.1757922052217211,0.0006083538243788746,71.01324368956402
73.65978918052879,0.021751270225514603,0.11539229292268356,3.0350957923138933,0.9608671655786711,-1.1757922052217211,0.0006083538243788746,71.01324368956402
73.65978918052879,0.021751270225514603,0.11539229292268356,3.0350957923138933,0.9608671655786711,-1.1757922052217211,0.0006083538243788746,71.01324368956402
73.75174150276587,0.021573383411557037,0.11557865289674692,3.035440688466494,0.9590428273721398,-1.1836208866897964,0.0006117077415983232,70.0342009191308
73.75174150276587,0.021573383411557037,0.11557865289674692,3.035440688466494,0.9590428273721398,-1.1836208866897964,0.0006117077415983232,70.0342009191308
73.75174150276587,0.021573383411557037,0.11557865289674692,3.035440688466494,0.9590428273721398,-1.1836208866897964,0.0006117077415983232,70.0342009191308
73.75174150276587,0.021573383411557037,0.11557865289674692,3.035440688466494,0.9590428273721398,-1.1836208866897964,0.0006117077415983232,70.0342009191308
73.75174150276587,0.021573383411557037,0.11557865289674692,3.035440688466494,0.9590428273721398,-1.1836208866897964,0.0006117077415983232,70.0342009191308
73.75174150276587,0.021573383411557037,0.11557865289674692,3.035440688466494,0.9590428273721398,-1.1836208866897964,0.0006117077415983232,70.0342009191308
73.75174150276587,0.021573383411557037,0.11557865289674692,3.035440688466494,0.9590428273721398,-1.1836208866897964,0.0006117077415983232,70.0342009191308
73.75174150276587,0.021573383411557037,0.11557865289674692,3.035440688466494,0.9590428273721398,-1.1836208866897964,0.0006117077415983232,70.0342009191308
73.75174150276587,0.021573383411557037,0.11557865289674692,3.035440688466494,0.9590428273721398,-1.1836208866897964,0.0006117077415983232,70.0342009191308
73.75174150276587,0.021573383411557037,0.11557865289674692,3.035440688466494,0.9590428273721398,-1.1836208866897964,0.0006117077415983232,70.0342009191308
73.75174150276587,0.021573383411557037,0.11557865289674692,3.035440688466494,0.9590428273721398,-1.1836208866897964,0.0006117077415983232,70.0342009191308
73.75174150276587,0.021573383411557037,0.11557865289674692,3.035440688466494,0.9590428273721398,-1.1836208866897964,0.0006117077415983232,70.0342009191308
75.15912855187369,0.021153327541614243,0.11609971928386423,3.035052431288436,0.9530990569761651,-1.2516833978534863,0.0006152165475531453,74.17103265562214
75.05445365054321,0.021368390688335428,0.11706224000498232,3.038008697933963,0.9551428607984677,-1.2464385033182728,0.0006183827528296674,70.52273820067008
75.05445365054321,0.021368390688335428,0.11706224000498232,3.038008697933963,0.9551428607984677,-1.2464385033182728,0.0006183827528296674,70.52273820067008
74.06014744094702,0.021662566263936586,0.11531780989920454,3.034022903109964,0.9644142239272815,-1.180597300083863,0.0006092086194815681,70.43329669525183
74.06014744094702,0.021662566263936586,0.11531780989920454,3.034022903109964,0.9644142239272815,-1.180597300083863,0.0006092086194815681,70.43329669525183
74.06014744094702,0.021662566263936586,0.11531780989920454,3.034022903109964,0.9644142239272815,-1.180597300083863,0.0006092086194815681,70.43329669525183
75.8116581702057,0.021273752412007983,0.11668842625663275,3.034652028927614,0.9574106544726764,-1.2638311759426448,0.0006177880196227534,76.39827483459686
73.68585438273692,0.021640371795570514,0.11773084165498202,3.037634064708121,0.9626128024275188,-1.1963038828785633,0.0006220801380946579,78.8771105840138
73.68585438273692,0.021640371795570514,0.11773084165498202,3.037634064708121,0.9626128024275188,-1.1963038828785633,0.0006220801380946579,78.8771105840138
73.68585438273692,0.021640371795570514,0.11773084165498202,3.037634064708121,0.9626128024275188,-1.1963038828785633,0.0006220801380946579,78.8771105840138
71.39647754870502,0.021858674270098705,0.11597723232891562,3.034267269916246,0.9700959184333818,-1.1021962689345297,0.0006126640395473325,76.24093292673892
72.51311411107841,0.02172987284669697,0.1148829019412902,3.030168675384049,0.9695580513069787,-1.1304105401600268,0.000609447567432868,76.9087144175728
72.51311411107841,0.02172987284669697,0.1148829019412902,3.030168675384049,0.9695580513069787,-1.1304105401600268,0.000609447567432868,76.9087144175728
70.40310052480866,0.022060186006776537,0.11356867388424582,3.0297679929821815,0.977657019456757,-1.0323581390017342,0.0006084747491218788,76.47985040012797
70.40310052480866,0.022060186006776537,0.11356867388424582,3.0297679929821815,0.977657019456757,-1.0323581390017342,0.0006084747491218788,76.47985040012797
70.40310052480866,0.022060186006776537,0.11356867388424582,3.0297679929821815,0.977657019456757,-1.0323581390017342,0.0006084747491218788,76.47985040012797
70.40310052480866,0.022060186006776537,0.11356867388424582,3.0297679929821815,0.977657019456757,-1.0323581390017342,0.0006084747491218788,76.47985040012797
70.40310052480866,0.022060186006776537,0.11356867388424582,3.0297679929821815,0.977657019456757,-1.0323581390017342,0.0006084747491218788,76.47985040012797
66.28248638118029,0.022165773934812304,0.11138775495192281,3.0289308497789844,0.9828808728391607,-0.8690825341298695,0.0006082437507402017,77.83767444284571
66.28248638118029,0.022165773934812304,0.11138775495192281,3.0289308497789844,0.9828808728391607,-0.8690825341298695,0.0006082437507402017,77.83767444284571
66.28248638118029,0.022165773934812304,0.11138775495192281,3.0289308497789844,0.9828808728391607,-0.8690825341298695,0.0006082437507402017,77.83767444284571
66.28248638118029,0.022165773934812304,0.11138775495192281,3.0289308497789844,0.9828808728391607,-0.8690825341298695,0.0006082437507402017,77.83767444284571
66.28248638118029,0.022165773934812304,0.11138775495192281,3.0289308497789844,0.9828808728391607,-0.8690825341298695,0.0006082437507402017,77.83767444284571
66.28248638118029,0.022165773934812304,0.11138775495192281,3.0289308497789844,0.9828808728391607,-0.8690825341298695,0.0006082437507402017,77.83767444284571
66.28248638118029,0.022165773934812304,0.11138775495192281,3.0289308497789844,0.9828808728391607,-0.8690825341298695,0.0006082437507402017,77.83767444284571
66.28248638118029,0.022165773934812304,0.11138775495192281,3.0289308497789844,0.9828808728391607,-0.8690825341298695,0.0006082437507402017,77.83767444284571
66.28248638118029,0.022165773934812304,0.11138775495192281,3.0289308497789844,0.9828808728391607,-0.8690825341298695,0.0006082437507402017,77.83767444284571
66.28248638118029,0.022165773934812304,0.11138775495192281,3.0289308497789844,0.9828808728391607,-0.8690825341298695,0.0006082437507402017,77.83767444284571
66.28248638118029,0.022165773934812304,0.11138775495192281,3.0289308497789844,0.9828808728391607,-0.8690825341298695,0.0006082437507402017,77.83767444284571
66.28248638118029,0.022165773934812304,0.11138775495192281,3.0289308497789844,0.9828808728391607,-0.8690825341298695,0.0006082437507402017,77.83767444284571
66.28248638118029,0.022165773934812304,0.11138775495192281,3.0289308497789844,0.9828808728391607,-0.8690825341298695,0.0006082437507402017,77.83767444284571
66.28248638118029,0.022165773934812304,0.11138775495192281,3.0289308497789844,0.9828808728391607,-0.8690825341298695,0.0006082437507402017,77.83767444284571
65.42516326599502,0.02211106481921057,0.11082258664835838,3.0279645845993657,0.984730877724929,-0.8460649307227444,0.0006019263716713786,76.41566230918787
65.42516326599502,0.02211106481921057,0.11082258664835838,3.0279645845993657,0.984730877724929,-0.8460649307227444,0.0006019263716713786,76.41566230918787
65.42516326599502,0.02211106481921057,0.11082258664835838,3.0279645845993657,0.984730877724929,-0.8460649307227444,0.0006019263716713786,76.41566230918787
64.10345016927609,0.021950927884596773,0.11208671761311272,3.0299365531717553,0.976209448610151,-0.8298848828762982,0.0006193647310909808,75.57910103476073
61.12337489662369,0.02236895217067807,0.11163139198653986,3.0325181334052687,0.9828303884052273,-0.7080771164758817,0.0006184514262838791,81.16090047550303
61.12337489662369,0.02236895217067807,0.11163139198653986,3.0325181334052687,0.9828303884052273,-0.7080771164758817,0.0006184514262838791,81.16090047550303
61.035573568383256,0.022327257997643707,0.1111121319682146,3.0318454041168956,0.9839315677261711,-0.7027780175577096,0.0006138457769662932,82.00569495973515
61.035573568383256,0.022327257997643707,0.1111121319682146,3.0318454041168956,0.9839315677261711,-0.7027780175577096,0.0006138457769662932,82.00569495973515
60.780051987135664,0.022337058813332727,0.11024862329633986,3.0271036044378583,0.9868105362883839,-0.6898042895517367,0.0006162788229647327,79.01453956376801
60.780051987135664,0.022337058813332727,0.11024862329633986,3.0271036044378583,0.9868105362883839,-0.6898042895517367,0.0006162788229647327,79.01453956376801
60.780051987135664,0.022337058813332727,0.11024862329633986,3.0271036044378583,0.9868105362883839,-0.6898042895517367,0.0006162788229647327,79.01453956376801
63.186720533506985,0.022300261949837998,0.11163258156785524,3.0291287649547614,0.9791509955469139,-0.7912791528826659,0.0006119285931051485,78.21226197394674
64.78374924863652,0.022035233189232003,0.11225921974479744,3.029436463583134,0.9741800371811995,-0.8581782238476464,0.0006086467218844095,77.28923915207996
64.78374924863652,0.022035233189232003,0.11225921974479744,3.029436463583134,0.9741800371811995,-0.8581782238476464,0.0006086467218844095,77.28923915207996
64.90924745573395,0.02216837612327946,0.11078268842771018,3.025362536252651,0.9794841723765231,-0.8360470414855489,0.0006041800297914776,75.54021409022737
63.54693058363807,0.022300612798438636,0.11152216731290708,3.02753476844102,0.9815113063941806,-0.7941939645746607,0.0006098921594650483,75.67777698266532
63.54693058363807,0.022300612798438636,0.11152216731290708,3.02753476844102,0.9815113063941806,-0.7941939645746607,0.0006098921594650483,75.67777698266532
65.33930299719515,0.02214831032548109,0.1111775026223698,3.0230651582909953,0.9796060316490105,-0.8527817315191091,0.0006083911337219585,79.91482722276322
62.3845669773208,0.02224415841791514,0.11222533524810172,3.0282562052403486,0.9766206395682914,-0.7541192824741447,0.0006323850975868232,81.36527984929803
62.3845669773208,0.02224415841791514,0.11222533524810172,3.0282562052403486,0.9766206395682914,-0.7541192824741447,0.0006323850975868232,81.36527984929803
62.3845669773208,0.02224415841791514,0.11222533524810172,3.0282562052403486,0.9766206395682914,-0.7541192824741447,0.0006323850975868232,81.36527984929803
63.57711847536287,0.022115582308249084,0.11298362508572699,3.0277915196181056,0.9722244233188644,-0.8161682475919912,0.0006326742416079427,75.97934140329926
65.41801999161967,0.022192623945298272,0.11247639630597488,3.0285895301639547,0.9678234229085201,-0.8685948660086387,0.0006232630877082718,79.05961350226208
64.79605644291118,0.02222926378523096,0.11325608671848797,3.032079605958508,0.9656170132309512,-0.855072099607112,0.0006351564787421324,79.65457342616683
64.79605644291118,0.02222926378523096,0.11325608671848797,3.032079605958508,0.9656170132309512,-0.855072099607112,0.0006351564787421324,79.65457342616683
64.79605644291118,0.02222926378523096,0.11325608671848797,3.032079605958508,0.9656170132309512,-0.855072099607112,0.0006351564787421324,79.65457342616683
68.85291653683323,0.021963744272207097,0.11517176078063814,3.035297871704146,0.9562555039105872,-1.0073209936377483,0.0006332529080663401,79.33286176316481
68.85291653683323,0.021963744272207097,0.11517176078063814,3.035297871704146,0.9562555039105872,-1.0073209936377483,0.0006332529080663401,79.33286176316481
68.85291653683323,0.021963744272207097,0.11517176078063814,3.035297871704146,0.9562555039105872,-1.0073209936377483,0.0006332529080663401,79.33286176316481
68.85291653683323,0.021963744272207097,0.11517176078063814,3.035297871704146,0.9562555039105872,-1.0073209936377483,0.0006332529080663401,79.33286176316481
70.0892658672939,0.021841948354196783,0.11443810294049635,3.0338491395339,0.9575017361619517,-1.0486794480315897,0.0006175304655347583,77.54979198379043
69.1872425627777,0.022150959714820957,0.11339883651869805,3.0311715515346638,0.9679214843531473,-0.9967108957989312,0.0006082205484880073,76.37989578276793
66.74837511573676,0.022290781911128186,0.1115880719648869,3.0277848605182234,0.9752794964710259,-0.8921243420873727,0.0006086433127246668,77.28647421379608
66.61985242442253,0.022150406847077805,0.10977991188183568,3.0232402750781673,0.9815756812662018,-0.879647535651081,0.0005944024218279844,77.64170076262144
66.61985242442253,0.022150406847077805,0.10977991188183568,3.0232402750781673,0.9815756812662018,-0.879647535651081,0.0005944024218279844,77.64170076262144
66.61985242442253,0.022150406847077805,0.10977991188183568,3.0232402750781673,0.9815756812662018,-0.879647535651081,0.0005944024218279844,77.64170076262144
66.61985242442253,0.022150406847077805,0.10977991188183568,3.0232402750781673,0.9815756812662018,-0.879647535651081,0.0005944024218279844,77.64170076262144
66.61985242442253,0.022150406847077805,0.10977991188183568,3.0232402750781673,0.9815756812662018,-0.879647535651081,0.0005944024218279844,77.64170076262144
66.61985242442253,0.022150406847077805,0.10977991188183568,3.0232402750781673,0.9815756812662018,-0.879647535651081,0.0005944024218279844,77.64170076262144
66.61985242442253,0.022150406847077805,0.10977991188183568,3.0232402750781673,0.9815756812662018,-0.879647535651081,0.0005944024218279844,77.64170076262144
63.904663767250604,0.02222771897937551,0.1107007204763486,3.0245526899981865,0.9770554165510626,-0.8020114360591696,0.0006154874583190718,77.25371212537473
63.57422995282164,0.022083917600142427,0.10970444606958035,3.0225508446659006,0.9763464495751843,-0.7891269839560023,0.0006121841641072042,79.70193511541507
64.59735493199773,0.022187516054141095,0.11400215046043125,3.0317345747418987,0.9656414045118682,-0.8639959317803567,0.0006376187931621207,80.32189958969327
64.59735493199773,0.022187516054141095,0.11400215046043125,3.0317345747418987,0.9656414045118682,-0.8639959317803567,0.0006376187931621207,80.32189958969327
64.59735493199773,0.022187516054141095,0.11400215046043125,3.0317345747418987,0.9656414045118682,-0.8639959317803567,0.0006376187931621207,80.32189958969327
64.59735493199773,0.022187516054141095,0.11400215046043125,3.0317345747418987,0.9656414045118682,-0.8639959317803567,0.0006376187931621207,80.32189958969327
64.59735493199773,0.022187516054141095,0.11400215046043125,3.0317345747418987,0.9656414045118682,-0.8639959317803567,0.0006376187931621207,80.32189958969327
64.59735493199773,0.022187516054141095,0.11400215046043125,3.0317345747418987,0.9656414045118682,-0.8639959317803567,0.0006376187931621207,80.32189958969327
64.59735493199773,0.022187516054141095,0.11400215046043125,3.0317345747418987,0.9656414045118682,-0.8639959317803567,0.0006376187931621207,80.32189958969327
64.59735493199773,0.022187516054141095,0.11400215046043125,3.0317345747418987,0.9656414045118682,-0.8639959317803567,0.0006376187931621207,80.32189958969327
64.59735493199773,0.022187516054141095,0.11400215046043125,3.0317345747418987,0.9656414045118682,-0.8639959317803567,0.0006376187931621207,80.32189958969327
64.59735493199773,0.022187516054141095,0.11400215046043125,3.0317345747418987,0.9656414045118682,-0.8639959317803567,0.0006376187931621207,80.32189958969327
64.59735493199773,0.022187516054141095,0.11400215046043125,3.0317345747418987,0.9656414045118682,-0.8639959317803567,0.0006376187931621207,80.32189958969327
64.59735493199773,0.022187516054141095,0.11400215046043125,3.0317345747418987,0.9656414045118682,-0.8639959317803567,0.0006376187931621207,80.32189958969327
69.26074775469283,0.0220364655417457,0.11735827057460117,3.040369923042772,0.956435624876862,-1.0471986739492403,0.0006328116718559442,77.82957907448034
69.26074775469283,0.0220364655417457,0.11735827057460117,3.040369923042772,0.956435624876862,-1.0471986739492403,0.0006328116718559442,77.82957907448034
69.26074775469283,0.0220364655417457,0.11735827057460117,3.040369923042772,0.956435624876862,-1.0471986739492403,0.0006328116718559442,77.82957907448034
69.26074775469283,0.0220364655417457,0.11735827057460117,3.040369923042772,0.956435624876862,-1.0471986739492403,0.0006328116718559442,77.82957907448034
68.19975097214366,0.022009797389883366,0.11653917232589107,3.0399215406217133,0.9596159523263323,-1.0078787678790708,0.000633140851675038,75.74136966069193
69.34167717382958,0.02178522883458682,0.11929420465537391,3.0458872125082506,0.9472918041048842,-1.0899767756060659,0.0006459545163910196,78.20349099848454
69.34167717382958,0.02178522883458682,0.11929420465537391,3.0458872125082506,0.9472918041048842,-1.0899767756060659,0.0006459545163910196,78.20349099848454
69.34167717382958,0.02178522883458682,0.11929420465537391,3.0458872125082506,0.9472918041048842,-1.0899767756060659,0.0006459545163910196,78.20349099848454
69.34167717382958,0.02178522883458682,0.11929420465537391,3.0458872125082506,0.9472918041048842,-1.0899767756060659,0.0006459545163910196,78.20349099848454
69.34167717382958,0.02178522883458682,0.11929420465537391,3.0458872125082506,0.9472918041048842,-1.0899767756060659,0.0006459545163910196,78.20349099848454
70.23186177362065,0.02176813785724994,0.11849983884325123,3.043283077494448,0.9548351605648138,-1.1107442394523819,0.0006210838655496921,71.7520005589057
68.95573297392446,0.02171250629838329,0.11731423364044509,3.0389483488370708,0.9578990884697445,-1.060349691269889,0.0006172856009704914,71.53848908225109
68.95573297392446,0.02171250629838329,0.11731423364044509,3.0389483488370708,0.9578990884697445,-1.060349691269889,0.0006172856009704914,71.53848908225109
68.95573297392446,0.02171250629838329,0.11731423364044509,3.0389483488370708,0.9578990884697445,-1.060349691269889,0.0006172856009704914,71.53848908225109
68.95573297392446,0.02171250629838329,0.11731423364044509,3.0389483488370708,0.9578990884697445,-1.060349691269889,0.0006172856009704914,71.53848908225109
68.95573297392446,0.02171250629838329,0.11731423364044509,3.0389483488370708,0.9578990884697445,-1.060349691269889,0.0006172856009704914,71.53848908225109
68.95573297392446,0.02171250629838329,0.11731423364044509,3.0389483488370708,0.9578990884697445,-1.060349691269889,0.0006172856009704914,71.53848908225109
68.95573297392446,0.02171250629838329,0.11731423364044509,3.0389483488370708,0.9578990884697445,-1.060349691269889,0.0006172856009704914,71.53848908225109
68.95573297392446,0.02171250629838329,0.11731423364044509,3.0389483488370708,0.9578990884697445,-1.060349691269889,0.0006172856009704914,71.53848908225109
71.19262860747128,0.021589499681509333,0.119173069751868,3.041596736719768,0.9515146549275889,-1.1622008358446414,0.0006158877820071101,72.53154818670635
71.19262860747128,0.021589499681509333,0.119173069751868,3.041596736719768,0.9515146549275889,-1.1622008358446414,0.0006158877820071101,72.53154818670635
73.07402469344233,0.021254740212902672,0.12162546997840874,3.047884603709655,0.9435212916727447,-1.2642804978005122,0.0006186574087593715,73.02725321655744
73.07402469344233,0.021254740212902672,0.12162546997840874,3.047884603709655,0.9435212916727447,-1.2642804978005122,0.0006186574087593715,73.02725321655744
73.07402469344233,0.021254740212902672,0.12162546997840874,3.047884603709655,0.9435212916727447,-1.2642804978005122,0.0006186574087593715,73.02725321655744
73.07402469344233,0.021254740212902672,0.12162546997840874,3.047884603709655,0.9435212916727447,-1.2642804978005122,0.0006186574087593715,73.02725321655744
73.07402469344233,0.021254740212902672,0.12162546997840874,3.047884603709655,0.9435212916727447,-1.2642804978005122,0.0006186574087593715,73.02725321655744
73.07402469344233,0.021254740212902672,0.12162546997840874,3.047884603709655,0.9435212916727447,-1.2642804978005122,0.0006186574087593715,73.02725321655744
73.07402469344233,0.021254740212902672,0.12162546997840874,3.047884603709655,0.9435212916727447,-1.2642804978005122,0.0006186574087593715,73.02725321655744
68.43958900931321,0.02130813139121924,0.11992211659683424,3.042100992409625,0.9471789377972015,-1.1055611198644633,0.0006236574341400027,74.29222691940166
68.43958900931321,0.02130813139121924,0.11992211659683424,3.042100992409625,0.9471789377972015,-1.1055611198644633,0.0006236574341400027,74.29222691940166
68.43958900931321,0.02130813139121924,0.11992211659683424,3.042100992409625,0.9471789377972015,-1.1055611198644633,0.0006236574341400027,74.29222691940166
68.43958900931321,0.02130813139121924,0.11992211659683424,3.042100992409625,0.9471789377972015,-1.1055611198644633,0.0006236574341400027,74.29222691940166
68.43958900931321,0.02130813139121924,0.11992211659683424,3.042100992409625,0.9471789377972015,-1.1055611198644633,0.0006236574341400027,74.29222691940166
68.54189282794648,0.021282135513305697,0.12028915012847534,3.044533497405159,0.9446646812046866,-1.0995924899678866,0.0006293628093983585,69.28761457840939
68.54189282794648,0.021282135513305697,0.12028915012847534,3.044533497405159,0.9446646812046866,-1.0995924899678866,0.0006293628093983585,69.28761457840939
68.54189282794648,0.021282135513305697,0.12028915012847534,3.044533497405159,0.9446646812046866,-1.0995924899678866,0.0006293628093983585,69.28761457840939
68.54189282794648,0.021282135513305697,0.12028915012847534,3.044533497405159,0.9446646812046866,-1.0995924899678866,0.0006293628093983585,69.28761457840939
68.54189282794648,0.021282135513305697,0.12028915012847534,3.044533497405159,0.9446646812046866,-1.0995924899678866,0.0006293628093983585,69.28761457840939
68.54189282794648,0.021282135513305697,0.12028915012847534,3.044533497405159,0.9446646812046866,-1.0995924899678866,0.0006293628093983585,69.28761457840939
68.54189282794648,0.021282135513305697,0.12028915012847534,3.044533497405159,0.9446646812046866,-1.0995924899678866,0.0006293628093983585,69.28761457840939
68.54189282794648,0.021282135513305697,0.12028915012847534,3.044533497405159,0.9446646812046866,-1.0995924899678866,0.0006293628093983585,69.28761457840939
68.54189282794648,0.021282135513305697,0.12028915012847534,3.044533497405159,0.9446646812046866,-1.0995924899678866,0.0006293628093983585,69.28761457840939
68.54189282794648,0.021282135513305697,0.12028915012847534,3.044533497405159,0.9446646812046866,-1.0995924899678866,0.0006293628093983585,69.28761457840939
68.54189282794648,0.021282135513305697,0.12028915012847534,3.044533497405159,0.9446646812046866,-1.0995924899678866,0.0006293628093983585,69.28761457840939
68.54189282794648,0.021282135513305697,0.12028915012847534,3.044533497405159,0.9446646812046866,-1.0995924899678866,0.0006293628093983585,69.28761457840939
70.66468767697519,0.021104533562444894,0.11996099134651626,3.043161526777661,0.9451925419547609,-1.1683569857487126,0.0006205060891771669,70.29038196993346
71.01548078350932,0.021589842265484275,0.11863919393089692,3.043744830146872,0.955277511000807,-1.1455842431656922,0.0005987842702139506,67.97133287454426
71.01548078350932,0.021589842265484275,0.11863919393089692,3.043744830146872,0.955277511000807,-1.1455842431656922,0.0005987842702139506,67.97133287454426
71.01548078350932,0.021589842265484275,0.11863919393089692,3.043744830146872,0.955277511000807,-1.1455842431656922,0.0005987842702139506,67.97133287454426
73.10181218468817,0.021580355289794653,0.11934322352727707,3.043075978328143,0.9567308948791801,-1.228156836215292,0.0005852360904009816,71.16559045682129
73.10181218468817,0.021580355289794653,0.11934322352727707,3.043075978328143,0.9567308948791801,-1.228156836215292,0.0005852360904009816,71.16559045682129
74.7645472455657,0.021176983281625778,0.11970376677870377,3.043014105661571,0.9492215496270803,-1.3020540197843908,0.0005863791519312071,70.5088451516123
74.7645472455657,0.021176983281625778,0.11970376677870377,3.043014105661571,0.9492215496270803,-1.3020540197843908,0.0005863791519312071,70.5088451516123
74.7645472455657,0.021176983281625778,0.11970376677870377,3.043014105661571,0.9492215496270803,-1.3020540197843908,0.0005863791519312071,70.5088451516123
74.7645472455657,0.021176983281625778,0.11970376677870377,3.043014105661571,0.9492215496270803,-1.3020540197843908,0.0005863791519312071,70.5088451516123
74.7645472455657,0.021176983281625778,0.11970376677870377,3.043014105661571,0.9492215496270803,-1.3020540197843908,0.0005863791519312071,70.5088451516123
74.7645472455657,0.021176983281625778,0.11970376677870377,3.043014105661571,0.9492215496270803,-1.3020540197843908,0.0005863791519312071,70.5088451516123
74.7645472455657,0.021176983281625778,0.11970376677870377,3.043014105661571,0.9492215496270803,-1.3020540197843908,0.0005863791519312071,70.5088451516123
74.7645472455657,0.021176983281625778,0.11970376677870377,3.043014105661571,0.9492215496270803,-1.3020540197843908,0.0005863791519312071,70.5088451516123
74.7645472455657,0.021176983281625778,0.11970376677870377,3.043014105661571,0.9492215496270803,-1.3020540197843908,0.0005863791519312071,70.5088451516123
74.7645472455657,0.021176983281625778,0.11970376677870377,3.043014105661571,0.9492215496270803,-1.3020540197843908,0.0005863791519312071,70.5088451516123
72.60512426206998,0.021187571348097543,0.1187718089904813,3.0429841921295426,0.9464418950667235,-1.2171361771253353,0.0005978721508544808,70.06346872203038
72.60512426206998,0.021187571348097543,0.1187718089904813,3.0429841921295426,0.9464418950667235,-1.2171361771253353,0.0005978721508544808,70.06346872203038
72.60512426206998,0.021187571348097543,0.1187718089904813,3.0429841921295426,0.9464418950667235,-1.2171361771253353,0.0005978721508544808,70.06346872203038
72.60512426206998,0.021187571348097543,0.1187718089904813,3.0429841921295426,0.9464418950667235,-1.2171361771253353,0.0005978721508544808,70.06346872203038
72.60512426206998,0.021187571348097543,0.1187718089904813,3.0429841921295426,0.9464418950667235,-1.2171361771253353,0.0005978721508544808,70.06346872203038
67.56882930024541,0.021794181064265408,0.11619571081002915,3.0408254670283763,0.9603506108272881,-0.9928580532202944,0.0006016326079817467,72.4857833658895
67.56882930024541,0.021794181064265408,0.11619571081002915,3.0408254670283763,0.9603506108272881,-0.9928580532202944,0.0006016326079817467,72.4857833658895
69.00671610213261,0.021603409095034512,0.11756850981639932,3.041464029224557,0.9576135989259477,-1.069176674667991,0.0006038860009310694,69.69595442686803
69.00671610213261,0.021603409095034512,0.11756850981639932,3.041464029224557,0.9576135989259477,-1.069176674667991,0.0006038860009310694,69.69595442686803
69.00671610213261,0.021603409095034512,0.11756850981639932,3.041464029224557,0.9576135989259477,-1.069176674667991,0.0006038860009310694,69.69595442686803
69.00671610213261,0.021603409095034512,0.11756850981639932,3.041464029224557,0.9576135989259477,-1.069176674667991,0.0006038860009310694,69.69595442686803
69.00671610213261,0.021603409095034512,0.11756850981639932,3.041464029224557,0.9576135989259477,-1.069176674667991,0.0006038860009310694,69.69595442686803
69.00671610213261,0.021603409095034512,0.11756850981639932,3.041464029224557,0.9576135989259477,-1.069176674667991,0.0006038860009310694,69.69595442686803
69.00671610213261,0.021603409095034512,0.11756850981639932,3.041464029224557,0.9576135989259477,-1.069176674667991,0.0006038860009310694,69.69595442686803
69.00671610213261,0.021603409095034512,0.11756850981639932,3.041464029224557,0.9576135989259477,-1.069176674667991,0.0006038860009310694,69.69595442686803
69.00671610213261,0.021603409095034512,0.11756850981639932,3.041464029224557,0.9576135989259477,-1.069176674667991,0.0006038860009310694,69.69595442686803
69.00671610213261,0.021603409095034512,0.11756850981639932,3.041464029224557,0.9576135989259477,-1.069176674667991,0.0006038860009310694,69.69595442686803
69.00671610213261,0.021603409095034512,0.11756850981639932,3.041464029224557,0.9576135989259477,-1.069176674667991,0.0006038860009310694,69.69595442686803
69.00671610213261,0.021603409095034512,0.11756850981639932,3.041464029224557,0.9576135989259477,-1.069176674667991,0.0006038860009310694,69.69595442686803
69.00671610213261,0.021603409095034512,0.11756850981639932,3.041464029224557,0.9576135989259477,-1.069176674667991,0.0006038860009310694,69.69595442686803
69.00671610213261,0.021603409095034512,0.11756850981639932,3.041464029224557,0.9576135989259477,-1.069176674667991,0.0006038860009310694,69.69595442686803
69.00671610213261,0.021603409095034512,0.11756850981639932,3.041464029224557,0.9576135989259477,-1.069176674667991,0.0006038860009310694,69.69595442686803
69.00671610213261,0.021603409095034512,0.11756850981639932,3.041464029224557,0.9576135989259477,-1.069176674667991,0.0006038860009310694,69.69595442686803
69.64352607094519,0.021433392240917386,0.1186636668919849,3.041971408019825,0.9529026449702359,-1.10671793637033,0.0006187370270273123,68.06167879979324
69.64352607094519,0.021433392240917386,0.1186636668919849,3.041971408019825,0.9529026449702359,-1.10671793637033,0.0006187370270273123,68.06167879979324
69.64352607094519,0.021433392240917386,0.1186636668919849,3.041971408019825,0.9529026449702359,-1.10671793637033,0.0006187370270273123,68.06167879979324
69.64352607094519,0.021433392240917386,0.1186636668919849,3.041971408019825,0.9529026449702359,-1.10671793637033,0.0006187370270273123,68.06167879979324
69.64352607094519,0.021433392240917386,0.1186636668919849,3.041971408019825,0.9529026449702359,-1.10671793637033,0.0006187370270273123,68.06167879979324
69.64352607094519,0.021433392240917386,0.1186636668919849,3.041971408019825,0.9529026449702359,-1.10671793637033,0.0006187370270273123,68.06167879979324
69.64352607094519,0.021433392240917386,0.1186636668919849,3.041971408019825,0.9529026449702359,-1.10671793637033,0.0006187370270273123,68.06167879979324
69.64352607094519,0.021433392240917386,0.1186636668919849,3.041971408019825,0.9529026449702359,-1.10671793637033,0.0006187370270273123,68.06167879979324
69.64352607094519,0.021433392240917386,0.1186636668919849,3.041971408019825,0.9529026449702359,-1.10671793637033,0.0006187370270273123,68.06167879979324
69.64352607094519,0.021433392240917386,0.1186636668919849,3.041971408019825,0.9529026449702359,-1.10671793637033,0.0006187370270273123,68.06167879979324
69.64352607094519,0.021433392240917386,0.1186636668919849,3.041971408019825,0.9529026449702359,-1.10671793637033,0.0006187370270273123,68.06167879979324
69.64352607094519,0.021433392240917386,0.1186636668919849,3.041971408019825,0.9529026449702359,-1.10671793637033,0.0006187370270273123,68.06167879979324
69.64352607094519,0.021433392240917386,0.1186636668919849,3.041971408019825,0.9529026449702359,-1.10671793637033,0.0006187370270273123,68.06167879979324
69.64352607094519,0.021433392240917386,0.1186636668919849,3.041971408019825,0.9529026449702359,-1.10671793637033,0.0006187370270273123,68.06167879979324
69.64352607094519,0.021433392240917386,0.1186636668919849,3.041971408019825,0.9529026449702359,-1.10671793637033,0.0006187370270273123,68.06167879979324
69.64352607094519,0.021433392240917386,0.1186636668919849,3.041971408019825,0.9529026449702359,-1.10671793637033,0.0006187370270273123,68.06167879979324
69.64352607094519,0.021433392240917386,0.1186636668919849,3.041971408019825,0.9529026449702359,-1.10671793637033,0.0006187370270273123,68.06167879979324
70.02721617390434,0.021286339846519686,0.11927960736685622,3.0443567584040907,0.9463777366995433,-1.1308553664067562,0.0006269682280646605,69.25052944627737
71.93456961426064,0.020997913196755372,0.11751882483221918,3.0386610628576776,0.9486698375013517,-1.181300611745484,0.0006132106586288609,73.69365426414792
72.81179958136332,0.021175130621033298,0.11767102468370763,3.042829927790697,0.950827363211442,-1.190966658546138,0.0006087709257763462,74.80104787394714
72.81179958136332,0.021175130621033298,0.11767102468370763,3.042829927790697,0.950827363211442,-1.190966658546138,0.0006087709257763462,74.80104787394714
72.81179958136332,0.021175130621033298,0.11767102468370763,3.042829927790697,0.950827363211442,-1.190966658546138,0.0006087709257763462,74.80104787394714
74.16280145602111,0.021506874544453762,0.1162503029883569,3.039791467460677,0.9618341915337202,-1.2000154375968715,0.0005856851378802525,69.93833377135181
74.16280145602111,0.021506874544453762,0.1162503029883569,3.039791467460677,0.9618341915337202,-1.2000154375968715,0.0005856851378802525,69.93833377135181
74.16280145602111,0.021506874544453762,0.1162503029883569,3.039791467460677,0.9618341915337202,-1.2000154375968715,0.0005856851378802525,69.93833377135181
76.40332856210529,0.021499167492277423,0.11599379571570914,3.0368965046273315,0.9650831714647159,-1.2739266618951393,0.0005744494851277217,69.34692732953432
76.40332856210529,0.021499167492277423,0.11599379571570914,3.0368965046273315,0.9650831714647159,-1.2739266618951393,0.0005744494851277217,69.34692732953432
76.40332856210529,0.021499167492277423,0.11599379571570914,3.0368965046273315,0.9650831714647159,-1.2739266618951393,0.0005744494851277217,69.34692732953432
76.29045257195088,0.02136362044897416,0.11622499250758238,3.0382704149220188,0.961881533450409,-1.2845341816890328,0.0005738899021966161,69.54481757017163
76.29045257195088,0.02136362044897416,0.11622499250758238,3.0382704149220188,0.961881533450409,-1.2845341816890328,0.0005738899021966161,69.54481757017163
76.29045257195088,0.02136362044897416,0.11622499250758238,3.0382704149220188,0.961881533450409,-1.2845341816890328,0.0005738899021966161,69.54481757017163
73.7192573220783,0.02149221411435785,0.11464446766010138,3.0366677075846384,0.9673886582390382,-1.177754055874001,0.0005679866162779359,73.30882085242
73.7192573220783,0.02149221411435785,0.11464446766010138,3.0366677075846384,0.9673886582390382,-1.177754055874001,0.0005679866162779359,73.30882085242
73.7192573220783,0.02149221411435785,0.11464446766010138,3.0366677075846384,0.9673886582390382,-1.177754055874001,0.0005679866162779359,73.30882085242
72.56972064750212,0.021585298734528142,0.11614384756174209,3.041658435466499,0.9633825261196097,-1.1439301818341208,0.0005858277939289966,71.93969541116492
74.29511594722918,0.02162198703256186,0.11667350871773911,3.0388764056646798,0.9612730242346328,-1.2147437356394166,0.0005833443089833679,68.39923070384138
74.29511594722918,0.02162198703256186,0.11667350871773911,3.0388764056646798,0.9612730242346328,-1.2147437356394166,0.0005833443089833679,68.39923070384138
74.29511594722918,0.02162198703256186,0.11667350871773911,3.0388764056646798,0.9612730242346328,-1.2147437356394166,0.0005833443089833679,68.39923070384138
74.17178489989426,0.02171738029508633,0.11646952973908127,3.038312311680681,0.9623562528740444,-1.2092189544678371,0.0005763818218749136,69.24920253561682
74.17178489989426,0.02171738029508633,0.11646952973908127,3.038312311680681,0.9623562528740444,-1.2092189544678371,0.0005763818218749136,69.24920253561682
71.3248718622341,0.021676210056789835,0.11588273009505964,3.039674661957209,0.9640380295120377,-1.105789539166415,0.0005820358111754537,68.94796058195843
71.3248718622341,0.021676210056789835,0.11588273009505964,3.039674661957209,0.9640380295120377,-1.105789539166415,0.0005820358111754537,68.94796058195843
71.3248718622341,0.021676210056789835,0.11588273009505964,3.039674661957209,0.9640380295120377,-1.105789539166415,0.0005820358111754537,68.94796058195843
71.59674214096295,0.0217668154317013,0.11638126494027785,3.0417468110482067,0.9615633836929086,-1.1165096041053717,0.0005772543307124199,70.2774110726984
71.59674214096295,0.0217668154317013,0.11638126494027785,3.0417468110482067,0.9615633836929086,-1.1165096041053717,0.0005772543307124199,70.2774110726984
71.82072136316872,0.021595128316948115,0.1186826346689132,3.047565607588209,0.95503426104529,-1.161033261742834,0.0005814549009421332,70.53312808676291
71.82072136316872,0.021595128316948115,0.1186826346689132,3.047565607588209,0.95503426104529,-1.161033261742834,0.0005814549009421332,70.53312808676291
71.82072136316872,0.021595128316948115,0.1186826346689132,3.047565607588209,0.95503426104529,-1.161033261742834,0.0005814549009421332,70.53312808676291
71.82072136316872,0.021595128316948115,0.1186826346689132,3.047565607588209,0.95503426104529,-1.161033261742834,0.0005814549009421332,70.53312808676291
72.87051039824607,0.021491144981383627,0.11651236833553057,3.0391475555104535,0.957229650505867,-1.1752599881556813,0.0005835579191289784,69.30705769514411
72.87051039824607,0.021491144981383627,0.11651236833553057,3.0391475555104535,0.957229650505867,-1.1752599881556813,0.0005835579191289784,69.30705769514411
72.87051039824607,0.021491144981383627,0.11651236833553057,3.0391475555104535,0.957229650505867,-1.1752599881556813,0.0005835579191289784,69.30705769514411
72.87051039824607,0.021491144981383627,0.11651236833553057,3.0391475555104535,0.957229650505867,-1.1752599881556813,0.0005835579191289784,69.30705769514411
72.87051039824607,0.021491144981383627,0.11651236833553057,3.0391475555104535,0.957229650505867,-1.1752599881556813,0.0005835579191289784,69.30705769514411
72.87051039824607,0.021491144981383627,0.11651236833553057,3.0391475555104535,0.957229650505867,-1.1752599881556813,0.0005835579191289784,69.30705769514411
72.87051039824607,0.021491144981383627,0.11651236833553057,3.0391475555104535,0.957229650505867,-1.1752599881556813,0.0005835579191289784,69.30705769514411
72.87051039824607,0.021491144981383627,0.11651236833553057,3.0391475555104535,0.957229650505867,-1.1752599881556813,0.0005835579191289784,69.30705769514411
75.46564159712925,0.021408721214769465,0.11658711453431887,3.0399260252601543,0.960664921563085,-1.267592711691795,0.0005436971053231762,69.27436905503991
75.25226465971205,0.021418966213908226,0.11728420558498005,3.040193262857094,0.9582599993463136,-1.2708771279861204,0.0005539446508664593,68.98599713511554
75.13114692316145,0.02137586232980445,0.11870825715174052,3.0431112732305117,0.9570305774144765,-1.2877951494438002,0.0005551160463378437,68.93192022899133
75.13114692316145,0.02137586232980445,0.11870825715174052,3.0431112732305117,0.9570305774144765,-1.2877951494438002,0.0005551160463378437,68.93192022899133
75.13114692316145,0.02137586232980445,0.11870825715174052,3.0431112732305117,0.9570305774144765,-1.2877951494438002,0.0005551160463378437,68.93192022899133
71.49427888418714,0.021293800829138548,0.11762009978406246,3.0404444529163137,0.9572729806991396,-1.158386661441667,0.0005905766463003303,68.10641529627864
71.49427888418714,0.021293800829138548,0.11762009978406246,3.0404444529163137,0.9572729806991396,-1.158386661441667,0.0005905766463003303,68.10641529627864
71.49427888418714,0.021293800829138548,0.11762009978406246,3.0404444529163137,0.9572729806991396,-1.158386661441667,0.0005905766463003303,68.10641529627864
70.53671825808294,0.021121398593411167,0.11876541657050478,3.042323272503249,0.9529256683083257,-1.168505697276143,0.0005773025942799273,71.83383750978193
70.53671825808294,0.021121398593411167,0.11876541657050478,3.042323272503249,0.9529256683083257,-1.168505697276143,0.0005773025942799273,71.83383750978193
70.53671825808294,0.021121398593411167,0.11876541657050478,3.042323272503249,0.9529256683083257,-1.168505697276143,0.0005773025942799273,71.83383750978193
70.53671825808294,0.021121398593411167,0.11876541657050478,3.042323272503249,0.9529256683083257,-1.168505697276143,0.0005773025942799273,71.83383750978193
70.53671825808294,0.021121398593411167,0.11876541657050478,3.042323272503249,0.9529256683083257,-1.168505697276143,0.0005773025942799273,71.83383750978193
70.53671825808294,0.021121398593411167,0.11876541657050478,3.042323272503249,0.9529256683083257,-1.168505697276143,0.0005773025942799273,71.83383750978193
70.53671825808294,0.021121398593411167,0.11876541657050478,3.042323272503249,0.9529256683083257,-1.168505697276143,0.0005773025942799273,71.83383750978193
70.53671825808294,0.021121398593411167,0.11876541657050478,3.042323272503249,0.9529256683083257,-1.168505697276143,0.0005773025942799273,71.83383750978193
70.53671825808294,0.021121398593411167,0.11876541657050478,3.042323272503249,0.9529256683083257,-1.168505697276143,0.0005773025942799273,71.83383750978193
70.53671825808294,0.021121398593411167,0.11876541657050478,3.042323272503249,0.9529256683083257,-1.168505697276143,0.0005773025942799273,71.83383750978193
70.53671825808294,0.021121398593411167,0.11876541657050478,3.042323272503249,0.9529256683083257,-1.168505697276143,0.0005773025942799273,71.83383750978193
70.53671825808294,0.021121398593411167,0.11876541657050478,3.042323272503249,0.9529256683083257,-1.168505697276143,0.0005773025942799273,71.83383750978193
70.77851205514831,0.02150455111005569,0.12044991784338595,3.045788438529358,0.9512605486875378,-1.1837229996746395,0.0005906117005114636,72.06872367191163
70.77851205514831,0.02150455111005569,0.12044991784338595,3.045788438529358,0.9512605486875378,-1.1837229996746395,0.0005906117005114636,72.06872367191163
70.77851205514831,0.02150455111005569,0.12044991784338595,3.045788438529358,0.9512605486875378,-1.1837229996746395,0.0005906117005114636,72.06872367191163
70.77851205514831,0.02150455111005569,0.12044991784338595,3.045788438529358,0.9512605486875378,-1.1837229996746395,0.0005906117005114636,72.06872367191163
70.77851205514831,0.02150455111005569,0.12044991784338595,3.045788438529358,0.9512605486875378,-1.1837229996746395,0.0005906117005114636,72.06872367191163
70.77851205514831,0.02150455111005569,0.12044991784338595,3.045788438529358,0.9512605486875378,-1.1837229996746395,0.0005906117005114636,72.06872367191163
70.77851205514831,0.02150455111005569,0.12044991784338595,3.045788438529358,0.9512605486875378,-1.1837229996746395,0.0005906117005114636,72.06872367191163
70.77851205514831,0.02150455111005569,0.12044991784338595,3.045788438529358,0.9512605486875378,-1.1837229996746395,0.0005906117005114636,72.06872367191163
73.07234531303853,0.021368112803630993,0.11792145994212072,3.0419241030659956,0.9558289758781802,-1.233213215659362,0.0005587102259769047,72.74263545435373
73.07234531303853,0.021368112803630993,0.11792145994212072,3.0419241030659956,0.9558289758781802,-1.233213215659362,0.0005587102259769047,72.74263545435373
73.07234531303853,0.021368112803630993,0.11792145994212072,3.0419241030659956,0.9558289758781802,-1.233213215659362,0.0005587102259769047,72.74263545435373
73.07234531303853,0.021368112803630993,0.11792145994212072,3.0419241030659956,0.9558289758781802,-1.233213215659362,0.0005587102259769047,72.74263545435373
73.6625457980074,0.021383186427142684,0.12116132833247821,3.048139929155754,0.9463787527791186,-1.3006034891056828,0.0005733760926645321,70.15044347155523
73.6625457980074,0.021383186427142684,0.12116132833247821,3.048139929155754,0.9463787527791186,-1.3006034891056828,0.0005733760926645321,70.15044347155523
73.6625457980074,0.021383186427142684,0.12116132833247821,3.048139929155754,0.9463787527791186,-1.3006034891056828,0.0005733760926645321,70.15044347155523
73.6625457980074,0.021383186427142684,0.12116132833247821,3.048139929155754,0.9463787527791186,-1.3006034891056828,0.0005733760926645321,70.15044347155523
73.6625457980074,0.021383186427142684,0.12116132833247821,3.048139929155754,0.9463787527791186,-1.3006034891056828,0.0005733760926645321,70.15044347155523
73.6625457980074,0.021383186427142684,0.12116132833247821,3.048139929155754,0.9463787527791186,-1.3006034891056828,0.0005733760926645321,70.15044347155523
73.6625457980074,0.021383186427142684,0.12116132833247821,3.048139929155754,0.9463787527791186,-1.3006034891056828,0.0005733760926645321,70.15044347155523
73.6625457980074,0.021383186427142684,0.12116132833247821,3.048139929155754,0.9463787527791186,-1.3006034891056828,0.0005733760926645321,70.15044347155523
73.65429090058157,0.020913308054588794,0.1200827431212779,3.044684790678749,0.9479409572372113,-1.305579330275826,0.0005678055268665864,71.38631366266449
73.65429090058157,0.020913308054588794,0.1200827431212779,3.044684790678749,0.9479409572372113,-1.305579330275826,0.0005678055268665864,71.38631366266449
73.65429090058157,0.020913308054588794,0.1200827431212779,3.044684790678749,0.9479409572372113,-1.305579330275826,0.0005678055268665864,71.38631366266449
73.65429090058157,0.020913308054588794,0.1200827431212779,3.044684790678749,0.9479409572372113,-1.305579330275826,0.0005678055268665864,71.38631366266449
73.65429090058157,0.020913308054588794,0.1200827431212779,3.044684790678749,0.9479409572372113,-1.305579330275826,0.0005678055268665864,71.38631366266449
73.65429090058157,0.020913308054588794,0.1200827431212779,3.044684790678749,0.9479409572372113,-1.305579330275826,0.0005678055268665864,71.38631366266449
75.80385414231195,0.021134112012956726,0.12297682634340358,3.0524399356295193,0.9402075454484161,-1.4048315426827476,0.0005537810348886633,72.90271155464856
73.84605510804107,0.021454541267973158,0.12363706106221033,3.0550657905432805,0.9479926381731176,-1.3341738211886967,0.0005586201684646875,73.52408623728522
71.78799050776739,0.02127664886934813,0.12365644561158719,3.054840929820357,0.9481321889639859,-1.2764454004463388,0.0005663255382732875,70.11276389877473
71.78799050776739,0.02127664886934813,0.12365644561158719,3.054840929820357,0.9481321889639859,-1.2764454004463388,0.0005663255382732875,70.11276389877473
71.78799050776739,0.02127664886934813,0.12365644561158719,3.054840929820357,0.9481321889639859,-1.2764454004463388,0.0005663255382732875,70.11276389877473
71.78799050776739,0.02127664886934813,0.12365644561158719,3.054840929820357,0.9481321889639859,-1.2764454004463388,0.0005663255382732875,70.11276389877473
71.78799050776739,0.02127664886934813,0.12365644561158719,3.054840929820357,0.9481321889639859,-1.2764454004463388,0.0005663255382732875,70.11276389877473
75.71869899786307,0.021235540553272262,0.12342733144077471,3.0554477071721737,0.9443430158447295,-1.3998095574474427,0.0005468026275313105,70.77256351484971
75.86834462283214,0.021319892217290273,0.12329798969004274,3.0551390992878047,0.9510319260347738,-1.403722405732132,0.0005252618154785857,71.55825381480699
75.86834462283214,0.021319892217290273,0.12329798969004274,3.0551390992878047,0.9510319260347738,-1.403722405732132,0.0005252618154785857,71.55825381480699
75.44879791979285,0.021193994702567064,0.12250407608298514,3.0534375096521145,0.9540530038486535,-1.3895217230222296,0.0005199288943012375,68.70834412367908
75.44879791979285,0.021193994702567064,0.12250407608298514,3.0534375096521145,0.9540530038486535,-1.3895217230222296,0.0005199288943012375,68.70834412367908
75.44879791979285,0.021193994702567064,0.12250407608298514,3.0534375096521145,0.9540530038486535,-1.3895217230222296,0.0005199288943012375,68.70834412367908
75.44879791979285,0.021193994702567064,0.12250407608298514,3.0534375096521145,0.9540530038486535,-1.3895217230222296,0.0005199288943012375,68.70834412367908
75.44879791979285,0.021193994702567064,0.12250407608298514,3.0534375096521145,0.9540530038486535,-1.3895217230222296,0.0005199288943012375,68.70834412367908
75.44879791979285,0.021193994702567064,0.12250407608298514,3.0534375096521145,0.9540530038486535,-1.3895217230222296,0.0005199288943012375,68.70834412367908
75.44879791979285,0.021193994702567064,0.12250407608298514,3.0534375096521145,0.9540530038486535,-1.3895217230222296,0.0005199288943012375,68.70834412367908
75.44879791979285,0.021193994702567064,0.12250407608298514,3.0534375096521145,0.9540530038486535,-1.3895217230222296,0.0005199288943012375,68.70834412367908
75.44879791979285,0.021193994702567064,0.12250407608298514,3.0534375096521145,0.9540530038486535,-1.3895217230222296,0.0005199288943012375,68.70834412367908
74.1266463197479,0.02103334284772521,0.12277667242850972,3.058562821533131,0.9455429894247533,-1.3593805345674417,0.0005169432953130991,68.68781071124516
74.1266463197479,0.02103334284772521,0.12277667242850972,3.058562821533131,0.9455429894247533,-1.3593805345674417,0.0005169432953130991,68.68781071124516
74.1266463197479,0.02103334284772521,0.12277667242850972,3.058562821533131,0.9455429894247533,-1.3593805345674417,0.0005169432953130991,68.68781071124516
74.1266463197479,0.02103334284772521,0.12277667242850972,3.058562821533131,0.9455429894247533,-1.3593805345674417,0.0005169432953130991,68.68781071124516
74.1266463197479,0.02103334284772521,0.12277667242850972,3.058562821533131,0.9455429894247533,-1.3593805345674417,0.0005169432953130991,68.68781071124516
74.1266463197479,0.02103334284772521,0.12277667242850972,3.058562821533131,0.9455429894247533,-1.3593805345674417,0.0005169432953130991,68.68781071124516
74.1266463197479,0.02103334284772521,0.12277667242850972,3.058562821533131,0.9455429894247533,-1.3593805345674417,0.0005169432953130991,68.68781071124516
74.1266463197479,0.02103334284772521,0.12277667242850972,3.058562821533131,0.9455429894247533,-1.3593805345674417,0.0005169432953130991,68.68781071124516
74.1266463197479,0.02103334284772521,0.12277667242850972,3.058562821533131,0.9455429894247533,-1.3593805345674417,0.0005169432953130991,68.68781071124516
74.1266463197479,0.02103334284772521,0.12277667242850972,3.058562821533131,0.9455429894247533,-1.3593805345674417,0.0005169432953130991,68.68781071124516
74.1266463197479,0.02103334284772521,0.12277667242850972,3.058562821533131,0.9455429894247533,-1.3593805345674417,0.0005169432953130991,68.68781071124516
74.1266463197479,0.02103334284772521,0.12277667242850972,3.058562821533131,0.9455429894247533,-1.3593805345674417,0.0005169432953130991,68.68781071124516
74.1266463197479,0.02103334284772521,0.12277667242850972,3.058562821533131,0.9455429894247533,-1.3593805345674417,0.0005169432953130991,68.68781071124516
74.1266463197479,0.02103334284772521,0.12277667242850972,3.058562821533131,0.9455429894247533,-1.3593805345674417,0.0005169432953130991,68.68781071124516
74.1266463197479,0.02103334284772521,0.12277667242850972,3.058562821533131,0.9455429894247533,-1.3593805345674417,0.0005169432953130991,68.68781071124516
74.1266463197479,0.02103334284772521,0.12277667242850972,3.058562821533131,0.9455429894247533,-1.3593805345674417,0.0005169432953130991,68.68781071124516
74.1266463197479,0.02103334284772521,0.12277667242850972,3.058562821533131,0.9455429894247533,-1.3593805345674417,0.0005169432953130991,68.68781071124516
74.1266463197479,0.02103334284772521,0.12277667242850972,3.058562821533131,0.9455429894247533,-1.3593805345674417,0.0005169432953130991,68.68781071124516
74.1266463197479,0.02103334284772521,0.12277667242850972,3.058562821533131,0.9455429894247533,-1.3593805345674417,0.0005169432953130991,68.68781071124516
74.1266463197479,0.02103334284772521,0.12277667242850972,3.058562821533131,0.9455429894247533,-1.3593805345674417,0.0005169432953130991,68.68781071124516
74.1266463197479,0.02103334284772521,0.12277667242850972,3.058562821533131,0.9455429894247533,-1.3593805345674417,0.0005169432953130991,68.68781071124516
74.1266463197479,0.02103334284772521,0.12277667242850972,3.058562821533131,0.9455429894247533,-1.3593805345674417,0.0005169432953130991,68.68781071124516
73.25374759851171,0.021001547920489888,0.12186298979203411,3.05632149904125,0.9476043472293474,-1.318411967818987,0.0005233098894998926,71.89074801066371
73.25374759851171,0.021001547920489888,0.12186298979203411,3.05632149904125,0.9476043472293474,-1.318411967818987,0.0005233098894998926,71.89074801066371
73.25374759851171,0.021001547920489888,0.12186298979203411,3.05632149904125,0.9476043472293474,-1.318411967818987,0.0005233098894998926,71.89074801066371
73.25374759851171,0.021001547920489888,0.12186298979203411,3.05632149904125,0.9476043472293474,-1.318411967818987,0.0005233098894998926,71.89074801066371
74.28556790693214,0.02134997287242126,0.12382336406102426,3.0646421648583693,0.9482279033007767,-1.3781992141314279,0.0004948259214248111,76.33955705799184
74.28556790693214,0.02134997287242126,0.12382336406102426,3.0646421648583693,0.9482279033007767,-1.3781992141314279,0.0004948259214248111,76.33955705799184
74.28556790693214,0.02134997287242126,0.12382336406102426,3.0646421648583693,0.9482279033007767,-1.3781992141314279,0.0004948259214248111,76.33955705799184
75.27047140002172,0.021161798143234385,0.12600788896747392,3.0682479290030407,0.9418377364474141,-1.452927965934055,0.0004926870682284021,71.48500395178876
75.27047140002172,0.021161798143234385,0.12600788896747392,3.0682479290030407,0.9418377364474141,-1.452927965934055,0.0004926870682284021,71.48500395178876
75.27047140002172,0.021161798143234385,0.12600788896747392,3.0682479290030407,0.9418377364474141,-1.452927965934055,0.0004926870682284021,71.48500395178876
75.27047140002172,0.021161798143234385,0.12600788896747392,3.0682479290030407,0.9418377364474141,-1.452927965934055,0.0004926870682284021,71.48500395178876
75.27047140002172,0.021161798143234385,0.12600788896747392,3.0682479290030407,0.9418377364474141,-1.452927965934055,0.0004926870682284021,71.48500395178876
75.27047140002172,0.021161798143234385,0.12600788896747392,3.0682479290030407,0.9418377364474141,-1.452927965934055,0.0004926870682284021,71.48500395178876
76.25430856393334,0.021145955182690638,0.12483077923427602,3.062896895229813,0.944262224242194,-1.4680397791470863,0.0004948647594266309,67.3608897176636
76.25430856393334,0.021145955182690638,0.12483077923427602,3.062896895229813,0.944262224242194,-1.4680397791470863,0.0004948647594266309,67.3608897176636
76.25430856393334,0.021145955182690638,0.12483077923427602,3.062896895229813,0.944262224242194,-1.4680397791470863,0.0004948647594266309,67.3608897176636
74.39607052576146,0.02133349983148048,0.12336210479515101,3.0596476853897796,0.9505514313098768,-1.3909089411463351,0.000481079468165141,72.84943346402508
74.39607052576146,0.02133349983148048,0.12336210479515101,3.0596476853897796,0.9505514313098768,-1.3909089411463351,0.000481079468165141,72.84943346402508
74.39607052576146,0.02133349983148048,0.12336210479515101,3.0596476853897796,0.9505514313098768,-1.3909089411463351,0.000481079468165141,72.84943346402508
74.39607052576146,0.02133349983148048,0.12336210479515101,3.0596476853897796,0.9505514313098768,-1.3909089411463351,0.000481079468165141,72.84943346402508
74.39607052576146,0.02133349983148048,0.12336210479515101,3.0596476853897796,0.9505514313098768,-1.3909089411463351,0.000481079468165141,72.84943346402508
74.39607052576146,0.02133349983148048,0.12336210479515101,3.0596476853897796,0.9505514313098768,-1.3909089411463351,0.000481079468165141,72.84943346402508
74.39607052576146,0.02133349983148048,0.12336210479515101,3.0596476853897796,0.9505514313098768,-1.3909089411463351,0.000481079468165141,72.84943346402508
73.91980674936124,0.021213529068767983,0.12500523033600122,3.065189154130803,0.9463084244840417,-1.3952064943403817,0.0004896032617771973,70.0335681254321
75.95618648700089,0.021110884745129795,0.12498891018434735,3.06374230078568,0.9468650173006042,-1.468812721457209,0.0004769327839557724,67.31362251309025
75.95618648700089,0.021110884745129795,0.12498891018434735,3.06374230078568,0.9468650173006042,-1.468812721457209,0.0004769327839557724,67.31362251309025
75.95618648700089,0.021110884745129795,0.12498891018434735,3.06374230078568,0.9468650173006042,-1.468812721457209,0.0004769327839557724,67.31362251309025
75.95618648700089,0.021110884745129795,0.12498891018434735,3.06374230078568,0.9468650173006042,-1.468812721457209,0.0004769327839557724,67.31362251309025
75.95618648700089,0.021110884745129795,0.12498891018434735,3.06374230078568,0.9468650173006042,-1.468812721457209,0.0004769327839557724,67.31362251309025
75.95618648700089,0.021110884745129795,0.12498891018434735,3.06374230078568,0.9468650173006042,-1.468812721457209,0.0004769327839557724,67.31362251309025
75.95618648700089,0.021110884745129795,0.12498891018434735,3.06374230078568,0.9468650173006042,-1.468812721457209,0.0004769327839557724,67.31362251309025
75.95618648700089,0.021110884745129795,0.12498891018434735,3.06374230078568,0.9468650173006042,-1.468812721457209,0.0004769327839557724,67.31362251309025
75.95618648700089,0.021110884745129795,0.12498891018434735,3.06374230078568,0.9468650173006042,-1.468812721457209,0.0004769327839557724,67.31362251309025
75.95618648700089,0.021110884745129795,0.12498891018434735,3.06374230078568,0.9468650173006042,-1.468812721457209,0.0004769327839557724,67.31362251309025
75.95618648700089,0.021110884745129795,0.12498891018434735,3.06374230078568,0.9468650173006042,-1.468812721457209,0.0004769327839557724,67.31362251309025
75.95618648700089,0.021110884745129795,0.12498891018434735,3.06374230078568,0.9468650173006042,-1.468812721457209,0.0004769327839557724,67.31362251309025
75.95618648700089,0.021110884745129795,0.12498891018434735,3.06374230078568,0.9468650173006042,-1.468812721457209,0.0004769327839557724,67.31362251309025
75.95618648700089,0.021110884745129795,0.12498891018434735,3.06374230078568,0.9468650173006042,-1.468812721457209,0.0004769327839557724,67.31362251309025
75.95618648700089,0.021110884745129795,0.12498891018434735,3.06374230078568,0.9468650173006042,-1.468812721457209,0.0004769327839557724,67.31362251309025
75.95618648700089,0.021110884745129795,0.12498891018434735,3.06374230078568,0.9468650173006042,-1.468812721457209,0.0004769327839557724,67.31362251309025
75.95618648700089,0.021110884745129795,0.12498891018434735,3.06374230078568,0.9468650173006042,-1.468812721457209,0.0004769327839557724,67.31362251309025
74.80295855118068,0.021260295110439628,0.12337297822420928,3.059156843741471,0.9413176325037869,-1.3804341296065403,0.0005399045276364132,69.38195613455093
74.80295855118068,0.021260295110439628,0.12337297822420928,3.059156843741471,0.9413176325037869,-1.3804341296065403,0.0005399045276364132,69.38195613455093
74.80295855118068,0.021260295110439628,0.12337297822420928,3.059156843741471,0.9413176325037869,-1.3804341296065403,0.0005399045276364132,69.38195613455093
74.80295855118068,0.021260295110439628,0.12337297822420928,3.059156843741471,0.9413176325037869,-1.3804341296065403,0.0005399045276364132,69.38195613455093
74.80295855118068,0.021260295110439628,0.12337297822420928,3.059156843741471,0.9413176325037869,-1.3804341296065403,0.0005399045276364132,69.38195613455093
74.61303866970994,0.021396774589214268,0.12234765760809642,3.055520685758478,0.9443979294150039,-1.3530017722520644,0.0005357121875662988,69.25102423877996
74.61303866970994,0.021396774589214268,0.12234765760809642,3.055520685758478,0.9443979294150039,-1.3530017722520644,0.0005357121875662988,69.25102423877996
74.61303866970994,0.021396774589214268,0.12234765760809642,3.055520685758478,0.9443979294150039,-1.3530017722520644,0.0005357121875662988,69.25102423877996
72.81382867849632,0.021073433138200006,0.1248945178002212,3.0617593336281024,0.9344967218288899,-1.3605338942995557,0.0005328404389648133,70.46703560776304
72.81382867849632,0.021073433138200006,0.1248945178002212,3.0617593336281024,0.9344967218288899,-1.3605338942995557,0.0005328404389648133,70.46703560776304
72.81382867849632,0.021073433138200006,0.1248945178002212,3.0617593336281024,0.9344967218288899,-1.3605338942995557,0.0005328404389648133,70.46703560776304
73.91592710688482,0.020658283303380782,0.12461452492286759,3.058371967242344,0.9364276225241149,-1.4101916773740772,0.0005114004575881803,70.20959198894388
73.91592710688482,0.020658283303380782,0.12461452492286759,3.058371967242344,0.9364276225241149,-1.4101916773740772,0.0005114004575881803,70.20959198894388
73.91592710688482,0.020658283303380782,0.12461452492286759,3.058371967242344,0.9364276225241149,-1.4101916773740772,0.0005114004575881803,70.20959198894388
74.54839693232346,0.021106572385557187,0.1221468689419989,3.050902678576854,0.9487138283658916,-1.3730956036010038,0.0005160730861864078,69.97140608617086
74.54839693232346,0.021106572385557187,0.1221468689419989,3.050902678576854,0.9487138283658916,-1.3730956036010038,0.0005160730861864078,69.97140608617086
74.54839693232346,0.021106572385557187,0.1221468689419989,3.050902678576854,0.9487138283658916,-1.3730956036010038,0.0005160730861864078,69.97140608617086
74.54839693232346,0.021106572385557187,0.1221468689419989,3.050902678576854,0.9487138283658916,-1.3730956036010038,0.0005160730861864078,69.97140608617086
76.49951662404055,0.02116528236635646,0.12316584967310118,3.053837885108268,0.9466463225660721,-1.447547441948252,0.0005019041241588515,71.54896356963
76.49951662404055,0.02116528236635646,0.12316584967310118,3.053837885108268,0.9466463225660721,-1.447547441948252,0.0005019041241588515,71.54896356963
76.49951662404055,0.02116528236635646,0.12316584967310118,3.053837885108268,0.9466463225660721,-1.447547441948252,0.0005019041241588515,71.54896356963
76.49951662404055,0.02116528236635646,0.12316584967310118,3.053837885108268,0.9466463225660721,-1.447547441948252,0.0005019041241588515,71.54896356963
76.49951662404055,0.02116528236635646,0.12316584967310118,3.053837885108268,0.9466463225660721,-1.447547441948252,0.0005019041241588515,71.54896356963
76.49951662404055,0.02116528236635646,0.12316584967310118,3.053837885108268,0.9466463225660721,-1.447547441948252,0.0005019041241588515,71.54896356963
76.43867826838135,0.020994182373115317,0.12394280679510057,3.0588158517536814,0.9468520660797922,-1.4680125314500712,0.0004724833373482495,68.59109600546847
76.43867826838135,0.020994182373115317,0.12394280679510057,3.0588158517536814,0.9468520660797922,-1.4680125314500712,0.0004724833373482495,68.59109600546847
76.43867826838135,0.020994182373115317,0.12394280679510057,3.0588158517536814,0.9468520660797922,-1.4680125314500712,0.0004724833373482495,68.59109600546847
76.43867826838135,0.020994182373115317,0.12394280679510057,3.0588158517536814,0.9468520660797922,-1.4680125314500712,0.0004724833373482495,68.59109600546847
74.7854753224763,0.02142317618325837,0.12285555048859977,3.0583338055077167,0.9495493104308784,-1.3702754867719469,0.0004938291175641332,68.1854679896415
74.7854753224763,0.02142317618325837,0.12285555048859977,3.0583338055077167,0.9495493104308784,-1.3702754867719469,0.0004938291175641332,68.1854679896415
74.7854753224763,0.02142317618325837,0.12285555048859977,3.0583338055077167,0.9495493104308784,-1.3702754867719469,0.0004938291175641332,68.1854679896415
74.7854753224763,0.02142317618325837,0.12285555048859977,3.0583338055077167,0.9495493104308784,-1.3702754867719469,0.0004938291175641332,68.1854679896415
74.08605225148325,0.021421528723916936,0.12096307216082282,3.053343299129137,0.9566515206529737,-1.3176594290711425,0.00050392703387053,69.99020325719691
74.08605225148325,0.021421528723916936,0.12096307216082282,3.053343299129137,0.9566515206529737,-1.3176594290711425,0.00050392703387053,69.99020325719691
74.08605225148325,0.021421528723916936,0.12096307216082282,3.053343299129137,0.9566515206529737,-1.3176594290711425,0.00050392703387053,69.99020325719691
74.08605225148325,0.021421528723916936,0.12096307216082282,3.053343299129137,0.9566515206529737,-1.3176594290711425,0.00050392703387053,69.99020325719691
74.08605225148325,0.021421528723916936,0.12096307216082282,3.053343299129137,0.9566515206529737,-1.3176594290711425,0.00050392703387053,69.99020325719691
74.08605225148325,0.021421528723916936,0.12096307216082282,3.053343299129137,0.9566515206529737,-1.3176594290711425,0.00050392703387053,69.99020325719691
74.08605225148325,0.021421528723916936,0.12096307216082282,3.053343299129137,0.9566515206529737,-1.3176594290711425,0.00050392703387053,69.99020325719691
70.5985569395411,0.021485451048713473,0.11773261832235443,3.0398504869328313,0.9541616800651954,-1.1302031272588615,0.000591819187390723,69.52781547084942
70.5985569395411,0.021485451048713473,0.11773261832235443,3.0398504869328313,0.9541616800651954,-1.1302031272588615,0.000591819187390723,69.52781547084942
70.5985569395411,0.021485451048713473,0.11773261832235443,3.0398504869328313,0.9541616800651954,-1.1302031272588615,0.000591819187390723,69.52781547084942
74.08531150096933,0.021566396684816105,0.11885270204757845,3.044011433904652,0.9532179824296084,-1.2444827511767547,0.0005821356761222591,69.84952619157947
74.08531150096933,0.021566396684816105,0.11885270204757845,3.044011433904652,0.9532179824296084,-1.2444827511767547,0.0005821356761222591,69.84952619157947
74.08531150096933,0.021566396684816105,0.11885270204757845,3.044011433904652,0.9532179824296084,-1.2444827511767547,0.0005821356761222591,69.84952619157947
74.08531150096933,0.021566396684816105,0.11885270204757845,3.044011433904652,0.9532179824296084,-1.2444827511767547,0.0005821356761222591,69.84952619157947
74.08531150096933,0.021566396684816105,0.11885270204757845,3.044011433904652,0.9532179824296084,-1.2444827511767547,0.0005821356761222591,69.84952619157947
75.98621497448678,0.021571002084160695,0.11894285316709131,3.0446546537873913,0.9553777643514502,-1.3124588434479352,0.0005588995937071621,68.89390963463674
75.98621497448678,0.021571002084160695,0.11894285316709131,3.0446546537873913,0.9553777643514502,-1.3124588434479352,0.0005588995937071621,68.89390963463674
75.98621497448678,0.021571002084160695,0.11894285316709131,3.0446546537873913,0.9553777643514502,-1.3124588434479352,0.0005588995937071621,68.89390963463674
74.80880372625074,0.021587500055282056,0.11825423699423317,3.045101694678697,0.9569973939905793,-1.2550763920835633,0.0005700172325089046,68.06347549167162
74.80880372625074,0.021587500055282056,0.11825423699423317,3.045101694678697,0.9569973939905793,-1.2550763920835633,0.0005700172325089046,68.06347549167162
74.80880372625074,0.021587500055282056,0.11825423699423317,3.045101694678697,0.9569973939905793,-1.2550763920835633,0.0005700172325089046,68.06347549167162
74.46800169162218,0.021513711391815207,0.11904186642762125,3.0462945980626324,0.9563519971056653,-1.259100133922557,0.0005752403578109052,67.56871888522932
74.46800169162218,0.021513711391815207,0.11904186642762125,3.0462945980626324,0.9563519971056653,-1.259100133922557,0.0005752403578109052,67.56871888522932
74.46800169162218,0.021513711391815207,0.11904186642762125,3.0462945980626324,0.9563519971056653,-1.259100133922557,0.0005752403578109052,67.56871888522932
74.46800169162218,0.021513711391815207,0.11904186642762125,3.0462945980626324,0.9563519971056653,-1.259100133922557,0.0005752403578109052,67.56871888522932
74.46800169162218,0.021513711391815207,0.11904186642762125,3.0462945980626324,0.9563519971056653,-1.259100133922557,0.0005752403578109052,67.56871888522932
74.46800169162218,0.021513711391815207,0.11904186642762125,3.0462945980626324,0.9563519971056653,-1.259100133922557,0.0005752403578109052,67.56871888522932
74.46800169162218,0.021513711391815207,0.11904186642762125,3.0462945980626324,0.9563519971056653,-1.259100133922557,0.0005752403578109052,67.56871888522932
74.46800169162218,0.021513711391815207,0.11904186642762125,3.0462945980626324,0.9563519971056653,-1.259100133922557,0.0005752403578109052,67.56871888522932
74.46800169162218,0.021513711391815207,0.11904186642762125,3.0462945980626324,0.9563519971056653,-1.259100133922557,0.0005752403578109052,67.56871888522932
74.46800169162218,0.021513711391815207,0.11904186642762125,3.0462945980626324,0.9563519971056653,-1.259100133922557,0.0005752403578109052,67.56871888522932
74.26389460353431,0.021465869073119145,0.11781831821038967,3.0422657562142237,0.960435033156642,-1.245786698513741,0.0005651051916450246,67.05678197825489
75.37814474293234,0.02148777643246099,0.11838019963481178,3.0464629802343817,0.9535092723702558,-1.2673998251517387,0.0005881901201982027,73.07611303030163
75.67264443103036,0.02171925351843495,0.1177666847936813,3.042987520431424,0.9604897502364422,-1.2556806465589592,0.0005995849340900253,71.54416459812309
75.67264443103036,0.02171925351843495,0.1177666847936813,3.042987520431424,0.9604897502364422,-1.2556806465589592,0.0005995849340900253,71.54416459812309
76.81777826636598,0.021940030218784705,0.1161884229554035,3.0402409064909595,0.9695395219024432,-1.268307990056061,0.000588224452417222,70.72662036067473
85.16558402561617,0.02121661672965016,0.12223692721224114,3.0539204526546455,0.9501067404883528,-1.6579946586706549,0.0005380527053022851,79.32934252776711
85.16558402561617,0.02121661672965016,0.12223692721224114,3.0539204526546455,0.9501067404883528,-1.6579946586706549,0.0005380527053022851,79.32934252776711
87.52771170074693,0.021103344683645563,0.11924128075629477,3.0466760078571458,0.9594150305981433,-1.7120110703057339,0.0004818276353615168,71.46280738846293
87.52771170074693,0.021103344683645563,0.11924128075629477,3.0466760078571458,0.9594150305981433,-1.7120110703057339,0.0004818276353615168,71.46280738846293
87.52771170074693,0.021103344683645563,0.11924128075629477,3.0466760078571458,0.9594150305981433,-1.7120110703057339,0.0004818276353615168,71.46280738846293
83.08238868261867,0.021348243946579838,0.11629823562978883,3.0390560506753443,0.9600228942505271,-1.4814012213339172,0.0005769181883518633,69.75956284620099
83.08238868261867,0.021348243946579838,0.11629823562978883,3.0390560506753443,0.9600228942505271,-1.4814012213339172,0.0005769181883518633,69.75956284620099
83.08238868261867,0.021348243946579838,0.11629823562978883,3.0390560506753443,0.9600228942505271,-1.4814012213339172,0.0005769181883518633,69.75956284620099
83.08238868261867,0.021348243946579838,0.11629823562978883,3.0390560506753443,0.9600228942505271,-1.4814012213339172,0.0005769181883518633,69.75956284620099
82.50205390975638,0.021532173573170794,0.11801479469086908,3.0430402546807844,0.9617344285048641,-1.4705224593138895,0.0005823429306376988,72.27344626123966
82.50205390975638,0.021532173573170794,0.11801479469086908,3.0430402546807844,0.9617344285048641,-1.4705224593138895,0.0005823429306376988,72.27344626123966
82.50205390975638,0.021532173573170794,0.11801479469086908,3.0430402546807844,0.9617344285048641,-1.4705224593138895,0.0005823429306376988,72.27344626123966
83.41416153778823,0.021780837934470176,0.11851569743639358,3.045954202558486,0.9597644777820071,-1.4990889843144704,0.00057377220167127,72.6858566864808
83.65387254767207,0.021596227658684988,0.11693355872679836,3.040625711458369,0.9551121391605868,-1.484011126366633,0.0005955189602770902,73.58185449729446
82.41717950881421,0.0215800097262351,0.11432860347145686,3.033038701242892,0.9630311393895266,-1.421396470066726,0.0005780454458951094,72.6373333745126
81.10549414467414,0.021850127316960215,0.11268500965436533,3.0306413609569134,0.9727347423004113,-1.3391710356935136,0.0005873267999815826,72.38599160684069
81.10549414467414,0.021850127316960215,0.11268500965436533,3.0306413609569134,0.9727347423004113,-1.3391710356935136,0.0005873267999815826,72.38599160684069
81.10549414467414,0.021850127316960215,0.11268500965436533,3.0306413609569134,0.9727347423004113,-1.3391710356935136,0.0005873267999815826,72.38599160684069
84.985232427183,0.02146581524412615,0.11613582497154089,3.0404256917295833,0.9627375121709428,-1.5398423543140964,0.0005395229979491621,70.10334442859873
84.985232427183,0.02146581524412615,0.11613582497154089,3.0404256917295833,0.9627375121709428,-1.5398423543140964,0.0005395229979491621,70.10334442859873
84.985232427183,0.02146581524412615,0.11613582497154089,3.0404256917295833,0.9627375121709428,-1.5398423543140964,0.0005395229979491621,70.10334442859873
84.985232427183,0.02146581524412615,0.11613582497154089,3.0404256917295833,0.9627375121709428,-1.5398423543140964,0.0005395229979491621,70.10334442859873
84.985232427183,0.02146581524412615,0.11613582497154089,3.0404256917295833,0.9627375121709428,-1.5398423543140964,0.0005395229979491621,70.10334442859873
84.985232427183,0.02146581524412615,0.11613582497154089,3.0404256917295833,0.9627375121709428,-1.5398423543140964,0.0005395229979491621,70.10334442859873
84.985232427183,0.02146581524412615,0.11613582497154089,3.0404256917295833,0.9627375121709428,-1.5398423543140964,0.0005395229979491621,70.10334442859873
84.985232427183,0.02146581524412615,0.11613582497154089,3.0404256917295833,0.9627375121709428,-1.5398423543140964,0.0005395229979491621,70.10334442859873
84.985232427183,0.02146581524412615,0.11613582497154089,3.0404256917295833,0.9627375121709428,-1.5398423543140964,0.0005395229979491621,70.10334442859873
84.985232427183,0.02146581524412615,0.11613582497154089,3.0404256917295833,0.9627375121709428,-1.5398423543140964,0.0005395229979491621,70.10334442859873
84.985232427183,0.02146581524412615,0.11613582497154089,3.0404256917295833,0.9627375121709428,-1.5398423543140964,0.0005395229979491621,70.10334442859873
84.985232427183,0.02146581524412615,0.11613582497154089,3.0404256917295833,0.9627375121709428,-1.5398423543140964,0.0005395229979491621,70.10334442859873
84.985232427183,0.02146581524412615,0.11613582497154089,3.0404256917295833,0.9627375121709428,-1.5398423543140964,0.0005395229979491621,70.10334442859873
91.35563845338305,0.021282805423634144,0.1214720466213916,3.056458775354846,0.9596944416203352,-1.868051933091074,0.0004289295592232286,70.45524999444542
91.35563845338305,0.021282805423634144,0.1214720466213916,3.056458775354846,0.9596944416203352,-1.868051933091074,0.0004289295592232286,70.45524999444542
91.35563845338305,0.021282805423634144,0.1214720466213916,3.056458775354846,0.9596944416203352,-1.868051933091074,0.0004289295592232286,70.45524999444542
91.35563845338305,0.021282805423634144,0.1214720466213916,3.056458775354846,0.9596944416203352,-1.868051933091074,0.0004289295592232286,70.45524999444542
91.35563845338305,0.021282805423634144,0.1214720466213916,3.056458775354846,0.9596944416203352,-1.868051933091074,0.0004289295592232286,70.45524999444542
88.5571403353542,0.02147644546814524,0.12161425918870741,3.0573821372165146,0.9593367907928543,-1.770751050360556,0.0004419850930513157,70.28352806080922
88.5571403353542,0.02147644546814524,0.12161425918870741,3.0573821372165146,0.9593367907928543,-1.770751050360556,0.0004419850930513157,70.28352806080922
88.5571403353542,0.02147644546814524,0.12161425918870741,3.0573821372165146,0.9593367907928543,-1.770751050360556,0.0004419850930513157,70.28352806080922
88.5571403353542,0.02147644546814524,0.12161425918870741,3.0573821372165146,0.9593367907928543,-1.770751050360556,0.0004419850930513157,70.28352806080922
88.5571403353542,0.02147644546814524,0.12161425918870741,3.0573821372165146,0.9593367907928543,-1.770751050360556,0.0004419850930513157,70.28352806080922
88.5571403353542,0.02147644546814524,0.12161425918870741,3.0573821372165146,0.9593367907928543,-1.770751050360556,0.0004419850930513157,70.28352806080922
88.5571403353542,0.02147644546814524,0.12161425918870741,3.0573821372165146,0.9593367907928543,-1.770751050360556,0.0004419850930513157,70.28352806080922
88.5571403353542,0.02147644546814524,0.12161425918870741,3.0573821372165146,0.9593367907928543,-1.770751050360556,0.0004419850930513157,70.28352806080922
88.5571403353542,0.02147644546814524,0.12161425918870741,3.0573821372165146,0.9593367907928543,-1.770751050360556,0.0004419850930513157,70.28352806080922
88.5571403353542,0.02147644546814524,0.12161425918870741,3.0573821372165146,0.9593367907928543,-1.770751050360556,0.0004419850930513157,70.28352806080922
88.5571403353542,0.02147644546814524,0.12161425918870741,3.0573821372165146,0.9593367907928543,-1.770751050360556,0.0004419850930513157,70.28352806080922
88.5571403353542,0.02147644546814524,0.12161425918870741,3.0573821372165146,0.9593367907928543,-1.770751050360556,0.0004419850930513157,70.28352806080922
88.5571403353542,0.02147644546814524,0.12161425918870741,3.0573821372165146,0.9593367907928543,-1.770751050360556,0.0004419850930513157,70.28352806080922
88.5571403353542,0.02147644546814524,0.12161425918870741,3.0573821372165146,0.9593367907928543,-1.770751050360556,0.0004419850930513157,70.28352806080922
88.5571403353542,0.02147644546814524,0.12161425918870741,3.0573821372165146,0.9593367907928543,-1.770751050360556,0.0004419850930513157,70.28352806080922
88.5571403353542,0.02147644546814524,0.12161425918870741,3.0573821372165146,0.9593367907928543,-1.770751050360556,0.0004419850930513157,70.28352806080922
88.5571403353542,0.02147644546814524,0.12161425918870741,3.0573821372165146,0.9593367907928543,-1.770751050360556,0.0004419850930513157,70.28352806080922
88.5571403353542,0.02147644546814524,0.12161425918870741,3.0573821372165146,0.9593367907928543,-1.770751050360556,0.0004419850930513157,70.28352806080922
88.5571403353542,0.02147644546814524,0.12161425918870741,3.0573821372165146,0.9593367907928543,-1.770751050360556,0.0004419850930513157,70.28352806080922
88.5571403353542,0.02147644546814524,0.12161425918870741,3.0573821372165146,0.9593367907928543,-1.770751050360556,0.0004419850930513157,70.28352806080922
88.5571403353542,0.02147644546814524,0.12161425918870741,3.0573821372165146,0.9593367907928543,-1.770751050360556,0.0004419850930513157,70.28352806080922
88.5571403353542,0.02147644546814524,0.12161425918870741,3.0573821372165146,0.9593367907928543,-1.770751050360556,0.0004419850930513157,70.28352806080922
88.5571403353542,0.02147644546814524,0.12161425918870741,3.0573821372165146,0.9593367907928543,-1.770751050360556,0.0004419850930513157,70.28352806080922
83.18759104968532,0.02164368879364753,0.11789214810076559,3.0478110640396756,0.9724036081494641,-1.509460292633483,0.0005054925538433713,72.61082784762252
87.09639304456591,0.02146338306151669,0.12045918610836767,3.0546360408720745,0.9633573827830046,-1.6765239085335166,0.0004880254977271686,72.09845296310411
89.89358458568483,0.021460495121934115,0.11957840677451094,3.0500237896645404,0.9589927051645135,-1.738509258485775,0.0005056571529376773,70.01550944172344
89.89358458568483,0.021460495121934115,0.11957840677451094,3.0500237896645404,0.9589927051645135,-1.738509258485775,0.0005056571529376773,70.01550944172344
89.89358458568483,0.021460495121934115,0.11957840677451094,3.0500237896645404,0.9589927051645135,-1.738509258485775,0.0005056571529376773,70.01550944172344
89.89358458568483,0.021460495121934115,0.11957840677451094,3.0500237896645404,0.9589927051645135,-1.738509258485775,0.0005056571529376773,70.01550944172344
89.89358458568483,0.021460495121934115,0.11957840677451094,3.0500237896645404,0.9589927051645135,-1.738509258485775,0.0005056571529376773,70.01550944172344
89.89358458568483,0.021460495121934115,0.11957840677451094,3.0500237896645404,0.9589927051645135,-1.738509258485775,0.0005056571529376773,70.01550944172344
89.89358458568483,0.021460495121934115,0.11957840677451094,3.0500237896645404,0.9589927051645135,-1.738509258485775,0.0005056571529376773,70.01550944172344
89.89358458568483,0.021460495121934115,0.11957840677451094,3.0500237896645404,0.9589927051645135,-1.738509258485775,0.0005056571529376773,70.01550944172344
89.89358458568483,0.021460495121934115,0.11957840677451094,3.0500237896645404,0.9589927051645135,-1.738509258485775,0.0005056571529376773,70.01550944172344
89.89358458568483,0.021460495121934115,0.11957840677451094,3.0500237896645404,0.9589927051645135,-1.738509258485775,0.0005056571529376773,70.01550944172344
89.89358458568483,0.021460495121934115,0.11957840677451094,3.0500237896645404,0.9589927051645135,-1.738509258485775,0.0005056571529376773,70.01550944172344
89.89358458568483,0.021460495121934115,0.11957840677451094,3.0500237896645404,0.9589927051645135,-1.738509258485775,0.0005056571529376773,70.01550944172344
89.89358458568483,0.021460495121934115,0.11957840677451094,3.0500237896645404,0.9589927051645135,-1.738509258485775,0.0005056571529376773,70.01550944172344
89.89358458568483,0.021460495121934115,0.11957840677451094,3.0500237896645404,0.9589927051645135,-1.738509258485775,0.0005056571529376773,70.01550944172344
89.89358458568483,0.021460495121934115,0.11957840677451094,3.0500237896645404,0.9589927051645135,-1.738509258485775,0.0005056571529376773,70.01550944172344
88.57584173892086,0.021687502424024365,0.11682599087654762,3.0431225761730802,0.9694619717260918,-1.636320197219216,0.0005249269609431232,68.47977270342795
88.57584173892086,0.021687502424024365,0.11682599087654762,3.0431225761730802,0.9694619717260918,-1.636320197219216,0.0005249269609431232,68.47977270342795
87.52100998902849,0.021804311213505956,0.11576748719690243,3.041749494108846,0.9689458714769038,-1.572186460281194,0.0005445591930916622,69.30775848186208
87.52100998902849,0.021804311213505956,0.11576748719690243,3.041749494108846,0.9689458714769038,-1.572186460281194,0.0005445591930916622,69.30775848186208
87.52100998902849,0.021804311213505956,0.11576748719690243,3.041749494108846,0.9689458714769038,-1.572186460281194,0.0005445591930916622,69.30775848186208
87.52100998902849,0.021804311213505956,0.11576748719690243,3.041749494108846,0.9689458714769038,-1.572186460281194,0.0005445591930916622,69.30775848186208
87.52100998902849,0.021804311213505956,0.11576748719690243,3.041749494108846,0.9689458714769038,-1.572186460281194,0.0005445591930916622,69.30775848186208
87.52100998902849,0.021804311213505956,0.11576748719690243,3.041749494108846,0.9689458714769038,-1.572186460281194,0.0005445591930916622,69.30775848186208
87.52100998902849,0.021804311213505956,0.11576748719690243,3.041749494108846,0.9689458714769038,-1.572186460281194,0.0005445591930916622,69.30775848186208
87.52100998902849,0.021804311213505956,0.11576748719690243,3.041749494108846,0.9689458714769038,-1.572186460281194,0.0005445591930916622,69.30775848186208
87.52100998902849,0.021804311213505956,0.11576748719690243,3.041749494108846,0.9689458714769038,-1.572186460281194,0.0005445591930916622,69.30775848186208
87.52100998902849,0.021804311213505956,0.11576748719690243,3.041749494108846,0.9689458714769038,-1.572186460281194,0.0005445591930916622,69.30775848186208
87.52100998902849,0.021804311213505956,0.11576748719690243,3.041749494108846,0.9689458714769038,-1.572186460281194,0.0005445591930916622,69.30775848186208
87.52100998902849,0.021804311213505956,0.11576748719690243,3.041749494108846,0.9689458714769038,-1.572186460281194,0.0005445591930916622,69.30775848186208
88.22219676794175,0.02192026057708462,0.11520055886984515,3.0404825649739213,0.9710332470975268,-1.5636499954994127,0.000559640419321618,70.66662054077396
88.22219676794175,0.02192026057708462,0.11520055886984515,3.0404825649739213,0.9710332470975268,-1.5636499954994127,0.000559640419321618,70.66662054077396
88.22219676794175,0.02192026057708462,0.11520055886984515,3.0404825649739213,0.9710332470975268,-1.5636499954994127,0.000559640419321618,70.66662054077396
88.22219676794175,0.02192026057708462,0.11520055886984515,3.0404825649739213,0.9710332470975268,-1.5636499954994127,0.000559640419321618,70.66662054077396
86.49553753059607,0.0216512635268344,0.11668286503344288,3.042779161103817,0.968516570539319,-1.565217713910211,0.0005243448832105999,69.70426253109373
86.49553753059607,0.0216512635268344,0.11668286503344288,3.042779161103817,0.968516570539319,-1.565217713910211,0.0005243448832105999,69.70426253109373
86.49553753059607,0.0216512635268344,0.11668286503344288,3.042779161103817,0.968516570539319,-1.565217713910211,0.0005243448832105999,69.70426253109373
86.49553753059607,0.0216512635268344,0.11668286503344288,3.042779161103817,0.968516570539319,-1.565217713910211,0.0005243448832105999,69.70426253109373
86.49553753059607,0.0216512635268344,0.11668286503344288,3.042779161103817,0.968516570539319,-1.565217713910211,0.0005243448832105999,69.70426253109373
86.49553753059607,0.0216512635268344,0.11668286503344288,3.042779161103817,0.968516570539319,-1.565217713910211,0.0005243448832105999,69.70426253109373
86.49553753059607,0.0216512635268344,0.11668286503344288,3.042779161103817,0.968516570539319,-1.565217713910211,0.0005243448832105999,69.70426253109373
86.49553753059607,0.0216512635268344,0.11668286503344288,3.042779161103817,0.968516570539319,-1.565217713910211,0.0005243448832105999,69.70426253109373
86.49553753059607,0.0216512635268344,0.11668286503344288,3.042779161103817,0.968516570539319,-1.565217713910211,0.0005243448832105999,69.70426253109373
86.49553753059607,0.0216512635268344,0.11668286503344288,3.042779161103817,0.968516570539319,-1.565217713910211,0.0005243448832105999,69.70426253109373
86.49553753059607,0.0216512635268344,0.11668286503344288,3.042779161103817,0.968516570539319,-1.565217713910211,0.0005243448832105999,69.70426253109373
86.49553753059607,0.0216512635268344,0.11668286503344288,3.042779161103817,0.968516570539319,-1.565217713910211,0.0005243448832105999,69.70426253109373
86.49553753059607,0.0216512635268344,0.11668286503344288,3.042779161103817,0.968516570539319,-1.565217713910211,0.0005243448832105999,69.70426253109373
86.49553753059607,0.0216512635268344,0.11668286503344288,3.042779161103817,0.968516570539319,-1.565217713910211,0.0005243448832105999,69.70426253109373
86.49553753059607,0.0216512635268344,0.11668286503344288,3.042779161103817,0.968516570539319,-1.565217713910211,0.0005243448832105999,69.70426253109373
86.49553753059607,0.0216512635268344,0.11668286503344288,3.042779161103817,0.968516570539319,-1.565217713910211,0.0005243448832105999,69.70426253109373
86.49553753059607,0.0216512635268344,0.11668286503344288,3.042779161103817,0.968516570539319,-1.565217713910211,0.0005243448832105999,69.70426253109373
86.49553753059607,0.0216512635268344,0.11668286503344288,3.042779161103817,0.968516570539319,-1.565217713910211,0.0005243448832105999,69.70426253109373
86.49553753059607,0.0216512635268344,0.11668286503344288,3.042779161103817,0.968516570539319,-1.565217713910211,0.0005243448832105999,69.70426253109373
86.49553753059607,0.0216512635268344,0.11668286503344288,3.042779161103817,0.968516570539319,-1.565217713910211,0.0005243448832105999,69.70426253109373
86.49553753059607,0.0216512635268344,0.11668286503344288,3.042779161103817,0.968516570539319,-1.565217713910211,0.0005243448832105999,69.70426253109373
86.49553753059607,0.0216512635268344,0.11668286503344288,3.042779161103817,0.968516570539319,-1.565217713910211,0.0005243448832105999,69.70426253109373
86.49553753059607,0.0216512635268344,0.11668286503344288,3.042779161103817,0.968516570539319,-1.565217713910211,0.0005243448832105999,69.70426253109373
86.49553753059607,0.0216512635268344,0.11668286503344288,3.042779161103817,0.968516570539319,-1.565217713910211,0.0005243448832105999,69.70426253109373
86.49553753059607,0.0216512635268344,0.11668286503344288,3.042779161103817,0.968516570539319,-1.565217713910211,0.0005243448832105999,69.70426253109373
82.37096303022423,0.022058160936525198,0.11272631570481731,3.030944916960007,0.9796077905618376,-1.3573293223047815,0.0005676471266363849,73.49499611402568
82.37096303022423,0.022058160936525198,0.11272631570481731,3.030944916960007,0.9796077905618376,-1.3573293223047815,0.0005676471266363849,73.49499611402568
82.37096303022423,0.022058160936525198,0.11272631570481731,3.030944916960007,0.9796077905618376,-1.3573293223047815,0.0005676471266363849,73.49499611402568
82.37096303022423,0.022058160936525198,0.11272631570481731,3.030944916960007,0.9796077905618376,-1.3573293223047815,0.0005676471266363849,73.49499611402568
82.37096303022423,0.022058160936525198,0.11272631570481731,3.030944916960007,0.9796077905618376,-1.3573293223047815,0.0005676471266363849,73.49499611402568
82.37096303022423,0.022058160936525198,0.11272631570481731,3.030944916960007,0.9796077905618376,-1.3573293223047815,0.0005676471266363849,73.49499611402568
82.37096303022423,0.022058160936525198,0.11272631570481731,3.030944916960007,0.9796077905618376,-1.3573293223047815,0.0005676471266363849,73.49499611402568
84.54019956270739,0.02186611739044147,0.11337836787165106,3.031797463418279,0.97218107104527,-1.4250576352536335,0.0005831828002919847,74.95997788446617
84.54019956270739,0.02186611739044147,0.11337836787165106,3.031797463418279,0.97218107104527,-1.4250576352536335,0.0005831828002919847,74.95997788446617
92.77960508838729,0.021834289156850865,0.11432167524848512,3.0367061532562087,0.972989130550257,-1.7004658697338035,0.0005209059709270819,73.95899842978963
92.77960508838729,0.021834289156850865,0.11432167524848512,3.0367061532562087,0.972989130550257,-1.7004658697338035,0.0005209059709270819,73.95899842978963
92.77960508838729,0.021834289156850865,0.11432167524848512,3.0367061532562087,0.972989130550257,-1.7004658697338035,0.0005209059709270819,73.95899842978963
92.77960508838729,0.021834289156850865,0.11432167524848512,3.0367061532562087,0.972989130550257,-1.7004658697338035,0.0005209059709270819,73.95899842978963
92.77960508838729,0.021834289156850865,0.11432167524848512,3.0367061532562087,0.972989130550257,-1.7004658697338035,0.0005209059709270819,73.95899842978963
92.77960508838729,0.021834289156850865,0.11432167524848512,3.0367061532562087,0.972989130550257,-1.7004658697338035,0.0005209059709270819,73.95899842978963
92.77960508838729,0.021834289156850865,0.11432167524848512,3.0367061532562087,0.972989130550257,-1.7004658697338035,0.0005209059709270819,73.95899842978963
89.4416124367537,0.021693583173055423,0.11551285967039107,3.0390503837287324,0.9685387104972764,-1.6257264367902484,0.0005322723937725599,69.2490043558867
89.4416124367537,0.021693583173055423,0.11551285967039107,3.0390503837287324,0.9685387104972764,-1.6257264367902484,0.0005322723937725599,69.2490043558867
89.4416124367537,0.021693583173055423,0.11551285967039107,3.0390503837287324,0.9685387104972764,-1.6257264367902484,0.0005322723937725599,69.2490043558867
89.4416124367537,0.021693583173055423,0.11551285967039107,3.0390503837287324,0.9685387104972764,-1.6257264367902484,0.0005322723937725599,69.2490043558867
89.4416124367537,0.021693583173055423,0.11551285967039107,3.0390503837287324,0.9685387104972764,-1.6257264367902484,0.0005322723937725599,69.2490043558867
89.4416124367537,0.021693583173055423,0.11551285967039107,3.0390503837287324,0.9685387104972764,-1.6257264367902484,0.0005322723937725599,69.2490043558867
89.4416124367537,0.021693583173055423,0.11551285967039107,3.0390503837287324,0.9685387104972764,-1.6257264367902484,0.0005322723937725599,69.2490043558867
89.4416124367537,0.021693583173055423,0.11551285967039107,3.0390503837287324,0.9685387104972764,-1.6257264367902484,0.0005322723937725599,69.2490043558867
89.4416124367537,0.021693583173055423,0.11551285967039107,3.0390503837287324,0.9685387104972764,-1.6257264367902484,0.0005322723937725599,69.2490043558867
89.4416124367537,0.021693583173055423,0.11551285967039107,3.0390503837287324,0.9685387104972764,-1.6257264367902484,0.0005322723937725599,69.2490043558867
89.4416124367537,0.021693583173055423,0.11551285967039107,3.0390503837287324,0.9685387104972764,-1.6257264367902484,0.0005322723937725599,69.2490043558867
89.4416124367537,0.021693583173055423,0.11551285967039107,3.0390503837287324,0.9685387104972764,-1.6257264367902484,0.0005322723937725599,69.2490043558867
89.4416124367537,0.021693583173055423,0.11551285967039107,3.0390503837287324,0.9685387104972764,-1.6257264367902484,0.0005322723937725599,69.2490043558867
89.4416124367537,0.021693583173055423,0.11551285967039107,3.0390503837287324,0.9685387104972764,-1.6257264367902484,0.0005322723937725599,69.2490043558867
89.4416124367537,0.021693583173055423,0.11551285967039107,3.0390503837287324,0.9685387104972764,-1.6257264367902484,0.0005322723937725599,69.2490043558867
89.4416124367537,0.021693583173055423,0.11551285967039107,3.0390503837287324,0.9685387104972764,-1.6257264367902484,0.0005322723937725599,69.2490043558867
89.4416124367537,0.021693583173055423,0.11551285967039107,3.0390503837287324,0.9685387104972764,-1.6257264367902484,0.0005322723937725599,69.2490043558867
89.4416124367537,0.021693583173055423,0.11551285967039107,3.0390503837287324,0.9685387104972764,-1.6257264367902484,0.0005322723937725599,69.2490043558867
89.4416124367537,0.021693583173055423,0.11551285967039107,3.0390503837287324,0.9685387104972764,-1.6257264367902484,0.0005322723937725599,69.2490043558867
89.4416124367537,0.021693583173055423,0.11551285967039107,3.0390503837287324,0.9685387104972764,-1.6257264367902484,0.0005322723937725599,69.2490043558867
89.4416124367537,0.021693583173055423,0.11551285967039107,3.0390503837287324,0.9685387104972764,-1.6257264367902484,0.0005322723937725599,69.2490043558867
89.4416124367537,0.021693583173055423,0.11551285967039107,3.0390503837287324,0.9685387104972764,-1.6257264367902484,0.0005322723937725599,69.2490043558867
86.40323799190556,0.021517427291336662,0.11736746583817644,3.0431827950177013,0.9614732468023441,-1.60916425664808,0.00048264015708361554,72.4642542235541
86.40323799190556,0.021517427291336662,0.11736746583817644,3.0431827950177013,0.9614732468023441,-1.60916425664808,0.00048264015708361554,72.4642542235541
86.40323799190556,0.021517427291336662,0.11736746583817644,3.0431827950177013,0.9614732468023441,-1.60916425664808,0.00048264015708361554,72.4642542235541
86.40323799190556,0.021517427291336662,0.11736746583817644,3.0431827950177013,0.9614732468023441,-1.60916425664808,0.00048264015708361554,72.4642542235541
86.40323799190556,0.021517427291336662,0.11736746583817644,3.0431827950177013,0.9614732468023441,-1.60916425664808,0.00048264015708361554,72.4642542235541
86.40323799190556,0.021517427291336662,0.11736746583817644,3.0431827950177013,0.9614732468023441,-1.60916425664808,0.00048264015708361554,72.4642542235541
86.40323799190556,0.021517427291336662,0.11736746583817644,3.0431827950177013,0.9614732468023441,-1.60916425664808,0.00048264015708361554,72.4642542235541
77.58086341207913,0.021553958857284426,0.11295198034434697,3.0312355124708135,0.9727821862057642,-1.2648040763176218,0.0005438162087703941,76.09060368050504
77.58086341207913,0.021553958857284426,0.11295198034434697,3.0312355124708135,0.9727821862057642,-1.2648040763176218,0.0005438162087703941,76.09060368050504
74.14515165888433,0.021682861470807432,0.11524387729131048,3.036020345648037,0.9686579865679673,-1.1916962637178694,0.0005640690734290538,69.65061587802687
74.14515165888433,0.021682861470807432,0.11524387729131048,3.036020345648037,0.9686579865679673,-1.1916962637178694,0.0005640690734290538,69.65061587802687
74.14515165888433,0.021682861470807432,0.11524387729131048,3.036020345648037,0.9686579865679673,-1.1916962637178694,0.0005640690734290538,69.65061587802687
74.14515165888433,0.021682861470807432,0.11524387729131048,3.036020345648037,0.9686579865679673,-1.1916962637178694,0.0005640690734290538,69.65061587802687
74.14515165888433,0.021682861470807432,0.11524387729131048,3.036020345648037,0.9686579865679673,-1.1916962637178694,0.0005640690734290538,69.65061587802687
74.14515165888433,0.021682861470807432,0.11524387729131048,3.036020345648037,0.9686579865679673,-1.1916962637178694,0.0005640690734290538,69.65061587802687
74.14515165888433,0.021682861470807432,0.11524387729131048,3.036020345648037,0.9686579865679673,-1.1916962637178694,0.0005640690734290538,69.65061587802687
74.14515165888433,0.021682861470807432,0.11524387729131048,3.036020345648037,0.9686579865679673,-1.1916962637178694,0.0005640690734290538,69.65061587802687
74.147546178627,0.02160138710588461,0.11863036524092406,3.0465161783890053,0.9659900591094551,-1.2434686713205967,0.0005382927835563482,68.94546749635991
74.147546178627,0.02160138710588461,0.11863036524092406,3.0465161783890053,0.9659900591094551,-1.2434686713205967,0.0005382927835563482,68.94546749635991
74.147546178627,0.02160138710588461,0.11863036524092406,3.0465161783890053,0.9659900591094551,-1.2434686713205967,0.0005382927835563482,68.94546749635991
76.76411025422757,0.021345345564130716,0.11696820574498203,3.043686970462422,0.9665076945013699,-1.313354119213271,0.0005111280535314066,70.92185852879935
79.9592811919982,0.021533759494521604,0.11669793493101054,3.044654757202658,0.9666141818881229,-1.3838096021650992,0.0005103315140012209,71.87754678919272
79.9592811919982,0.021533759494521604,0.11669793493101054,3.044654757202658,0.9666141818881229,-1.3838096021650992,0.0005103315140012209,71.87754678919272
79.9592811919982,0.021533759494521604,0.11669793493101054,3.044654757202658,0.9666141818881229,-1.3838096021650992,0.0005103315140012209,71.87754678919272
79.9592811919982,0.021533759494521604,0.11669793493101054,3.044654757202658,0.9666141818881229,-1.3838096021650992,0.0005103315140012209,71.87754678919272
79.9592811919982,0.021533759494521604,0.11669793493101054,3.044654757202658,0.9666141818881229,-1.3838096021650992,0.0005103315140012209,71.87754678919272
77.50228163277264,0.021882046333498533,0.11519821677246718,3.040179268822203,0.9764169644038733,-1.2644937250826886,0.0005230586595421462,74.47731930367617
77.50228163277264,0.021882046333498533,0.11519821677246718,3.040179268822203,0.9764169644038733,-1.2644937250826886,0.0005230586595421462,74.47731930367617
77.50228163277264,0.021882046333498533,0.11519821677246718,3.040179268822203,0.9764169644038733,-1.2644937250826886,0.0005230586595421462,74.47731930367617
77.50228163277264,0.021882046333498533,0.11519821677246718,3.040179268822203,0.9764169644038733,-1.2644937250826886,0.0005230586595421462,74.47731930367617
77.50228163277264,0.021882046333498533,0.11519821677246718,3.040179268822203,0.9764169644038733,-1.2644937250826886,0.0005230586595421462,74.47731930367617
77.50228163277264,0.021882046333498533,0.11519821677246718,3.040179268822203,0.9764169644038733,-1.2644937250826886,0.0005230586595421462,74.47731930367617
77.50228163277264,0.021882046333498533,0.11519821677246718,3.040179268822203,0.9764169644038733,-1.2644937250826886,0.0005230586595421462,74.47731930367617
77.50228163277264,0.021882046333498533,0.11519821677246718,3.040179268822203,0.9764169644038733,-1.2644937250826886,0.0005230586595421462,74.47731930367617
82.68057210712335,0.021619315408533034,0.1190555185766071,3.0514321145879113,0.9662914098524579,-1.5050334789378945,0.00047516596827516875,73.68764258971649
82.68057210712335,0.021619315408533034,0.1190555185766071,3.0514321145879113,0.9662914098524579,-1.5050334789378945,0.00047516596827516875,73.68764258971649
78.08818295042545,0.021736300781510648,0.11663542080717985,3.044922290924904,0.9683584457768702,-1.3233731853936426,0.0005046887537781499,70.29265360552043
79.24740780139642,0.02139863512947617,0.12064685380899746,3.052997468878387,0.9590221204993331,-1.4537956402979242,0.0004649425674317273,72.71444647945593
63.2361033549729,0.021956444142527606,0.11483935297081875,3.0322434585188835,0.9674379328524738,-0.8343771864832972,0.0006103436858117166,75.23666182706023
63.2361033549729,0.021956444142527606,0.11483935297081875,3.0322434585188835,0.9674379328524738,-0.8343771864832972,0.0006103436858117166,75.23666182706023
63.2361033549729,0.021956444142527606,0.11483935297081875,3.0322434585188835,0.9674379328524738,-0.8343771864832972,0.0006103436858117166,75.23666182706023
63.2361033549729,0.021956444142527606,0.11483935297081875,3.0322434585188835,0.9674379328524738,-0.8343771864832972,0.0006103436858117166,75.23666182706023
63.2361033549729,0.021956444142527606,0.11483935297081875,3.0322434585188835,0.9674379328524738,-0.8343771864832972,0.0006103436858117166,75.23666182706023
63.2361033549729,0.021956444142527606,0.11483935297081875,3.0322434585188835,0.9674379328524738,-0.8343771864832972,0.0006103436858117166,75.23666182706023
63.2361033549729,0.021956444142527606,0.11483935297081875,3.0322434585188835,0.9674379328524738,-0.8343771864832972,0.0006103436858117166,75.23666182706023
71.03944996471495,0.021592920437588134,0.11773764434047294,3.0389899203165935,0.9660595235382701,-1.138255286169342,0.0005577179569960632,74.86406022073002
71.03944996471495,0.021592920437588134,0.11773764434047294,3.0389899203165935,0.9660595235382701,-1.138255286169342,0.0005577179569960632,74.86406022073002
71.03944996471495,0.021592920437588134,0.11773764434047294,3.0389899203165935,0.9660595235382701,-1.138255286169342,0.0005577179569960632,74.86406022073002
71.03944996471495,0.021592920437588134,0.11773764434047294,3.0389899203165935,0.9660595235382701,-1.138255286169342,0.0005577179569960632,74.86406022073002
71.03944996471495,0.021592920437588134,0.11773764434047294,3.0389899203165935,0.9660595235382701,-1.138255286169342,0.0005577179569960632,74.86406022073002
71.63955272923208,0.0212771719893356,0.12061185909299853,3.0463758044790166,0.9582760154801561,-1.2205885837446748,0.0005329261510223905,72.79439402396501
71.63955272923208,0.0212771719893356,0.12061185909299853,3.0463758044790166,0.9582760154801561,-1.2205885837446748,0.0005329261510223905,72.79439402396501
71.63955272923208,0.0212771719893356,0.12061185909299853,3.0463758044790166,0.9582760154801561,-1.2205885837446748,0.0005329261510223905,72.79439402396501
71.63955272923208,0.0212771719893356,0.12061185909299853,3.0463758044790166,0.9582760154801561,-1.2205885837446748,0.0005329261510223905,72.79439402396501
71.63955272923208,0.0212771719893356,0.12061185909299853,3.0463758044790166,0.9582760154801561,-1.2205885837446748,0.0005329261510223905,72.79439402396501
71.63955272923208,0.0212771719893356,0.12061185909299853,3.0463758044790166,0.9582760154801561,-1.2205885837446748,0.0005329261510223905,72.79439402396501
71.63955272923208,0.0212771719893356,0.12061185909299853,3.0463758044790166,0.9582760154801561,-1.2205885837446748,0.0005329261510223905,72.79439402396501
71.63955272923208,0.0212771719893356,0.12061185909299853,3.0463758044790166,0.9582760154801561,-1.2205885837446748,0.0005329261510223905,72.79439402396501
71.63955272923208,0.0212771719893356,0.12061185909299853,3.0463758044790166,0.9582760154801561,-1.2205885837446748,0.0005329261510223905,72.79439402396501
69.691273569086,0.021268070538887116,0.12090896272619532,3.0495039958982653,0.9581745343013316,-1.1664555449857041,0.000550205947810284,73.17288043872439
69.691273569086,0.021268070538887116,0.12090896272619532,3.0495039958982653,0.9581745343013316,-1.1664555449857041,0.000550205947810284,73.17288043872439
72.40044598664421,0.02170603669768375,0.11868548261235497,3.0488741442742273,0.9734400586420924,-1.1924348357055128,0.000509224337144925,76.06584748487694
72.40044598664421,0.02170603669768375,0.11868548261235497,3.0488741442742273,0.9734400586420924,-1.1924348357055128,0.000509224337144925,76.06584748487694
72.40044598664421,0.02170603669768375,0.11868548261235497,3.0488741442742273,0.9734400586420924,-1.1924348357055128,0.000509224337144925,76.06584748487694
72.40044598664421,0.02170603669768375,0.11868548261235497,3.0488741442742273,0.9734400586420924,-1.1924348357055128,0.000509224337144925,76.06584748487694
72.40044598664421,0.02170603669768375,0.11868548261235497,3.0488741442742273,0.9734400586420924,-1.1924348357055128,0.000509224337144925,76.06584748487694
72.40044598664421,0.02170603669768375,0.11868548261235497,3.0488741442742273,0.9734400586420924,-1.1924348357055128,0.000509224337144925,76.06584748487694
69.08644612546895,0.021795308006297892,0.1149814058972464,3.0370885481037266,0.9783479976170802,-1.0156822205007976,0.0005586621320258656,74.51541436483551
69.08644612546895,0.021795308006297892,0.1149814058972464,3.0370885481037266,0.9783479976170802,-1.0156822205007976,0.0005586621320258656,74.51541436483551
71.345039609548,0.02122729359135559,0.11786240535724063,3.0441420618197568,0.9632500886670469,-1.157478918350091,0.0005405581645760051,70.58486252169308
71.345039609548,0.02122729359135559,0.11786240535724063,3.0441420618197568,0.9632500886670469,-1.157478918350091,0.0005405581645760051,70.58486252169308
71.345039609548,0.02122729359135559,0.11786240535724063,3.0441420618197568,0.9632500886670469,-1.157478918350091,0.0005405581645760051,70.58486252169308
71.50179565792244,0.020981100837802042,0.12275704564738853,3.05640742945003,0.9506696269281546,-1.2869159848494371,0.0004854199063200595,70.12996734720544
74.31691242957369,0.02117913004250587,0.12106235815343752,3.050640105127643,0.9533753622891341,-1.3181940234284304,0.0005237623089313568,66.87868109729423
74.31691242957369,0.02117913004250587,0.12106235815343752,3.050640105127643,0.9533753622891341,-1.3181940234284304,0.0005237623089313568,66.87868109729423
74.31691242957369,0.02117913004250587,0.12106235815343752,3.050640105127643,0.9533753622891341,-1.3181940234284304,0.0005237623089313568,66.87868109729423
74.31691242957369,0.02117913004250587,0.12106235815343752,3.050640105127643,0.9533753622891341,-1.3181940234284304,0.0005237623089313568,66.87868109729423
74.31691242957369,0.02117913004250587,0.12106235815343752,3.050640105127643,0.9533753622891341,-1.3181940234284304,0.0005237623089313568,66.87868109729423
74.31691242957369,0.02117913004250587,0.12106235815343752,3.050640105127643,0.9533753622891341,-1.3181940234284304,0.0005237623089313568,66.87868109729423
74.31691242957369,0.02117913004250587,0.12106235815343752,3.050640105127643,0.9533753622891341,-1.3181940234284304,0.0005237623089313568,66.87868109729423
74.31691242957369,0.02117913004250587,0.12106235815343752,3.050640105127643,0.9533753622891341,-1.3181940234284304,0.0005237623089313568,66.87868109729423
74.31691242957369,0.02117913004250587,0.12106235815343752,3.050640105127643,0.9533753622891341,-1.3181940234284304,0.0005237623089313568,66.87868109729423
74.31691242957369,0.02117913004250587,0.12106235815343752,3.050640105127643,0.9533753622891341,-1.3181940234284304,0.0005237623089313568,66.87868109729423
74.31691242957369,0.02117913004250587,0.12106235815343752,3.050640105127643,0.9533753622891341,-1.3181940234284304,0.0005237623089313568,66.87868109729423
74.31691242957369,0.02117913004250587,0.12106235815343752,3.050640105127643,0.9533753622891341,-1.3181940234284304,0.0005237623089313568,66.87868109729423
74.31691242957369,0.02117913004250587,0.12106235815343752,3.050640105127643,0.9533753622891341,-1.3181940234284304,0.0005237623089313568,66.87868109729423
74.31691242957369,0.02117913004250587,0.12106235815343752,3.050640105127643,0.9533753622891341,-1.3181940234284304,0.0005237623089313568,66.87868109729423
74.31691242957369,0.02117913004250587,0.12106235815343752,3.050640105127643,0.9533753622891341,-1.3181940234284304,0.0005237623089313568,66.87868109729423
74.31691242957369,0.02117913004250587,0.12106235815343752,3.050640105127643,0.9533753622891341,-1.3181940234284304,0.0005237623089313568,66.87868109729423
74.31691242957369,0.02117913004250587,0.12106235815343752,3.050640105127643,0.9533753622891341,-1.3181940234284304,0.0005237623089313568,66.87868109729423
74.31691242957369,0.02117913004250587,0.12106235815343752,3.050640105127643,0.9533753622891341,-1.3181940234284304,0.0005237623089313568,66.87868109729423
74.31691242957369,0.02117913004250587,0.12106235815343752,3.050640105127643,0.9533753622891341,-1.3181940234284304,0.0005237623089313568,66.87868109729423
74.31691242957369,0.02117913004250587,0.12106235815343752,3.050640105127643,0.9533753622891341,-1.3181940234284304,0.0005237623089313568,66.87868109729423
74.31691242957369,0.02117913004250587,0.12106235815343752,3.050640105127643,0.9533753622891341,-1.3181940234284304,0.0005237623089313568,66.87868109729423
65.22833974908995,0.021828587555880095,0.11519807858326167,3.0353992516372643,0.9666566189305588,-0.9059169024302234,0.0006103318466976831,71.50872775231194
70.35752165871553,0.021317642483060045,0.12002602048362733,3.0487657579244476,0.9526293113516076,-1.1810714983275248,0.000542979911135345,72.07185731866528
79.18589853410464,0.020958433751493265,0.12214053998757993,3.0569315807912467,0.9502209872305049,-1.5191520930290876,0.0004560693889026356,71.12549014041694
79.18589853410464,0.020958433751493265,0.12214053998757993,3.0569315807912467,0.9502209872305049,-1.5191520930290876,0.0004560693889026356,71.12549014041694
79.18589853410464,0.020958433751493265,0.12214053998757993,3.0569315807912467,0.9502209872305049,-1.5191520930290876,0.0004560693889026356,71.12549014041694
79.18589853410464,0.020958433751493265,0.12214053998757993,3.0569315807912467,0.9502209872305049,-1.5191520930290876,0.0004560693889026356,71.12549014041694
79.18589853410464,0.020958433751493265,0.12214053998757993,3.0569315807912467,0.9502209872305049,-1.5191520930290876,0.0004560693889026356,71.12549014041694
76.7284937012066,0.021585053565338352,0.12291072630392377,3.060318574807727,0.9572612941968407,-1.4112696605099786,0.0004851952126067803,72.02706257959977
76.7284937012066,0.021585053565338352,0.12291072630392377,3.060318574807727,0.9572612941968407,-1.4112696605099786,0.0004851952126067803,72.02706257959977
76.7284937012066,0.021585053565338352,0.12291072630392377,3.060318574807727,0.9572612941968407,-1.4112696605099786,0.0004851952126067803,72.02706257959977
75.65823490347336,0.021710646378896883,0.12300873186498922,3.06257813302165,0.9580800138701767,-1.3851778206801117,0.000465274675168601,75.06014174342363
75.65823490347336,0.021710646378896883,0.12300873186498922,3.06257813302165,0.9580800138701767,-1.3851778206801117,0.000465274675168601,75.06014174342363
72.29085047958405,0.021370072530402715,0.12652791982196449,3.0682370929610667,0.9434424377873265,-1.3620172321507198,0.00047138176183578634,73.3904745515927
72.29085047958405,0.021370072530402715,0.12652791982196449,3.0682370929610667,0.9434424377873265,-1.3620172321507198,0.00047138176183578634,73.3904745515927
72.29085047958405,0.021370072530402715,0.12652791982196449,3.0682370929610667,0.9434424377873265,-1.3620172321507198,0.00047138176183578634,73.3904745515927
72.29085047958405,0.021370072530402715,0.12652791982196449,3.0682370929610667,0.9434424377873265,-1.3620172321507198,0.00047138176183578634,73.3904745515927
72.29085047958405,0.021370072530402715,0.12652791982196449,3.0682370929610667,0.9434424377873265,-1.3620172321507198,0.00047138176183578634,73.3904745515927
72.29085047958405,0.021370072530402715,0.12652791982196449,3.0682370929610667,0.9434424377873265,-1.3620172321507198,0.00047138176183578634,73.3904745515927
76.30142679384232,0.021307214362489564,0.12151653938639399,3.0519648628467904,0.951865569526737,-1.3914149583642172,0.0004867389649769372,71.7441532034203
76.30142679384232,0.021307214362489564,0.12151653938639399,3.0519648628467904,0.951865569526737,-1.3914149583642172,0.0004867389649769372,71.7441532034203
76.30142679384232,0.021307214362489564,0.12151653938639399,3.0519648628467904,0.951865569526737,-1.3914149583642172,0.0004867389649769372,71.7441532034203
76.30142679384232,0.021307214362489564,0.12151653938639399,3.0519648628467904,0.951865569526737,-1.3914149583642172,0.0004867389649769372,71.7441532034203
76.30142679384232,0.021307214362489564,0.12151653938639399,3.0519648628467904,0.951865569526737,-1.3914149583642172,0.0004867389649769372,71.7441532034203
70.85428100106515,0.021707735797202116,0.11881246313207547,3.046580668788995,0.9647349058709657,-1.1421503555445403,0.0005352386914330672,69.11557639129914
68.60562893292406,0.021423780627349377,0.11869385068276883,3.0457304147246034,0.9597261000642578,-1.0771324275803782,0.0005545663270503236,67.00396593679072
68.60562893292406,0.021423780627349377,0.11869385068276883,3.0457304147246034,0.9597261000642578,-1.0771324275803782,0.0005545663270503236,67.00396593679072
68.60562893292406,0.021423780627349377,0.11869385068276883,3.0457304147246034,0.9597261000642578,-1.0771324275803782,0.0005545663270503236,67.00396593679072
68.60562893292406,0.021423780627349377,0.11869385068276883,3.0457304147246034,0.9597261000642578,-1.0771324275803782,0.0005545663270503236,67.00396593679072
68.60562893292406,0.021423780627349377,0.11869385068276883,3.0457304147246034,0.9597261000642578,-1.0771324275803782,0.0005545663270503236,67.00396593679072
68.60562893292406,0.021423780627349377,0.11869385068276883,3.0457304147246034,0.9597261000642578,-1.0771324275803782,0.0005545663270503236,67.00396593679072
68.60562893292406,0.021423780627349377,0.11869385068276883,3.0457304147246034,0.9597261000642578,-1.0771324275803782,0.0005545663270503236,67.00396593679072
66.12857556360885,0.021099646794131593,0.12063831260351557,3.045728920575456,0.9474934888169819,-1.025362596274883,0.0006210068741544885,68.1668503477214
66.12857556360885,0.021099646794131593,0.12063831260351557,3.045728920575456,0.9474934888169819,-1.025362596274883,0.0006210068741544885,68.1668503477214
66.12857556360885,0.021099646794131593,0.12063831260351557,3.045728920575456,0.9474934888169819,-1.025362596274883,0.0006210068741544885,68.1668503477214
66.12857556360885,0.021099646794131593,0.12063831260351557,3.045728920575456,0.9474934888169819,-1.025362596274883,0.0006210068741544885,68.1668503477214
66.12857556360885,0.021099646794131593,0.12063831260351557,3.045728920575456,0.9474934888169819,-1.025362596274883,0.0006210068741544885,68.1668503477214
66.12857556360885,0.021099646794131593,0.12063831260351557,3.045728920575456,0.9474934888169819,-1.025362596274883,0.0006210068741544885,68.1668503477214
66.12857556360885,0.021099646794131593,0.12063831260351557,3.045728920575456,0.9474934888169819,-1.025362596274883,0.0006210068741544885,68.1668503477214
66.12857556360885,0.021099646794131593,0.12063831260351557,3.045728920575456,0.9474934888169819,-1.025362596274883,0.0006210068741544885,68.1668503477214
68.9994824312489,0.02108713699676559,0.12241813054766604,3.0527710401038113,0.9500633297683111,-1.1532085055726422,0.0005570428197489984,68.050775905102
68.9994824312489,0.02108713699676559,0.12241813054766604,3.0527710401038113,0.9500633297683111,-1.1532085055726422,0.0005570428197489984,68.050775905102
68.9994824312489,0.02108713699676559,0.12241813054766604,3.0527710401038113,0.9500633297683111,-1.1532085055726422,0.0005570428197489984,68.050775905102
68.9994824312489,0.02108713699676559,0.12241813054766604,3.0527710401038113,0.9500633297683111,-1.1532085055726422,0.0005570428197489984,68.050775905102
68.9994824312489,0.02108713699676559,0.12241813054766604,3.0527710401038113,0.9500633297683111,-1.1532085055726422,0.0005570428197489984,68.050775905102
68.9994824312489,0.02108713699676559,0.12241813054766604,3.0527710401038113,0.9500633297683111,-1.1532085055726422,0.0005570428197489984,68.050775905102
68.9994824312489,0.02108713699676559,0.12241813054766604,3.0527710401038113,0.9500633297683111,-1.1532085055726422,0.0005570428197489984,68.050775905102
68.9994824312489,0.02108713699676559,0.12241813054766604,3.0527710401038113,0.9500633297683111,-1.1532085055726422,0.0005570428197489984,68.050775905102
68.9994824312489,0.02108713699676559,0.12241813054766604,3.0527710401038113,0.9500633297683111,-1.1532085055726422,0.0005570428197489984,68.050775905102
68.9994824312489,0.02108713699676559,0.12241813054766604,3.0527710401038113,0.9500633297683111,-1.1532085055726422,0.0005570428197489984,68.050775905102
68.9994824312489,0.02108713699676559,0.12241813054766604,3.0527710401038113,0.9500633297683111,-1.1532085055726422,0.0005570428197489984,68.050775905102
68.9994824312489,0.02108713699676559,0.12241813054766604,3.0527710401038113,0.9500633297683111,-1.1532085055726422,0.0005570428197489984,68.050775905102
68.9994824312489,0.02108713699676559,0.12241813054766604,3.0527710401038113,0.9500633297683111,-1.1532085055726422,0.0005570428197489984,68.050775905102
68.9994824312489,0.02108713699676559,0.12241813054766604,3.0527710401038113,0.9500633297683111,-1.1532085055726422,0.0005570428197489984,68.050775905102
68.9994824312489,0.02108713699676559,0.12241813054766604,3.0527710401038113,0.9500633297683111,-1.1532085055726422,0.0005570428197489984,68.050775905102
68.9994824312489,0.02108713699676559,0.12241813054766604,3.0527710401038113,0.9500633297683111,-1.1532085055726422,0.0005570428197489984,68.050775905102
68.9994824312489,0.02108713699676559,0.12241813054766604,3.0527710401038113,0.9500633297683111,-1.1532085055726422,0.0005570428197489984,68.050775905102
68.9994824312489,0.02108713699676559,0.12241813054766604,3.0527710401038113,0.9500633297683111,-1.1532085055726422,0.0005570428197489984,68.050775905102
68.9994824312489,0.02108713699676559,0.12241813054766604,3.0527710401038113,0.9500633297683111,-1.1532085055726422,0.0005570428197489984,68.050775905102
68.9994824312489,0.02108713699676559,0.12241813054766604,3.0527710401038113,0.9500633297683111,-1.1532085055726422,0.0005570428197489984,68.050775905102
70.97365470751049,0.021401028222457517,0.11902989790914434,3.0488524250152373,0.9619835232648543,-1.1550189463625784,0.0005418517618695418,68.99015282389624
70.97365470751049,0.021401028222457517,0.11902989790914434,3.0488524250152373,0.9619835232648543,-1.1550189463625784,0.0005418517618695418,68.99015282389624
70.97365470751049,0.021401028222457517,0.11902989790914434,3.0488524250152373,0.9619835232648543,-1.1550189463625784,0.0005418517618695418,68.99015282389624
70.97365470751049,0.021401028222457517,0.11902989790914434,3.0488524250152373,0.9619835232648543,-1.1550189463625784,0.0005418517618695418,68.99015282389624
70.97365470751049,0.021401028222457517,0.11902989790914434,3.0488524250152373,0.9619835232648543,-1.1550189463625784,0.0005418517618695418,68.99015282389624
70.97365470751049,0.021401028222457517,0.11902989790914434,3.0488524250152373,0.9619835232648543,-1.1550189463625784,0.0005418517618695418,68.99015282389624
70.97365470751049,0.021401028222457517,0.11902989790914434,3.0488524250152373,0.9619835232648543,-1.1550189463625784,0.0005418517618695418,68.99015282389624
70.97365470751049,0.021401028222457517,0.11902989790914434,3.0488524250152373,0.9619835232648543,-1.1550189463625784,0.0005418517618695418,68.99015282389624
70.97365470751049,0.021401028222457517,0.11902989790914434,3.0488524250152373,0.9619835232648543,-1.1550189463625784,0.0005418517618695418,68.99015282389624
70.97365470751049,0.021401028222457517,0.11902989790914434,3.0488524250152373,0.9619835232648543,-1.1550189463625784,0.0005418517618695418,68.99015282389624
70.97365470751049,0.021401028222457517,0.11902989790914434,3.0488524250152373,0.9619835232648543,-1.1550189463625784,0.0005418517618695418,68.99015282389624
70.97365470751049,0.021401028222457517,0.11902989790914434,3.0488524250152373,0.9619835232648543,-1.1550189463625784,0.0005418517618695418,68.99015282389624
70.97365470751049,0.021401028222457517,0.11902989790914434,3.0488524250152373,0.9619835232648543,-1.1550189463625784,0.0005418517618695418,68.99015282389624
70.97365470751049,0.021401028222457517,0.11902989790914434,3.0488524250152373,0.9619835232648543,-1.1550189463625784,0.0005418517618695418,68.99015282389624
70.97365470751049,0.021401028222457517,0.11902989790914434,3.0488524250152373,0.9619835232648543,-1.1550189463625784,0.0005418517618695418,68.99015282389624
71.61588231531871,0.020878056463874663,0.12371872801578984,3.0580457991120147,0.9445728183427473,-1.2812703199176987,0.0005287306168040304,68.52421172030552
71.61588231531871,0.020878056463874663,0.12371872801578984,3.0580457991120147,0.9445728183427473,-1.2812703199176987,0.0005287306168040304,68.52421172030552
71.61588231531871,0.020878056463874663,0.12371872801578984,3.0580457991120147,0.9445728183427473,-1.2812703199176987,0.0005287306168040304,68.52421172030552
71.61588231531871,0.020878056463874663,0.12371872801578984,3.0580457991120147,0.9445728183427473,-1.2812703199176987,0.0005287306168040304,68.52421172030552
71.61588231531871,0.020878056463874663,0.12371872801578984,3.0580457991120147,0.9445728183427473,-1.2812703199176987,0.0005287306168040304,68.52421172030552
71.61588231531871,0.020878056463874663,0.12371872801578984,3.0580457991120147,0.9445728183427473,-1.2812703199176987,0.0005287306168040304,68.52421172030552
71.30017443000058,0.020777628492415347,0.1246637048393842,3.0592981489747353,0.9355125806331595,-1.2859300594142902,0.0005495621038967572,72.73428723991829
71.30017443000058,0.020777628492415347,0.1246637048393842,3.0592981489747353,0.9355125806331595,-1.2859300594142902,0.0005495621038967572,72.73428723991829
71.30017443000058,0.020777628492415347,0.1246637048393842,3.0592981489747353,0.9355125806331595,-1.2859300594142902,0.0005495621038967572,72.73428723991829
71.30017443000058,0.020777628492415347,0.1246637048393842,3.0592981489747353,0.9355125806331595,-1.2859300594142902,0.0005495621038967572,72.73428723991829
71.30017443000058,0.020777628492415347,0.1246637048393842,3.0592981489747353,0.9355125806331595,-1.2859300594142902,0.0005495621038967572,72.73428723991829
71.30017443000058,0.020777628492415347,0.1246637048393842,3.0592981489747353,0.9355125806331595,-1.2859300594142902,0.0005495621038967572,72.73428723991829
71.30017443000058,0.020777628492415347,0.1246637048393842,3.0592981489747353,0.9355125806331595,-1.2859300594142902,0.0005495621038967572,72.73428723991829
71.30017443000058,0.020777628492415347,0.1246637048393842,3.0592981489747353,0.9355125806331595,-1.2859300594142902,0.0005495621038967572,72.73428723991829
71.30017443000058,0.020777628492415347,0.1246637048393842,3.0592981489747353,0.9355125806331595,-1.2859300594142902,0.0005495621038967572,72.73428723991829
71.30017443000058,0.020777628492415347,0.1246637048393842,3.0592981489747353,0.9355125806331595,-1.2859300594142902,0.0005495621038967572,72.73428723991829
71.30017443000058,0.020777628492415347,0.1246637048393842,3.0592981489747353,0.9355125806331595,-1.2859300594142902,0.0005495621038967572,72.73428723991829
71.30017443000058,0.020777628492415347,0.1246637048393842,3.0592981489747353,0.9355125806331595,-1.2859300594142902,0.0005495621038967572,72.73428723991829
71.30017443000058,0.020777628492415347,0.1246637048393842,3.0592981489747353,0.9355125806331595,-1.2859300594142902,0.0005495621038967572,72.73428723991829
71.30017443000058,0.020777628492415347,0.1246637048393842,3.0592981489747353,0.9355125806331595,-1.2859300594142902,0.0005495621038967572,72.73428723991829
71.30017443000058,0.020777628492415347,0.1246637048393842,3.0592981489747353,0.9355125806331595,-1.2859300594142902,0.0005495621038967572,72.73428723991829
71.30017443000058,0.020777628492415347,0.1246637048393842,3.0592981489747353,0.9355125806331595,-1.2859300594142902,0.0005495621038967572,72.73428723991829
71.30017443000058,0.020777628492415347,0.1246637048393842,3.0592981489747353,0.9355125806331595,-1.2859300594142902,0.0005495621038967572,72.73428723991829
71.06746867307942,0.021103686022931886,0.12110073739269535,3.050010970002841,0.9503196007601047,-1.2022440288113962,0.0005614101414375727,67.44994732711281
73.4000493135363,0.021105444159512467,0.12165735754956601,3.0552797041765976,0.9553682755752627,-1.3043219587937245,0.00047184654609548626,68.74253289042879
73.04972319977507,0.02104503484443855,0.12543942023101176,3.0622851161766014,0.9473809907464952,-1.3545826866823025,0.00048718698112398324,75.34133458252262
73.04972319977507,0.02104503484443855,0.12543942023101176,3.0622851161766014,0.9473809907464952,-1.3545826866823025,0.00048718698112398324,75.34133458252262
73.04972319977507,0.02104503484443855,0.12543942023101176,3.0622851161766014,0.9473809907464952,-1.3545826866823025,0.00048718698112398324,75.34133458252262
72.35189715431234,0.020751595742159977,0.12395066567285028,3.0564502868112515,0.9424588977364758,-1.338980866236235,0.0004904695553029738,70.37993517478833
72.35189715431234,0.020751595742159977,0.12395066567285028,3.0564502868112515,0.9424588977364758,-1.338980866236235,0.0004904695553029738,70.37993517478833
72.35189715431234,0.020751595742159977,0.12395066567285028,3.0564502868112515,0.9424588977364758,-1.338980866236235,0.0004904695553029738,70.37993517478833
72.35189715431234,0.020751595742159977,0.12395066567285028,3.0564502868112515,0.9424588977364758,-1.338980866236235,0.0004904695553029738,70.37993517478833
72.35189715431234,0.020751595742159977,0.12395066567285028,3.0564502868112515,0.9424588977364758,-1.338980866236235,0.0004904695553029738,70.37993517478833
72.35189715431234,0.020751595742159977,0.12395066567285028,3.0564502868112515,0.9424588977364758,-1.338980866236235,0.0004904695553029738,70.37993517478833
72.35189715431234,0.020751595742159977,0.12395066567285028,3.0564502868112515,0.9424588977364758,-1.338980866236235,0.0004904695553029738,70.37993517478833
72.35189715431234,0.020751595742159977,0.12395066567285028,3.0564502868112515,0.9424588977364758,-1.338980866236235,0.0004904695553029738,70.37993517478833
72.35189715431234,0.020751595742159977,0.12395066567285028,3.0564502868112515,0.9424588977364758,-1.338980866236235,0.0004904695553029738,70.37993517478833
72.35189715431234,0.020751595742159977,0.12395066567285028,3.0564502868112515,0.9424588977364758,-1.338980866236235,0.0004904695553029738,70.37993517478833
72.35189715431234,0.020751595742159977,0.12395066567285028,3.0564502868112515,0.9424588977364758,-1.338980866236235,0.0004904695553029738,70.37993517478833
72.35189715431234,0.020751595742159977,0.12395066567285028,3.0564502868112515,0.9424588977364758,-1.338980866236235,0.0004904695553029738,70.37993517478833
72.35189715431234,0.020751595742159977,0.12395066567285028,3.0564502868112515,0.9424588977364758,-1.338980866236235,0.0004904695553029738,70.37993517478833
72.35189715431234,0.020751595742159977,0.12395066567285028,3.0564502868112515,0.9424588977364758,-1.338980866236235,0.0004904695553029738,70.37993517478833
72.35189715431234,0.020751595742159977,0.12395066567285028,3.0564502868112515,0.9424588977364758,-1.338980866236235,0.0004904695553029738,70.37993517478833
72.35189715431234,0.020751595742159977,0.12395066567285028,3.0564502868112515,0.9424588977364758,-1.338980866236235,0.0004904695553029738,70.37993517478833
72.35189715431234,0.020751595742159977,0.12395066567285028,3.0564502868112515,0.9424588977364758,-1.338980866236235,0.0004904695553029738,70.37993517478833
72.35189715431234,0.020751595742159977,0.12395066567285028,3.0564502868112515,0.9424588977364758,-1.338980866236235,0.0004904695553029738,70.37993517478833
72.35189715431234,0.020751595742159977,0.12395066567285028,3.0564502868112515,0.9424588977364758,-1.338980866236235,0.0004904695553029738,70.37993517478833
72.35189715431234,0.020751595742159977,0.12395066567285028,3.0564502868112515,0.9424588977364758,-1.338980866236235,0.0004904695553029738,70.37993517478833
72.35189715431234,0.020751595742159977,0.12395066567285028,3.0564502868112515,0.9424588977364758,-1.338980866236235,0.0004904695553029738,70.37993517478833
73.40516381399262,0.021160152445492957,0.12191723715333243,3.0505116105237433,0.9482451330831809,-1.3061867185195366,0.0005295034569102512,69.77733508830511
73.40516381399262,0.021160152445492957,0.12191723715333243,3.0505116105237433,0.9482451330831809,-1.3061867185195366,0.0005295034569102512,69.77733508830511
70.71721749947224,0.021251387726957803,0.11917095601087928,3.0420940569098502,0.9474177283486734,-1.1667052425839612,0.00058368693993412,70.74551225735773
70.71721749947224,0.021251387726957803,0.11917095601087928,3.0420940569098502,0.9474177283486734,-1.1667052425839612,0.00058368693993412,70.74551225735773
70.71721749947224,0.021251387726957803,0.11917095601087928,3.0420940569098502,0.9474177283486734,-1.1667052425839612,0.00058368693993412,70.74551225735773
70.9758684083536,0.021048841415230606,0.12050508270826793,3.046504798830638,0.9489225957369087,-1.2201031996103224,0.0005514200183837966,70.57135471717706
68.95074811343028,0.02121950790907738,0.1206771094309325,3.0456328228274847,0.9422166557393763,-1.128464981304682,0.0006008171505150219,70.35040864867929
68.95074811343028,0.02121950790907738,0.1206771094309325,3.0456328228274847,0.9422166557393763,-1.128464981304682,0.0006008171505150219,70.35040864867929
68.95074811343028,0.02121950790907738,0.1206771094309325,3.0456328228274847,0.9422166557393763,-1.128464981304682,0.0006008171505150219,70.35040864867929
68.95074811343028,0.02121950790907738,0.1206771094309325,3.0456328228274847,0.9422166557393763,-1.128464981304682,0.0006008171505150219,70.35040864867929
68.95074811343028,0.02121950790907738,0.1206771094309325,3.0456328228274847,0.9422166557393763,-1.128464981304682,0.0006008171505150219,70.35040864867929
68.18260513138193,0.0215394090014637,0.12185056759220046,3.0510596950313986,0.9488547818835799,-1.1076532892844373,0.0005710168463849786,71.01942853180199
68.18260513138193,0.0215394090014637,0.12185056759220046,3.0510596950313986,0.9488547818835799,-1.1076532892844373,0.0005710168463849786,71.01942853180199
68.18260513138193,0.0215394090014637,0.12185056759220046,3.0510596950313986,0.9488547818835799,-1.1076532892844373,0.0005710168463849786,71.01942853180199
68.18260513138193,0.0215394090014637,0.12185056759220046,3.0510596950313986,0.9488547818835799,-1.1076532892844373,0.0005710168463849786,71.01942853180199
68.18260513138193,0.0215394090014637,0.12185056759220046,3.0510596950313986,0.9488547818835799,-1.1076532892844373,0.0005710168463849786,71.01942853180199
68.18260513138193,0.0215394090014637,0.12185056759220046,3.0510596950313986,0.9488547818835799,-1.1076532892844373,0.0005710168463849786,71.01942853180199
68.18260513138193,0.0215394090014637,0.12185056759220046,3.0510596950313986,0.9488547818835799,-1.1076532892844373,0.0005710168463849786,71.01942853180199
68.18260513138193,0.0215394090014637,0.12185056759220046,3.0510596950313986,0.9488547818835799,-1.1076532892844373,0.0005710168463849786,71.01942853180199
68.18260513138193,0.0215394090014637,0.12185056759220046,3.0510596950313986,0.9488547818835799,-1.1076532892844373,0.0005710168463849786,71.01942853180199
68.18260513138193,0.0215394090014637,0.12185056759220046,3.0510596950313986,0.9488547818835799,-1.1076532892844373,0.0005710168463849786,71.01942853180199
68.18260513138193,0.0215394090014637,0.12185056759220046,3.0510596950313986,0.9488547818835799,-1.1076532892844373,0.0005710168463849786,71.01942853180199
68.18260513138193,0.0215394090014637,0.12185056759220046,3.0510596950313986,0.9488547818835799,-1.1076532892844373,0.0005710168463849786,71.01942853180199
70.31499697209274,0.021741291330953174,0.11964783651174554,3.047005534938436,0.9555886160980992,-1.1239647065445102,0.0005773866205464681,72.13168971633151
70.31499697209274,0.021741291330953174,0.11964783651174554,3.047005534938436,0.9555886160980992,-1.1239647065445102,0.0005773866205464681,72.13168971633151
70.31499697209274,0.021741291330953174,0.11964783651174554,3.047005534938436,0.9555886160980992,-1.1239647065445102,0.0005773866205464681,72.13168971633151
70.31499697209274,0.021741291330953174,0.11964783651174554,3.047005534938436,0.9555886160980992,-1.1239647065445102,0.0005773866205464681,72.13168971633151
70.31499697209274,0.021741291330953174,0.11964783651174554,3.047005534938436,0.9555886160980992,-1.1239647065445102,0.0005773866205464681,72.13168971633151
70.31499697209274,0.021741291330953174,0.11964783651174554,3.047005534938436,0.9555886160980992,-1.1239647065445102,0.0005773866205464681,72.13168971633151
70.31499697209274,0.021741291330953174,0.11964783651174554,3.047005534938436,0.9555886160980992,-1.1239647065445102,0.0005773866205464681,72.13168971633151
70.31499697209274,0.021741291330953174,0.11964783651174554,3.047005534938436,0.9555886160980992,-1.1239647065445102,0.0005773866205464681,72.13168971633151
70.31499697209274,0.021741291330953174,0.11964783651174554,3.047005534938436,0.9555886160980992,-1.1239647065445102,0.0005773866205464681,72.13168971633151
70.31499697209274,0.021741291330953174,0.11964783651174554,3.047005534938436,0.9555886160980992,-1.1239647065445102,0.0005773866205464681,72.13168971633151
70.31499697209274,0.021741291330953174,0.11964783651174554,3.047005534938436,0.9555886160980992,-1.1239647065445102,0.0005773866205464681,72.13168971633151
70.31499697209274,0.021741291330953174,0.11964783651174554,3.047005534938436,0.9555886160980992,-1.1239647065445102,0.0005773866205464681,72.13168971633151
70.31499697209274,0.021741291330953174,0.11964783651174554,3.047005534938436,0.9555886160980992,-1.1239647065445102,0.0005773866205464681,72.13168971633151
70.31499697209274,0.021741291330953174,0.11964783651174554,3.047005534938436,0.9555886160980992,-1.1239647065445102,0.0005773866205464681,72.13168971633151
70.31499697209274,0.021741291330953174,0.11964783651174554,3.047005534938436,0.9555886160980992,-1.1239647065445102,0.0005773866205464681,72.13168971633151
70.31499697209274,0.021741291330953174,0.11964783651174554,3.047005534938436,0.9555886160980992,-1.1239647065445102,0.0005773866205464681,72.13168971633151
70.31499697209274,0.021741291330953174,0.11964783651174554,3.047005534938436,0.9555886160980992,-1.1239647065445102,0.0005773866205464681,72.13168971633151
70.31499697209274,0.021741291330953174,0.11964783651174554,3.047005534938436,0.9555886160980992,-1.1239647065445102,0.0005773866205464681,72.13168971633151
70.31499697209274,0.021741291330953174,0.11964783651174554,3.047005534938436,0.9555886160980992,-1.1239647065445102,0.0005773866205464681,72.13168971633151
70.31499697209274,0.021741291330953174,0.11964783651174554,3.047005534938436,0.9555886160980992,-1.1239647065445102,0.0005773866205464681,72.13168971633151
70.31499697209274,0.021741291330953174,0.11964783651174554,3.047005534938436,0.9555886160980992,-1.1239647065445102,0.0005773866205464681,72.13168971633151
64.24577453999677,0.021830574633379948,0.11742612831453764,3.041157121064676,0.9589466442371303,-0.8987810178450989,0.0006229587615191747,74.03761652768804
71.37688162540962,0.021513426224021505,0.12262790277903013,3.0578832368858455,0.9504129704654698,-1.2183087962100938,0.0005386585170715691,71.09389865299377
71.37688162540962,0.021513426224021505,0.12262790277903013,3.0578832368858455,0.9504129704654698,-1.2183087962100938,0.0005386585170715691,71.09389865299377
69.49971639806971,0.02154466215756029,0.12238582553749974,3.0544053221227143,0.9477895116428369,-1.149269841581829,0.0005498044880245698,72.92458091909094
69.49971639806971,0.02154466215756029,0.12238582553749974,3.0544053221227143,0.9477895116428369,-1.149269841581829,0.0005498044880245698,72.92458091909094
69.49971639806971,0.02154466215756029,0.12238582553749974,3.0544053221227143,0.9477895116428369,-1.149269841581829,0.0005498044880245698,72.92458091909094
70.82522439197977,0.021920067825749737,0.1185886649914442,3.047699425650294,0.9593776982965727,-1.128352200182374,0.0005464817191786507,72.18086877099768
72.7144272365047,0.021335423281132145,0.12093327827917416,3.0491754852389055,0.9517929107704913,-1.2555749413089063,0.000538853674338603,67.80975457132267
72.7144272365047,0.021335423281132145,0.12093327827917416,3.0491754852389055,0.9517929107704913,-1.2555749413089063,0.000538853674338603,67.80975457132267
72.7144272365047,0.021335423281132145,0.12093327827917416,3.0491754852389055,0.9517929107704913,-1.2555749413089063,0.000538853674338603,67.80975457132267
72.7144272365047,0.021335423281132145,0.12093327827917416,3.0491754852389055,0.9517929107704913,-1.2555749413089063,0.000538853674338603,67.80975457132267
72.7144272365047,0.021335423281132145,0.12093327827917416,3.0491754852389055,0.9517929107704913,-1.2555749413089063,0.000538853674338603,67.80975457132267
72.7144272365047,0.021335423281132145,0.12093327827917416,3.0491754852389055,0.9517929107704913,-1.2555749413089063,0.000538853674338603,67.80975457132267
72.7144272365047,0.021335423281132145,0.12093327827917416,3.0491754852389055,0.9517929107704913,-1.2555749413089063,0.000538853674338603,67.80975457132267
72.7144272365047,0.021335423281132145,0.12093327827917416,3.0491754852389055,0.9517929107704913,-1.2555749413089063,0.000538853674338603,67.80975457132267
72.7144272365047,0.021335423281132145,0.12093327827917416,3.0491754852389055,0.9517929107704913,-1.2555749413089063,0.000538853674338603,67.80975457132267
72.7144272365047,0.021335423281132145,0.12093327827917416,3.0491754852389055,0.9517929107704913,-1.2555749413089063,0.000538853674338603,67.80975457132267
72.7144272365047,0.021335423281132145,0.12093327827917416,3.0491754852389055,0.9517929107704913,-1.2555749413089063,0.000538853674338603,67.80975457132267
72.35367999457787,0.021449556924990787,0.12094929612830686,3.0513286413415437,0.9427512554776255,-1.2450784711104854,0.000569707214532293,72.74733483585865
77.92252354995894,0.0216571993989364,0.12025422822376587,3.0548490390340373,0.9534934915454472,-1.391904792468287,0.0004982933601435549,73.85260991623318
77.92252354995894,0.0216571993989364,0.12025422822376587,3.0548490390340373,0.9534934915454472,-1.391904792468287,0.0004982933601435549,73.85260991623318
77.92252354995894,0.0216571993989364,0.12025422822376587,3.0548490390340373,0.9534934915454472,-1.391904792468287,0.0004982933601435549,73.85260991623318
77.92252354995894,0.0216571993989364,0.12025422822376587,3.0548490390340373,0.9534934915454472,-1.391904792468287,0.0004982933601435549,73.85260991623318
77.92252354995894,0.0216571993989364,0.12025422822376587,3.0548490390340373,0.9534934915454472,-1.391904792468287,0.0004982933601435549,73.85260991623318
77.92252354995894,0.0216571993989364,0.12025422822376587,3.0548490390340373,0.9534934915454472,-1.391904792468287,0.0004982933601435549,73.85260991623318
77.92252354995894,0.0216571993989364,0.12025422822376587,3.0548490390340373,0.9534934915454472,-1.391904792468287,0.0004982933601435549,73.85260991623318
77.92252354995894,0.0216571993989364,0.12025422822376587,3.0548490390340373,0.9534934915454472,-1.391904792468287,0.0004982933601435549,73.85260991623318
77.92252354995894,0.0216571993989364,0.12025422822376587,3.0548490390340373,0.9534934915454472,-1.391904792468287,0.0004982933601435549,73.85260991623318
77.92252354995894,0.0216571993989364,0.12025422822376587,3.0548490390340373,0.9534934915454472,-1.391904792468287,0.0004982933601435549,73.85260991623318
77.92252354995894,0.0216571993989364,0.12025422822376587,3.0548490390340373,0.9534934915454472,-1.391904792468287,0.0004982933601435549,73.85260991623318
77.92252354995894,0.0216571993989364,0.12025422822376587,3.0548490390340373,0.9534934915454472,-1.391904792468287,0.0004982933601435549,73.85260991623318
77.92252354995894,0.0216571993989364,0.12025422822376587,3.0548490390340373,0.9534934915454472,-1.391904792468287,0.0004982933601435549,73.85260991623318
77.92252354995894,0.0216571993989364,0.12025422822376587,3.0548490390340373,0.9534934915454472,-1.391904792468287,0.0004982933601435549,73.85260991623318
77.92252354995894,0.0216571993989364,0.12025422822376587,3.0548490390340373,0.9534934915454472,-1.391904792468287,0.0004982933601435549,73.85260991623318
77.92252354995894,0.0216571993989364,0.12025422822376587,3.0548490390340373,0.9534934915454472,-1.391904792468287,0.0004982933601435549,73.85260991623318
77.92252354995894,0.0216571993989364,0.12025422822376587,3.0548490390340373,0.9534934915454472,-1.391904792468287,0.0004982933601435549,73.85260991623318
75.10197080660679,0.021490170956207474,0.12074533807712226,3.055846160593588,0.950242956987297,-1.3255192979247512,0.0005026351159318115,72.09639966361716
75.10197080660679,0.021490170956207474,0.12074533807712226,3.055846160593588,0.950242956987297,-1.3255192979247512,0.0005026351159318115,72.09639966361716
69.46650419856714,0.021644695027275652,0.11621285890962706,3.040941445141992,0.9646716139735383,-1.0672045322420944,0.0005456677108010133,69.68196625031817
69.46650419856714,0.021644695027275652,0.11621285890962706,3.040941445141992,0.9646716139735383,-1.0672045322420944,0.0005456677108010133,69.68196625031817
69.46650419856714,0.021644695027275652,0.11621285890962706,3.040941445141992,0.9646716139735383,-1.0672045322420944,0.0005456677108010133,69.68196625031817
69.46650419856714,0.021644695027275652,0.11621285890962706,3.040941445141992,0.9646716139735383,-1.0672045322420944,0.0005456677108010133,69.68196625031817
69.46650419856714,0.021644695027275652,0.11621285890962706,3.040941445141992,0.9646716139735383,-1.0672045322420944,0.0005456677108010133,69.68196625031817
69.46650419856714,0.021644695027275652,0.11621285890962706,3.040941445141992,0.9646716139735383,-1.0672045322420944,0.0005456677108010133,69.68196625031817
69.46650419856714,0.021644695027275652,0.11621285890962706,3.040941445141992,0.9646716139735383,-1.0672045322420944,0.0005456677108010133,69.68196625031817
69.46650419856714,0.021644695027275652,0.11621285890962706,3.040941445141992,0.9646716139735383,-1.0672045322420944,0.0005456677108010133,69.68196625031817
69.46650419856714,0.021644695027275652,0.11621285890962706,3.040941445141992,0.9646716139735383,-1.0672045322420944,0.0005456677108010133,69.68196625031817
69.46650419856714,0.021644695027275652,0.11621285890962706,3.040941445141992,0.9646716139735383,-1.0672045322420944,0.0005456677108010133,69.68196625031817
77.11626669490802,0.0213114308264924,0.12024960044952358,3.0524726573674426,0.9530522616204445,-1.3948537648283064,0.0004940789702054002,67.84578374332919
77.11626669490802,0.0213114308264924,0.12024960044952358,3.0524726573674426,0.9530522616204445,-1.3948537648283064,0.0004940789702054002,67.84578374332919
77.11626669490802,0.0213114308264924,0.12024960044952358,3.0524726573674426,0.9530522616204445,-1.3948537648283064,0.0004940789702054002,67.84578374332919
77.11626669490802,0.0213114308264924,0.12024960044952358,3.0524726573674426,0.9530522616204445,-1.3948537648283064,0.0004940789702054002,67.84578374332919
77.11626669490802,0.0213114308264924,0.12024960044952358,3.0524726573674426,0.9530522616204445,-1.3948537648283064,0.0004940789702054002,67.84578374332919
77.11626669490802,0.0213114308264924,0.12024960044952358,3.0524726573674426,0.9530522616204445,-1.3948537648283064,0.0004940789702054002,67.84578374332919
77.11626669490802,0.0213114308264924,0.12024960044952358,3.0524726573674426,0.9530522616204445,-1.3948537648283064,0.0004940789702054002,67.84578374332919
77.11626669490802,0.0213114308264924,0.12024960044952358,3.0524726573674426,0.9530522616204445,-1.3948537648283064,0.0004940789702054002,67.84578374332919
77.11626669490802,0.0213114308264924,0.12024960044952358,3.0524726573674426,0.9530522616204445,-1.3948537648283064,0.0004940789702054002,67.84578374332919
77.11626669490802,0.0213114308264924,0.12024960044952358,3.0524726573674426,0.9530522616204445,-1.3948537648283064,0.0004940789702054002,67.84578374332919
75.84312693116274,0.02162936696878637,0.11956576548181513,3.051658490145855,0.9578456983671406,-1.3079945514160352,0.0005301034491858221,69.91472352594513
75.84312693116274,0.02162936696878637,0.11956576548181513,3.051658490145855,0.9578456983671406,-1.3079945514160352,0.0005301034491858221,69.91472352594513
75.84312693116274,0.02162936696878637,0.11956576548181513,3.051658490145855,0.9578456983671406,-1.3079945514160352,0.0005301034491858221,69.91472352594513
75.84312693116274,0.02162936696878637,0.11956576548181513,3.051658490145855,0.9578456983671406,-1.3079945514160352,0.0005301034491858221,69.91472352594513
80.69095993347018,0.021445164555995506,0.12209193079600107,3.0586748240705908,0.9524560946726972,-1.5246349191203363,0.0004695299293207076,74.02178556746813
80.69095993347018,0.021445164555995506,0.12209193079600107,3.0586748240705908,0.9524560946726972,-1.5246349191203363,0.0004695299293207076,74.02178556746813
80.69095993347018,0.021445164555995506,0.12209193079600107,3.0586748240705908,0.9524560946726972,-1.5246349191203363,0.0004695299293207076,74.02178556746813
70.15288180869561,0.021015280394586198,0.12754856485917526,3.0658601657304807,0.9370160920688263,-1.317917639916077,0.0005080268765209576,70.36095166222937
70.15288180869561,0.021015280394586198,0.12754856485917526,3.0658601657304807,0.9370160920688263,-1.317917639916077,0.0005080268765209576,70.36095166222937
70.15288180869561,0.021015280394586198,0.12754856485917526,3.0658601657304807,0.9370160920688263,-1.317917639916077,0.0005080268765209576,70.36095166222937
70.15288180869561,0.021015280394586198,0.12754856485917526,3.0658601657304807,0.9370160920688263,-1.317917639916077,0.0005080268765209576,70.36095166222937
70.15288180869561,0.021015280394586198,0.12754856485917526,3.0658601657304807,0.9370160920688263,-1.317917639916077,0.0005080268765209576,70.36095166222937
70.15288180869561,0.021015280394586198,0.12754856485917526,3.0658601657304807,0.9370160920688263,-1.317917639916077,0.0005080268765209576,70.36095166222937
70.15288180869561,0.021015280394586198,0.12754856485917526,3.0658601657304807,0.9370160920688263,-1.317917639916077,0.0005080268765209576,70.36095166222937
70.15288180869561,0.021015280394586198,0.12754856485917526,3.0658601657304807,0.9370160920688263,-1.317917639916077,0.0005080268765209576,70.36095166222937
70.15288180869561,0.021015280394586198,0.12754856485917526,3.0658601657304807,0.9370160920688263,-1.317917639916077,0.0005080268765209576,70.36095166222937
70.15288180869561,0.021015280394586198,0.12754856485917526,3.0658601657304807,0.9370160920688263,-1.317917639916077,0.0005080268765209576,70.36095166222937
70.15288180869561,0.021015280394586198,0.12754856485917526,3.0658601657304807,0.9370160920688263,-1.317917639916077,0.0005080268765209576,70.36095166222937
72.05041994521446,0.02107967790903357,0.12528211415075186,3.0607895749713157,0.943593704798127,-1.328900622223334,0.0005172903978749118,67.94849743715922
72.05041994521446,0.02107967790903357,0.12528211415075186,3.0607895749713157,0.943593704798127,-1.328900622223334,0.0005172903978749118,67.94849743715922
72.05041994521446,0.02107967790903357,0.12528211415075186,3.0607895749713157,0.943593704798127,-1.328900622223334,0.0005172903978749118,67.94849743715922
72.05041994521446,0.02107967790903357,0.12528211415075186,3.0607895749713157,0.943593704798127,-1.328900622223334,0.0005172903978749118,67.94849743715922
72.05041994521446,0.02107967790903357,0.12528211415075186,3.0607895749713157,0.943593704798127,-1.328900622223334,0.0005172903978749118,67.94849743715922
72.05041994521446,0.02107967790903357,0.12528211415075186,3.0607895749713157,0.943593704798127,-1.328900622223334,0.0005172903978749118,67.94849743715922
69.98427007655295,0.021007224533514324,0.1275314513123987,3.067483152283089,0.9393864997370018,-1.322578276177843,0.00047721181764604707,70.51113380055537
69.98427007655295,0.021007224533514324,0.1275314513123987,3.067483152283089,0.9393864997370018,-1.322578276177843,0.00047721181764604707,70.51113380055537
69.98427007655295,0.021007224533514324,0.1275314513123987,3.067483152283089,0.9393864997370018,-1.322578276177843,0.00047721181764604707,70.51113380055537
69.98427007655295,0.021007224533514324,0.1275314513123987,3.067483152283089,0.9393864997370018,-1.322578276177843,0.00047721181764604707,70.51113380055537
69.98427007655295,0.021007224533514324,0.1275314513123987,3.067483152283089,0.9393864997370018,-1.322578276177843,0.00047721181764604707,70.51113380055537
69.98427007655295,0.021007224533514324,0.1275314513123987,3.067483152283089,0.9393864997370018,-1.322578276177843,0.00047721181764604707,70.51113380055537
69.98427007655295,0.021007224533514324,0.1275314513123987,3.067483152283089,0.9393864997370018,-1.322578276177843,0.00047721181764604707,70.51113380055537
69.98427007655295,0.021007224533514324,0.1275314513123987,3.067483152283089,0.9393864997370018,-1.322578276177843,0.00047721181764604707,70.51113380055537
69.98427007655295,0.021007224533514324,0.1275314513123987,3.067483152283089,0.9393864997370018,-1.322578276177843,0.00047721181764604707,70.51113380055537
69.98427007655295,0.021007224533514324,0.1275314513123987,3.067483152283089,0.9393864997370018,-1.322578276177843,0.00047721181764604707,70.51113380055537
69.98427007655295,0.021007224533514324,0.1275314513123987,3.067483152283089,0.9393864997370018,-1.322578276177843,0.00047721181764604707,70.51113380055537
69.98427007655295,0.021007224533514324,0.1275314513123987,3.067483152283089,0.9393864997370018,-1.322578276177843,0.00047721181764604707,70.51113380055537
69.98427007655295,0.021007224533514324,0.1275314513123987,3.067483152283089,0.9393864997370018,-1.322578276177843,0.00047721181764604707,70.51113380055537
69.98427007655295,0.021007224533514324,0.1275314513123987,3.067483152283089,0.9393864997370018,-1.322578276177843,0.00047721181764604707,70.51113380055537
69.98427007655295,0.021007224533514324,0.1275314513123987,3.067483152283089,0.9393864997370018,-1.322578276177843,0.00047721181764604707,70.51113380055537
69.98427007655295,0.021007224533514324,0.1275314513123987,3.067483152283089,0.9393864997370018,-1.322578276177843,0.00047721181764604707,70.51113380055537
69.98427007655295,0.021007224533514324,0.1275314513123987,3.067483152283089,0.9393864997370018,-1.322578276177843,0.00047721181764604707,70.51113380055537
69.98427007655295,0.021007224533514324,0.1275314513123987,3.067483152283089,0.9393864997370018,-1.322578276177843,0.00047721181764604707,70.51113380055537
69.98427007655295,0.021007224533514324,0.1275314513123987,3.067483152283089,0.9393864997370018,-1.322578276177843,0.00047721181764604707,70.51113380055537
69.98427007655295,0.021007224533514324,0.1275314513123987,3.067483152283089,0.9393864997370018,-1.322578276177843,0.00047721181764604707,70.51113380055537
69.98427007655295,0.021007224533514324,0.1275314513123987,3.067483152283089,0.9393864997370018,-1.322578276177843,0.00047721181764604707,70.51113380055537
69.98427007655295,0.021007224533514324,0.1275314513123987,3.067483152283089,0.9393864997370018,-1.322578276177843,0.00047721181764604707,70.51113380055537
69.98427007655295,0.021007224533514324,0.1275314513123987,3.067483152283089,0.9393864997370018,-1.322578276177843,0.00047721181764604707,70.51113380055537
69.98427007655295,0.021007224533514324,0.1275314513123987,3.067483152283089,0.9393864997370018,-1.322578276177843,0.00047721181764604707,70.51113380055537
69.98427007655295,0.021007224533514324,0.1275314513123987,3.067483152283089,0.9393864997370018,-1.322578276177843,0.00047721181764604707,70.51113380055537
69.98427007655295,0.021007224533514324,0.1275314513123987,3.067483152283089,0.9393864997370018,-1.322578276177843,0.00047721181764604707,70.51113380055537
69.98427007655295,0.021007224533514324,0.1275314513123987,3.067483152283089,0.9393864997370018,-1.322578276177843,0.00047721181764604707,70.51113380055537
69.98427007655295,0.021007224533514324,0.1275314513123987,3.067483152283089,0.9393864997370018,-1.322578276177843,0.00047721181764604707,70.51113380055537
73.79961118909631,0.021085559183627613,0.12465859460428083,3.060369688612127,0.9470671800358815,-1.3846812508354414,0.00047955808188021495,68.36509930946013
73.79961118909631,0.021085559183627613,0.12465859460428083,3.060369688612127,0.9470671800358815,-1.3846812508354414,0.00047955808188021495,68.36509930946013
73.79961118909631,0.021085559183627613,0.12465859460428083,3.060369688612127,0.9470671800358815,-1.3846812508354414,0.00047955808188021495,68.36509930946013
73.79961118909631,0.021085559183627613,0.12465859460428083,3.060369688612127,0.9470671800358815,-1.3846812508354414,0.00047955808188021495,68.36509930946013
73.79961118909631,0.021085559183627613,0.12465859460428083,3.060369688612127,0.9470671800358815,-1.3846812508354414,0.00047955808188021495,68.36509930946013
73.79961118909631,0.021085559183627613,0.12465859460428083,3.060369688612127,0.9470671800358815,-1.3846812508354414,0.00047955808188021495,68.36509930946013
71.55681684009998,0.021078862712509326,0.1226656357546763,3.052396467740846,0.9520662754277077,-1.2675251466408004,0.000515121995914647,70.21189775093715
71.55681684009998,0.021078862712509326,0.1226656357546763,3.052396467740846,0.9520662754277077,-1.2675251466408004,0.000515121995914647,70.21189775093715
71.55681684009998,0.021078862712509326,0.1226656357546763,3.052396467740846,0.9520662754277077,-1.2675251466408004,0.000515121995914647,70.21189775093715
71.55681684009998,0.021078862712509326,0.1226656357546763,3.052396467740846,0.9520662754277077,-1.2675251466408004,0.000515121995914647,70.21189775093715
72.71453504978955,0.020838327995558688,0.1252687491654196,3.058441113180735,0.9450012498051997,-1.3838441398086423,0.00047583823755419004,73.58824209407086
72.71453504978955,0.020838327995558688,0.1252687491654196,3.058441113180735,0.9450012498051997,-1.3838441398086423,0.00047583823755419004,73.58824209407086
72.71453504978955,0.020838327995558688,0.1252687491654196,3.058441113180735,0.9450012498051997,-1.3838441398086423,0.00047583823755419004,73.58824209407086
72.71453504978955,0.020838327995558688,0.1252687491654196,3.058441113180735,0.9450012498051997,-1.3838441398086423,0.00047583823755419004,73.58824209407086
72.71453504978955,0.020838327995558688,0.1252687491654196,3.058441113180735,0.9450012498051997,-1.3838441398086423,0.00047583823755419004,73.58824209407086
72.71453504978955,0.020838327995558688,0.1252687491654196,3.058441113180735,0.9450012498051997,-1.3838441398086423,0.00047583823755419004,73.58824209407086
72.71453504978955,0.020838327995558688,0.1252687491654196,3.058441113180735,0.9450012498051997,-1.3838441398086423,0.00047583823755419004,73.58824209407086
72.71453504978955,0.020838327995558688,0.1252687491654196,3.058441113180735,0.9450012498051997,-1.3838441398086423,0.00047583823755419004,73.58824209407086
72.71453504978955,0.020838327995558688,0.1252687491654196,3.058441113180735,0.9450012498051997,-1.3838441398086423,0.00047583823755419004,73.58824209407086
72.71453504978955,0.020838327995558688,0.1252687491654196,3.058441113180735,0.9450012498051997,-1.3838441398086423,0.00047583823755419004,73.58824209407086
72.71453504978955,0.020838327995558688,0.1252687491654196,3.058441113180735,0.9450012498051997,-1.3838441398086423,0.00047583823755419004,73.58824209407086
72.71453504978955,0.020838327995558688,0.1252687491654196,3.058441113180735,0.9450012498051997,-1.3838441398086423,0.00047583823755419004,73.58824209407086
72.71453504978955,0.020838327995558688,0.1252687491654196,3.058441113180735,0.9450012498051997,-1.3838441398086423,0.00047583823755419004,73.58824209407086
72.71453504978955,0.020838327995558688,0.1252687491654196,3.058441113180735,0.9450012498051997,-1.3838441398086423,0.00047583823755419004,73.58824209407086
72.71453504978955,0.020838327995558688,0.1252687491654196,3.058441113180735,0.9450012498051997,-1.3838441398086423,0.00047583823755419004,73.58824209407086
72.71453504978955,0.020838327995558688,0.1252687491654196,3.058441113180735,0.9450012498051997,-1.3838441398086423,0.00047583823755419004,73.58824209407086
72.71453504978955,0.020838327995558688,0.1252687491654196,3.058441113180735,0.9450012498051997,-1.3838441398086423,0.00047583823755419004,73.58824209407086
72.71453504978955,0.020838327995558688,0.1252687491654196,3.058441113180735,0.9450012498051997,-1.3838441398086423,0.00047583823755419004,73.58824209407086
72.71453504978955,0.020838327995558688,0.1252687491654196,3.058441113180735,0.9450012498051997,-1.3838441398086423,0.00047583823755419004,73.58824209407086
72.71453504978955,0.020838327995558688,0.1252687491654196,3.058441113180735,0.9450012498051997,-1.3838441398086423,0.00047583823755419004,73.58824209407086
72.71453504978955,0.020838327995558688,0.1252687491654196,3.058441113180735,0.9450012498051997,-1.3838441398086423,0.00047583823755419004,73.58824209407086
72.71453504978955,0.020838327995558688,0.1252687491654196,3.058441113180735,0.9450012498051997,-1.3838441398086423,0.00047583823755419004,73.58824209407086
72.71453504978955,0.020838327995558688,0.1252687491654196,3.058441113180735,0.9450012498051997,-1.3838441398086423,0.00047583823755419004,73.58824209407086
72.71453504978955,0.020838327995558688,0.1252687491654196,3.058441113180735,0.9450012498051997,-1.3838441398086423,0.00047583823755419004,73.58824209407086
72.71453504978955,0.020838327995558688,0.1252687491654196,3.058441113180735,0.9450012498051997,-1.3838441398086423,0.00047583823755419004,73.58824209407086
72.71453504978955,0.020838327995558688,0.1252687491654196,3.058441113180735,0.9450012498051997,-1.3838441398086423,0.00047583823755419004,73.58824209407086
72.71453504978955,0.020838327995558688,0.1252687491654196,3.058441113180735,0.9450012498051997,-1.3838441398086423,0.00047583823755419004,73.58824209407086
72.71453504978955,0.020838327995558688,0.1252687491654196,3.058441113180735,0.9450012498051997,-1.3838441398086423,0.00047583823755419004,73.58824209407086
72.71453504978955,0.020838327995558688,0.1252687491654196,3.058441113180735,0.9450012498051997,-1.3838441398086423,0.00047583823755419004,73.58824209407086
71.73562449299648,0.020567335096224985,0.12488431165336976,3.0558652077289405,0.942685906953202,-1.3532542341112486,0.0004835070177645931,77.88418817047307
71.73562449299648,0.020567335096224985,0.12488431165336976,3.0558652077289405,0.942685906953202,-1.3532542341112486,0.0004835070177645931,77.88418817047307
71.73562449299648,0.020567335096224985,0.12488431165336976,3.0558652077289405,0.942685906953202,-1.3532542341112486,0.0004835070177645931,77.88418817047307
71.73562449299648,0.020567335096224985,0.12488431165336976,3.0558652077289405,0.942685906953202,-1.3532542341112486,0.0004835070177645931,77.88418817047307
71.73562449299648,0.020567335096224985,0.12488431165336976,3.0558652077289405,0.942685906953202,-1.3532542341112486,0.0004835070177645931,77.88418817047307
71.73562449299648,0.020567335096224985,0.12488431165336976,3.0558652077289405,0.942685906953202,-1.3532542341112486,0.0004835070177645931,77.88418817047307
71.73562449299648,0.020567335096224985,0.12488431165336976,3.0558652077289405,0.942685906953202,-1.3532542341112486,0.0004835070177645931,77.88418817047307
71.73562449299648,0.020567335096224985,0.12488431165336976,3.0558652077289405,0.942685906953202,-1.3532542341112486,0.0004835070177645931,77.88418817047307
71.73562449299648,0.020567335096224985,0.12488431165336976,3.0558652077289405,0.942685906953202,-1.3532542341112486,0.0004835070177645931,77.88418817047307
71.73562449299648,0.020567335096224985,0.12488431165336976,3.0558652077289405,0.942685906953202,-1.3532542341112486,0.0004835070177645931,77.88418817047307
71.73562449299648,0.020567335096224985,0.12488431165336976,3.0558652077289405,0.942685906953202,-1.3532542341112486,0.0004835070177645931,77.88418817047307
71.73562449299648,0.020567335096224985,0.12488431165336976,3.0558652077289405,0.942685906953202,-1.3532542341112486,0.0004835070177645931,77.88418817047307
71.73562449299648,0.020567335096224985,0.12488431165336976,3.0558652077289405,0.942685906953202,-1.3532542341112486,0.0004835070177645931,77.88418817047307
71.88835605449509,0.020809124884318037,0.12755886668752126,3.066416184420321,0.9394434554321903,-1.4084432008043481,0.00043940598837516006,72.80514003634323
71.88835605449509,0.020809124884318037,0.12755886668752126,3.066416184420321,0.9394434554321903,-1.4084432008043481,0.00043940598837516006,72.80514003634323
71.88835605449509,0.020809124884318037,0.12755886668752126,3.066416184420321,0.9394434554321903,-1.4084432008043481,0.00043940598837516006,72.80514003634323
71.88835605449509,0.020809124884318037,0.12755886668752126,3.066416184420321,0.9394434554321903,-1.4084432008043481,0.00043940598837516006,72.80514003634323
71.88835605449509,0.020809124884318037,0.12755886668752126,3.066416184420321,0.9394434554321903,-1.4084432008043481,0.00043940598837516006,72.80514003634323
71.88835605449509,0.020809124884318037,0.12755886668752126,3.066416184420321,0.9394434554321903,-1.4084432008043481,0.00043940598837516006,72.80514003634323
71.88835605449509,0.020809124884318037,0.12755886668752126,3.066416184420321,0.9394434554321903,-1.4084432008043481,0.00043940598837516006,72.80514003634323
71.88835605449509,0.020809124884318037,0.12755886668752126,3.066416184420321,0.9394434554321903,-1.4084432008043481,0.00043940598837516006,72.80514003634323
71.88835605449509,0.020809124884318037,0.12755886668752126,3.066416184420321,0.9394434554321903,-1.4084432008043481,0.00043940598837516006,72.80514003634323
69.05857301652753,0.02057934475151885,0.12882282216986618,3.0690042355623297,0.9306076870264018,-1.3457602586103459,0.00047640727799661215,71.17889396738643
69.05857301652753,0.02057934475151885,0.12882282216986618,3.0690042355623297,0.9306076870264018,-1.3457602586103459,0.00047640727799661215,71.17889396738643
69.05857301652753,0.02057934475151885,0.12882282216986618,3.0690042355623297,0.9306076870264018,-1.3457602586103459,0.00047640727799661215,71.17889396738643
69.05857301652753,0.02057934475151885,0.12882282216986618,3.0690042355623297,0.9306076870264018,-1.3457602586103459,0.00047640727799661215,71.17889396738643
69.05857301652753,0.02057934475151885,0.12882282216986618,3.0690042355623297,0.9306076870264018,-1.3457602586103459,0.00047640727799661215,71.17889396738643
69.83431259348191,0.020624193647588857,0.12864695354648176,3.0687190174412082,0.9333973030580086,-1.35058195850324,0.0004624831366930681,71.768135941744
69.83431259348191,0.020624193647588857,0.12864695354648176,3.0687190174412082,0.9333973030580086,-1.35058195850324,0.0004624831366930681,71.768135941744
69.83431259348191,0.020624193647588857,0.12864695354648176,3.0687190174412082,0.9333973030580086,-1.35058195850324,0.0004624831366930681,71.768135941744
69.83431259348191,0.020624193647588857,0.12864695354648176,3.0687190174412082,0.9333973030580086,-1.35058195850324,0.0004624831366930681,71.768135941744
69.83431259348191,0.020624193647588857,0.12864695354648176,3.0687190174412082,0.9333973030580086,-1.35058195850324,0.0004624831366930681,71.768135941744
69.83431259348191,0.020624193647588857,0.12864695354648176,3.0687190174412082,0.9333973030580086,-1.35058195850324,0.0004624831366930681,71.768135941744
69.83431259348191,0.020624193647588857,0.12864695354648176,3.0687190174412082,0.9333973030580086,-1.35058195850324,0.0004624831366930681,71.768135941744
69.83431259348191,0.020624193647588857,0.12864695354648176,3.0687190174412082,0.9333973030580086,-1.35058195850324,0.0004624831366930681,71.768135941744
69.83431259348191,0.020624193647588857,0.12864695354648176,3.0687190174412082,0.9333973030580086,-1.35058195850324,0.0004624831366930681,71.768135941744
69.83431259348191,0.020624193647588857,0.12864695354648176,3.0687190174412082,0.9333973030580086,-1.35058195850324,0.0004624831366930681,71.768135941744
69.83431259348191,0.020624193647588857,0.12864695354648176,3.0687190174412082,0.9333973030580086,-1.35058195850324,0.0004624831366930681,71.768135941744
69.83431259348191,0.020624193647588857,0.12864695354648176,3.0687190174412082,0.9333973030580086,-1.35058195850324,0.0004624831366930681,71.768135941744
69.83431259348191,0.020624193647588857,0.12864695354648176,3.0687190174412082,0.9333973030580086,-1.35058195850324,0.0004624831366930681,71.768135941744
68.55262167620745,0.02130456502577548,0.12280402379878597,3.056748553841599,0.9434018791128777,-1.1445894254041549,0.0005723001945283295,70.15471267481924
72.04778828521545,0.021425216811678523,0.12299483187376099,3.0598311018547166,0.9463061125397615,-1.2564777216293421,0.000526714976563405,71.34899594445275
72.04778828521545,0.021425216811678523,0.12299483187376099,3.0598311018547166,0.9463061125397615,-1.2564777216293421,0.000526714976563405,71.34899594445275
72.04778828521545,0.021425216811678523,0.12299483187376099,3.0598311018547166,0.9463061125397615,-1.2564777216293421,0.000526714976563405,71.34899594445275
72.04778828521545,0.021425216811678523,0.12299483187376099,3.0598311018547166,0.9463061125397615,-1.2564777216293421,0.000526714976563405,71.34899594445275
72.04778828521545,0.021425216811678523,0.12299483187376099,3.0598311018547166,0.9463061125397615,-1.2564777216293421,0.000526714976563405,71.34899594445275
72.04778828521545,0.021425216811678523,0.12299483187376099,3.0598311018547166,0.9463061125397615,-1.2564777216293421,0.000526714976563405,71.34899594445275
72.04778828521545,0.021425216811678523,0.12299483187376099,3.0598311018547166,0.9463061125397615,-1.2564777216293421,0.000526714976563405,71.34899594445275
72.04778828521545,0.021425216811678523,0.12299483187376099,3.0598311018547166,0.9463061125397615,-1.2564777216293421,0.000526714976563405,71.34899594445275
72.04778828521545,0.021425216811678523,0.12299483187376099,3.0598311018547166,0.9463061125397615,-1.2564777216293421,0.000526714976563405,71.34899594445275
72.04778828521545,0.021425216811678523,0.12299483187376099,3.0598311018547166,0.9463061125397615,-1.2564777216293421,0.000526714976563405,71.34899594445275
72.04778828521545,0.021425216811678523,0.12299483187376099,3.0598311018547166,0.9463061125397615,-1.2564777216293421,0.000526714976563405,71.34899594445275
72.04778828521545,0.021425216811678523,0.12299483187376099,3.0598311018547166,0.9463061125397615,-1.2564777216293421,0.000526714976563405,71.34899594445275
72.04778828521545,0.021425216811678523,0.12299483187376099,3.0598311018547166,0.9463061125397615,-1.2564777216293421,0.000526714976563405,71.34899594445275
72.04778828521545,0.021425216811678523,0.12299483187376099,3.0598311018547166,0.9463061125397615,-1.2564777216293421,0.000526714976563405,71.34899594445275
72.04778828521545,0.021425216811678523,0.12299483187376099,3.0598311018547166,0.9463061125397615,-1.2564777216293421,0.000526714976563405,71.34899594445275
72.04778828521545,0.021425216811678523,0.12299483187376099,3.0598311018547166,0.9463061125397615,-1.2564777216293421,0.000526714976563405,71.34899594445275
72.04778828521545,0.021425216811678523,0.12299483187376099,3.0598311018547166,0.9463061125397615,-1.2564777216293421,0.000526714976563405,71.34899594445275
72.04778828521545,0.021425216811678523,0.12299483187376099,3.0598311018547166,0.9463061125397615,-1.2564777216293421,0.000526714976563405,71.34899594445275
72.04778828521545,0.021425216811678523,0.12299483187376099,3.0598311018547166,0.9463061125397615,-1.2564777216293421,0.000526714976563405,71.34899594445275
72.04778828521545,0.021425216811678523,0.12299483187376099,3.0598311018547166,0.9463061125397615,-1.2564777216293421,0.000526714976563405,71.34899594445275
72.04778828521545,0.021425216811678523,0.12299483187376099,3.0598311018547166,0.9463061125397615,-1.2564777216293421,0.000526714976563405,71.34899594445275
72.04778828521545,0.021425216811678523,0.12299483187376099,3.0598311018547166,0.9463061125397615,-1.2564777216293421,0.000526714976563405,71.34899594445275
72.04778828521545,0.021425216811678523,0.12299483187376099,3.0598311018547166,0.9463061125397615,-1.2564777216293421,0.000526714976563405,71.34899594445275
72.04778828521545,0.021425216811678523,0.12299483187376099,3.0598311018547166,0.9463061125397615,-1.2564777216293421,0.000526714976563405,71.34899594445275
72.04778828521545,0.021425216811678523,0.12299483187376099,3.0598311018547166,0.9463061125397615,-1.2564777216293421,0.000526714976563405,71.34899594445275
72.04778828521545,0.021425216811678523,0.12299483187376099,3.0598311018547166,0.9463061125397615,-1.2564777216293421,0.000526714976563405,71.34899594445275
72.04778828521545,0.021425216811678523,0.12299483187376099,3.0598311018547166,0.9463061125397615,-1.2564777216293421,0.000526714976563405,71.34899594445275
72.04778828521545,0.021425216811678523,0.12299483187376099,3.0598311018547166,0.9463061125397615,-1.2564777216293421,0.000526714976563405,71.34899594445275
72.04778828521545,0.021425216811678523,0.12299483187376099,3.0598311018547166,0.9463061125397615,-1.2564777216293421,0.000526714976563405,71.34899594445275
72.04778828521545,0.021425216811678523,0.12299483187376099,3.0598311018547166,0.9463061125397615,-1.2564777216293421,0.000526714976563405,71.34899594445275
72.04778828521545,0.021425216811678523,0.12299483187376099,3.0598311018547166,0.9463061125397615,-1.2564777216293421,0.000526714976563405,71.34899594445275
72.04778828521545,0.021425216811678523,0.12299483187376099,3.0598311018547166,0.9463061125397615,-1.2564777216293421,0.000526714976563405,71.34899594445275
70.43042048860964,0.020983689327006498,0.12320595969097757,3.0520019559080813,0.9417477882601838,-1.226757326529282,0.0005548776740561444,71.98879592111528
67.6480057084021,0.021043896573752705,0.12091561254735671,3.046488040095437,0.9463597408098857,-1.0771375776444343,0.0006059352999242345,69.95800433091625
67.6480057084021,0.021043896573752705,0.12091561254735671,3.046488040095437,0.9463597408098857,-1.0771375776444343,0.0006059352999242345,69.95800433091625
67.6480057084021,0.021043896573752705,0.12091561254735671,3.046488040095437,0.9463597408098857,-1.0771375776444343,0.0006059352999242345,69.95800433091625
67.6480057084021,0.021043896573752705,0.12091561254735671,3.046488040095437,0.9463597408098857,-1.0771375776444343,0.0006059352999242345,69.95800433091625
67.6480057084021,0.021043896573752705,0.12091561254735671,3.046488040095437,0.9463597408098857,-1.0771375776444343,0.0006059352999242345,69.95800433091625
67.6480057084021,0.021043896573752705,0.12091561254735671,3.046488040095437,0.9463597408098857,-1.0771375776444343,0.0006059352999242345,69.95800433091625
66.90843179045319,0.020638942000404913,0.12337158458418461,3.04978060055458,0.9384191359706279,-1.119448697242148,0.0005958776209228101,72.5495388986007
66.90843179045319,0.020638942000404913,0.12337158458418461,3.04978060055458,0.9384191359706279,-1.119448697242148,0.0005958776209228101,72.5495388986007
66.90843179045319,0.020638942000404913,0.12337158458418461,3.04978060055458,0.9384191359706279,-1.119448697242148,0.0005958776209228101,72.5495388986007
66.90843179045319,0.020638942000404913,0.12337158458418461,3.04978060055458,0.9384191359706279,-1.119448697242148,0.0005958776209228101,72.5495388986007
66.90843179045319,0.020638942000404913,0.12337158458418461,3.04978060055458,0.9384191359706279,-1.119448697242148,0.0005958776209228101,72.5495388986007
66.90843179045319,0.020638942000404913,0.12337158458418461,3.04978060055458,0.9384191359706279,-1.119448697242148,0.0005958776209228101,72.5495388986007
66.90843179045319,0.020638942000404913,0.12337158458418461,3.04978060055458,0.9384191359706279,-1.119448697242148,0.0005958776209228101,72.5495388986007
66.90843179045319,0.020638942000404913,0.12337158458418461,3.04978060055458,0.9384191359706279,-1.119448697242148,0.0005958776209228101,72.5495388986007
66.90843179045319,0.020638942000404913,0.12337158458418461,3.04978060055458,0.9384191359706279,-1.119448697242148,0.0005958776209228101,72.5495388986007
66.90843179045319,0.020638942000404913,0.12337158458418461,3.04978060055458,0.9384191359706279,-1.119448697242148,0.0005958776209228101,72.5495388986007
66.90843179045319,0.020638942000404913,0.12337158458418461,3.04978060055458,0.9384191359706279,-1.119448697242148,0.0005958776209228101,72.5495388986007
66.90843179045319,0.020638942000404913,0.12337158458418461,3.04978060055458,0.9384191359706279,-1.119448697242148,0.0005958776209228101,72.5495388986007
66.90843179045319,0.020638942000404913,0.12337158458418461,3.04978060055458,0.9384191359706279,-1.119448697242148,0.0005958776209228101,72.5495388986007
66.90843179045319,0.020638942000404913,0.12337158458418461,3.04978060055458,0.9384191359706279,-1.119448697242148,0.0005958776209228101,72.5495388986007
66.90843179045319,0.020638942000404913,0.12337158458418461,3.04978060055458,0.9384191359706279,-1.119448697242148,0.0005958776209228101,72.5495388986007
66.90843179045319,0.020638942000404913,0.12337158458418461,3.04978060055458,0.9384191359706279,-1.119448697242148,0.0005958776209228101,72.5495388986007
66.90843179045319,0.020638942000404913,0.12337158458418461,3.04978060055458,0.9384191359706279,-1.119448697242148,0.0005958776209228101,72.5495388986007
66.90843179045319,0.020638942000404913,0.12337158458418461,3.04978060055458,0.9384191359706279,-1.119448697242148,0.0005958776209228101,72.5495388986007
66.90843179045319,0.020638942000404913,0.12337158458418461,3.04978060055458,0.9384191359706279,-1.119448697242148,0.0005958776209228101,72.5495388986007
66.90843179045319,0.020638942000404913,0.12337158458418461,3.04978060055458,0.9384191359706279,-1.119448697242148,0.0005958776209228101,72.5495388986007
66.90843179045319,0.020638942000404913,0.12337158458418461,3.04978060055458,0.9384191359706279,-1.119448697242148,0.0005958776209228101,72.5495388986007
66.90843179045319,0.020638942000404913,0.12337158458418461,3.04978060055458,0.9384191359706279,-1.119448697242148,0.0005958776209228101,72.5495388986007
66.90843179045319,0.020638942000404913,0.12337158458418461,3.04978060055458,0.9384191359706279,-1.119448697242148,0.0005958776209228101,72.5495388986007
66.90843179045319,0.020638942000404913,0.12337158458418461,3.04978060055458,0.9384191359706279,-1.119448697242148,0.0005958776209228101,72.5495388986007
66.90843179045319,0.020638942000404913,0.12337158458418461,3.04978060055458,0.9384191359706279,-1.119448697242148,0.0005958776209228101,72.5495388986007
66.90843179045319,0.020638942000404913,0.12337158458418461,3.04978060055458,0.9384191359706279,-1.119448697242148,0.0005958776209228101,72.5495388986007
66.90843179045319,0.020638942000404913,0.12337158458418461,3.04978060055458,0.9384191359706279,-1.119448697242148,0.0005958776209228101,72.5495388986007
66.90843179045319,0.020638942000404913,0.12337158458418461,3.04978060055458,0.9384191359706279,-1.119448697242148,0.0005958776209228101,72.5495388986007
66.90843179045319,0.020638942000404913,0.12337158458418461,3.04978060055458,0.9384191359706279,-1.119448697242148,0.0005958776209228101,72.5495388986007
66.90843179045319,0.020638942000404913,0.12337158458418461,3.04978060055458,0.9384191359706279,-1.119448697242148,0.0005958776209228101,72.5495388986007
69.56842552307657,0.02079008671308191,0.12395802560272044,3.0532149566345654,0.9371585652821698,-1.2011205653443022,0.0005940180302225946,76.37099730694662
69.56842552307657,0.02079008671308191,0.12395802560272044,3.0532149566345654,0.9371585652821698,-1.2011205653443022,0.0005940180302225946,76.37099730694662
69.56842552307657,0.02079008671308191,0.12395802560272044,3.0532149566345654,0.9371585652821698,-1.2011205653443022,0.0005940180302225946,76.37099730694662
69.56842552307657,0.02079008671308191,0.12395802560272044,3.0532149566345654,0.9371585652821698,-1.2011205653443022,0.0005940180302225946,76.37099730694662
69.56842552307657,0.02079008671308191,0.12395802560272044,3.0532149566345654,0.9371585652821698,-1.2011205653443022,0.0005940180302225946,76.37099730694662
66.55083605907038,0.020731603028337292,0.12285630340898351,3.0466658936637496,0.9360142510680113,-1.0944374435587223,0.000631853546455797,73.92552136710515
66.55083605907038,0.020731603028337292,0.12285630340898351,3.0466658936637496,0.9360142510680113,-1.0944374435587223,0.000631853546455797,73.92552136710515
66.55083605907038,0.020731603028337292,0.12285630340898351,3.0466658936637496,0.9360142510680113,-1.0944374435587223,0.000631853546455797,73.92552136710515
66.55083605907038,0.020731603028337292,0.12285630340898351,3.0466658936637496,0.9360142510680113,-1.0944374435587223,0.000631853546455797,73.92552136710515
66.55083605907038,0.020731603028337292,0.12285630340898351,3.0466658936637496,0.9360142510680113,-1.0944374435587223,0.000631853546455797,73.92552136710515
66.55083605907038,0.020731603028337292,0.12285630340898351,3.0466658936637496,0.9360142510680113,-1.0944374435587223,0.000631853546455797,73.92552136710515
66.55083605907038,0.020731603028337292,0.12285630340898351,3.0466658936637496,0.9360142510680113,-1.0944374435587223,0.000631853546455797,73.92552136710515
66.55083605907038,0.020731603028337292,0.12285630340898351,3.0466658936637496,0.9360142510680113,-1.0944374435587223,0.000631853546455797,73.92552136710515
66.55083605907038,0.020731603028337292,0.12285630340898351,3.0466658936637496,0.9360142510680113,-1.0944374435587223,0.000631853546455797,73.92552136710515
66.55083605907038,0.020731603028337292,0.12285630340898351,3.0466658936637496,0.9360142510680113,-1.0944374435587223,0.000631853546455797,73.92552136710515
66.55083605907038,0.020731603028337292,0.12285630340898351,3.0466658936637496,0.9360142510680113,-1.0944374435587223,0.000631853546455797,73.92552136710515
66.55083605907038,0.020731603028337292,0.12285630340898351,3.0466658936637496,0.9360142510680113,-1.0944374435587223,0.000631853546455797,73.92552136710515
66.55083605907038,0.020731603028337292,0.12285630340898351,3.0466658936637496,0.9360142510680113,-1.0944374435587223,0.000631853546455797,73.92552136710515
66.55083605907038,0.020731603028337292,0.12285630340898351,3.0466658936637496,0.9360142510680113,-1.0944374435587223,0.000631853546455797,73.92552136710515
66.55083605907038,0.020731603028337292,0.12285630340898351,3.0466658936637496,0.9360142510680113,-1.0944374435587223,0.000631853546455797,73.92552136710515
66.55083605907038,0.020731603028337292,0.12285630340898351,3.0466658936637496,0.9360142510680113,-1.0944374435587223,0.000631853546455797,73.92552136710515
66.55083605907038,0.020731603028337292,0.12285630340898351,3.0466658936637496,0.9360142510680113,-1.0944374435587223,0.000631853546455797,73.92552136710515
66.55083605907038,0.020731603028337292,0.12285630340898351,3.0466658936637496,0.9360142510680113,-1.0944374435587223,0.000631853546455797,73.92552136710515
66.55083605907038,0.020731603028337292,0.12285630340898351,3.0466658936637496,0.9360142510680113,-1.0944374435587223,0.000631853546455797,73.92552136710515
66.55083605907038,0.020731603028337292,0.12285630340898351,3.0466658936637496,0.9360142510680113,-1.0944374435587223,0.000631853546455797,73.92552136710515
66.55083605907038,0.020731603028337292,0.12285630340898351,3.0466658936637496,0.9360142510680113,-1.0944374435587223,0.000631853546455797,73.92552136710515
66.55083605907038,0.020731603028337292,0.12285630340898351,3.0466658936637496,0.9360142510680113,-1.0944374435587223,0.000631853546455797,73.92552136710515
66.55083605907038,0.020731603028337292,0.12285630340898351,3.0466658936637496,0.9360142510680113,-1.0944374435587223,0.000631853546455797,73.92552136710515
66.55083605907038,0.020731603028337292,0.12285630340898351,3.0466658936637496,0.9360142510680113,-1.0944374435587223,0.000631853546455797,73.92552136710515
66.55083605907038,0.020731603028337292,0.12285630340898351,3.0466658936637496,0.9360142510680113,-1.0944374435587223,0.000631853546455797,73.92552136710515
66.55083605907038,0.020731603028337292,0.12285630340898351,3.0466658936637496,0.9360142510680113,-1.0944374435587223,0.000631853546455797,73.92552136710515
66.55083605907038,0.020731603028337292,0.12285630340898351,3.0466658936637496,0.9360142510680113,-1.0944374435587223,0.000631853546455797,73.92552136710515
66.55083605907038,0.020731603028337292,0.12285630340898351,3.0466658936637496,0.9360142510680113,-1.0944374435587223,0.000631853546455797,73.92552136710515
66.31251478110129,0.02062608745171993,0.12248187923973536,3.045319503072862,0.9315488927262606,-1.0793487955970558,0.0006558430864203581,76.37602753582657
66.31251478110129,0.02062608745171993,0.12248187923973536,3.045319503072862,0.9315488927262606,-1.0793487955970558,0.0006558430864203581,76.37602753582657
66.31251478110129,0.02062608745171993,0.12248187923973536,3.045319503072862,0.9315488927262606,-1.0793487955970558,0.0006558430864203581,76.37602753582657
66.31251478110129,0.02062608745171993,0.12248187923973536,3.045319503072862,0.9315488927262606,-1.0793487955970558,0.0006558430864203581,76.37602753582657
66.67334323507094,0.021096723469683155,0.12004163244783406,3.0411662519939524,0.943990751888336,-1.0296929732164901,0.0006729586432884072,72.0879493084655
66.67334323507094,0.021096723469683155,0.12004163244783406,3.0411662519939524,0.943990751888336,-1.0296929732164901,0.0006729586432884072,72.0879493084655
66.67334323507094,0.021096723469683155,0.12004163244783406,3.0411662519939524,0.943990751888336,-1.0296929732164901,0.0006729586432884072,72.0879493084655
66.67334323507094,0.021096723469683155,0.12004163244783406,3.0411662519939524,0.943990751888336,-1.0296929732164901,0.0006729586432884072,72.0879493084655
66.96382686113549,0.02109649529981533,0.11743545621869125,3.0366627771800716,0.9532738165489397,-0.9994076712113495,0.000639788988093118,74.12800586500191
67.60609252544072,0.020886269335195832,0.12017025566535255,3.0426001325495498,0.9458412564864545,-1.0818807007293296,0.0006247847745496469,71.17352594231205
67.60609252544072,0.020886269335195832,0.12017025566535255,3.0426001325495498,0.9458412564864545,-1.0818807007293296,0.0006247847745496469,71.17352594231205
67.60609252544072,0.020886269335195832,0.12017025566535255,3.0426001325495498,0.9458412564864545,-1.0818807007293296,0.0006247847745496469,71.17352594231205
67.60609252544072,0.020886269335195832,0.12017025566535255,3.0426001325495498,0.9458412564864545,-1.0818807007293296,0.0006247847745496469,71.17352594231205
67.60609252544072,0.020886269335195832,0.12017025566535255,3.0426001325495498,0.9458412564864545,-1.0818807007293296,0.0006247847745496469,71.17352594231205
67.60609252544072,0.020886269335195832,0.12017025566535255,3.0426001325495498,0.9458412564864545,-1.0818807007293296,0.0006247847745496469,71.17352594231205
67.60609252544072,0.020886269335195832,0.12017025566535255,3.0426001325495498,0.9458412564864545,-1.0818807007293296,0.0006247847745496469,71.17352594231205
67.60609252544072,0.020886269335195832,0.12017025566535255,3.0426001325495498,0.9458412564864545,-1.0818807007293296,0.0006247847745496469,71.17352594231205
67.60609252544072,0.020886269335195832,0.12017025566535255,3.0426001325495498,0.9458412564864545,-1.0818807007293296,0.0006247847745496469,71.17352594231205
67.60609252544072,0.020886269335195832,0.12017025566535255,3.0426001325495498,0.9458412564864545,-1.0818807007293296,0.0006247847745496469,71.17352594231205
67.60609252544072,0.020886269335195832,0.12017025566535255,3.0426001325495498,0.9458412564864545,-1.0818807007293296,0.0006247847745496469,71.17352594231205
67.60609252544072,0.020886269335195832,0.12017025566535255,3.0426001325495498,0.9458412564864545,-1.0818807007293296,0.0006247847745496469,71.17352594231205
67.60609252544072,0.020886269335195832,0.12017025566535255,3.0426001325495498,0.9458412564864545,-1.0818807007293296,0.0006247847745496469,71.17352594231205
67.60609252544072,0.020886269335195832,0.12017025566535255,3.0426001325495498,0.9458412564864545,-1.0818807007293296,0.0006247847745496469,71.17352594231205
67.60609252544072,0.020886269335195832,0.12017025566535255,3.0426001325495498,0.9458412564864545,-1.0818807007293296,0.0006247847745496469,71.17352594231205
67.60609252544072,0.020886269335195832,0.12017025566535255,3.0426001325495498,0.9458412564864545,-1.0818807007293296,0.0006247847745496469,71.17352594231205
67.60609252544072,0.020886269335195832,0.12017025566535255,3.0426001325495498,0.9458412564864545,-1.0818807007293296,0.0006247847745496469,71.17352594231205
67.60609252544072,0.020886269335195832,0.12017025566535255,3.0426001325495498,0.9458412564864545,-1.0818807007293296,0.0006247847745496469,71.17352594231205
67.60609252544072,0.020886269335195832,0.12017025566535255,3.0426001325495498,0.9458412564864545,-1.0818807007293296,0.0006247847745496469,71.17352594231205
67.60609252544072,0.020886269335195832,0.12017025566535255,3.0426001325495498,0.9458412564864545,-1.0818807007293296,0.0006247847745496469,71.17352594231205
67.60609252544072,0.020886269335195832,0.12017025566535255,3.0426001325495498,0.9458412564864545,-1.0818807007293296,0.0006247847745496469,71.17352594231205
68.50574832814281,0.02094636828185403,0.11978859301039645,3.0443538691598047,0.9458899879277263,-1.1140747790051655,0.0006006195567085823,70.6111043055702
68.50574832814281,0.02094636828185403,0.11978859301039645,3.0443538691598047,0.9458899879277263,-1.1140747790051655,0.0006006195567085823,70.6111043055702
68.50574832814281,0.02094636828185403,0.11978859301039645,3.0443538691598047,0.9458899879277263,-1.1140747790051655,0.0006006195567085823,70.6111043055702
68.50574832814281,0.02094636828185403,0.11978859301039645,3.0443538691598047,0.9458899879277263,-1.1140747790051655,0.0006006195567085823,70.6111043055702
68.50574832814281,0.02094636828185403,0.11978859301039645,3.0443538691598047,0.9458899879277263,-1.1140747790051655,0.0006006195567085823,70.6111043055702
72.030252795755,0.020685582782087802,0.12106769084169335,3.049566436341214,0.9415876522175424,-1.2687910527339772,0.0005542583382260038,73.29759051237804
72.030252795755,0.020685582782087802,0.12106769084169335,3.049566436341214,0.9415876522175424,-1.2687910527339772,0.0005542583382260038,73.29759051237804
73.36775860915132,0.020931396579999973,0.12042972631649691,3.049133968612113,0.9399616523688338,-1.2754579492162523,0.000589576374587122,74.815416022343
73.36775860915132,0.020931396579999973,0.12042972631649691,3.049133968612113,0.9399616523688338,-1.2754579492162523,0.000589576374587122,74.815416022343
73.36775860915132,0.020931396579999973,0.12042972631649691,3.049133968612113,0.9399616523688338,-1.2754579492162523,0.000589576374587122,74.815416022343
73.36775860915132,0.020931396579999973,0.12042972631649691,3.049133968612113,0.9399616523688338,-1.2754579492162523,0.000589576374587122,74.815416022343
73.36775860915132,0.020931396579999973,0.12042972631649691,3.049133968612113,0.9399616523688338,-1.2754579492162523,0.000589576374587122,74.815416022343
73.47590865655334,0.02081762626762628,0.12049795911821096,3.048824176125998,0.9439395964830536,-1.2980735291386678,0.0005569928916834344,71.68687045467111
74.0804040855105,0.02114666850191311,0.11788446373690599,3.0427830887759186,0.9500740192419703,-1.260957241175855,0.0005749981075725343,72.3701378494287
67.77682942884474,0.02104158469880547,0.12020352672475951,3.044777210046201,0.9391176464080085,-1.0735339689678143,0.0006445625901710103,72.39724282118516
67.77682942884474,0.02104158469880547,0.12020352672475951,3.044777210046201,0.9391176464080085,-1.0735339689678143,0.0006445625901710103,72.39724282118516
67.77682942884474,0.02104158469880547,0.12020352672475951,3.044777210046201,0.9391176464080085,-1.0735339689678143,0.0006445625901710103,72.39724282118516
67.77682942884474,0.02104158469880547,0.12020352672475951,3.044777210046201,0.9391176464080085,-1.0735339689678143,0.0006445625901710103,72.39724282118516
67.77682942884474,0.02104158469880547,0.12020352672475951,3.044777210046201,0.9391176464080085,-1.0735339689678143,0.0006445625901710103,72.39724282118516
67.77682942884474,0.02104158469880547,0.12020352672475951,3.044777210046201,0.9391176464080085,-1.0735339689678143,0.0006445625901710103,72.39724282118516
67.77682942884474,0.02104158469880547,0.12020352672475951,3.044777210046201,0.9391176464080085,-1.0735339689678143,0.0006445625901710103,72.39724282118516
67.77682942884474,0.02104158469880547,0.12020352672475951,3.044777210046201,0.9391176464080085,-1.0735339689678143,0.0006445625901710103,72.39724282118516
67.77682942884474,0.02104158469880547,0.12020352672475951,3.044777210046201,0.9391176464080085,-1.0735339689678143,0.0006445625901710103,72.39724282118516
67.77682942884474,0.02104158469880547,0.12020352672475951,3.044777210046201,0.9391176464080085,-1.0735339689678143,0.0006445625901710103,72.39724282118516
67.77682942884474,0.02104158469880547,0.12020352672475951,3.044777210046201,0.9391176464080085,-1.0735339689678143,0.0006445625901710103,72.39724282118516
67.77682942884474,0.02104158469880547,0.12020352672475951,3.044777210046201,0.9391176464080085,-1.0735339689678143,0.0006445625901710103,72.39724282118516
67.77682942884474,0.02104158469880547,0.12020352672475951,3.044777210046201,0.9391176464080085,-1.0735339689678143,0.0006445625901710103,72.39724282118516
67.77682942884474,0.02104158469880547,0.12020352672475951,3.044777210046201,0.9391176464080085,-1.0735339689678143,0.0006445625901710103,72.39724282118516
67.77682942884474,0.02104158469880547,0.12020352672475951,3.044777210046201,0.9391176464080085,-1.0735339689678143,0.0006445625901710103,72.39724282118516
67.77682942884474,0.02104158469880547,0.12020352672475951,3.044777210046201,0.9391176464080085,-1.0735339689678143,0.0006445625901710103,72.39724282118516
67.77682942884474,0.02104158469880547,0.12020352672475951,3.044777210046201,0.9391176464080085,-1.0735339689678143,0.0006445625901710103,72.39724282118516
67.77682942884474,0.02104158469880547,0.12020352672475951,3.044777210046201,0.9391176464080085,-1.0735339689678143,0.0006445625901710103,72.39724282118516
67.77682942884474,0.02104158469880547,0.12020352672475951,3.044777210046201,0.9391176464080085,-1.0735339689678143,0.0006445625901710103,72.39724282118516
71.7500141016729,0.02156375834780334,0.11997103271049163,3.0473033261878486,0.9471957890643884,-1.1871529529893345,0.0005987152139569536,71.52723792537388
71.7500141016729,0.02156375834780334,0.11997103271049163,3.0473033261878486,0.9471957890643884,-1.1871529529893345,0.0005987152139569536,71.52723792537388
71.7500141016729,0.02156375834780334,0.11997103271049163,3.0473033261878486,0.9471957890643884,-1.1871529529893345,0.0005987152139569536,71.52723792537388
71.7500141016729,0.02156375834780334,0.11997103271049163,3.0473033261878486,0.9471957890643884,-1.1871529529893345,0.0005987152139569536,71.52723792537388
71.7500141016729,0.02156375834780334,0.11997103271049163,3.0473033261878486,0.9471957890643884,-1.1871529529893345,0.0005987152139569536,71.52723792537388
71.7500141016729,0.02156375834780334,0.11997103271049163,3.0473033261878486,0.9471957890643884,-1.1871529529893345,0.0005987152139569536,71.52723792537388
71.7500141016729,0.02156375834780334,0.11997103271049163,3.0473033261878486,0.9471957890643884,-1.1871529529893345,0.0005987152139569536,71.52723792537388
67.38975572608821,0.021704960719784068,0.11797579391177006,3.0371250604282984,0.9476301141117442,-1.0064292786014812,0.0006853398463003322,78.65145072709615
67.38975572608821,0.021704960719784068,0.11797579391177006,3.0371250604282984,0.9476301141117442,-1.0064292786014812,0.0006853398463003322,78.65145072709615
67.38975572608821,0.021704960719784068,0.11797579391177006,3.0371250604282984,0.9476301141117442,-1.0064292786014812,0.0006853398463003322,78.65145072709615
67.38975572608821,0.021704960719784068,0.11797579391177006,3.0371250604282984,0.9476301141117442,-1.0064292786014812,0.0006853398463003322,78.65145072709615
67.38975572608821,0.021704960719784068,0.11797579391177006,3.0371250604282984,0.9476301141117442,-1.0064292786014812,0.0006853398463003322,78.65145072709615
67.38975572608821,0.021704960719784068,0.11797579391177006,3.0371250604282984,0.9476301141117442,-1.0064292786014812,0.0006853398463003322,78.65145072709615
67.38975572608821,0.021704960719784068,0.11797579391177006,3.0371250604282984,0.9476301141117442,-1.0064292786014812,0.0006853398463003322,78.65145072709615
67.38975572608821,0.021704960719784068,0.11797579391177006,3.0371250604282984,0.9476301141117442,-1.0064292786014812,0.0006853398463003322,78.65145072709615
67.38975572608821,0.021704960719784068,0.11797579391177006,3.0371250604282984,0.9476301141117442,-1.0064292786014812,0.0006853398463003322,78.65145072709615
67.38975572608821,0.021704960719784068,0.11797579391177006,3.0371250604282984,0.9476301141117442,-1.0064292786014812,0.0006853398463003322,78.65145072709615
75.57408510065497,0.02168604656381659,0.11810458548180176,3.040172097307781,0.9471685417846439,-1.2790303022216118,0.0006268943772182062,77.39382369397542
75.57408510065497,0.02168604656381659,0.11810458548180176,3.040172097307781,0.9471685417846439,-1.2790303022216118,0.0006268943772182062,77.39382369397542
75.57408510065497,0.02168604656381659,0.11810458548180176,3.040172097307781,0.9471685417846439,-1.2790303022216118,0.0006268943772182062,77.39382369397542
75.57408510065497,0.02168604656381659,0.11810458548180176,3.040172097307781,0.9471685417846439,-1.2790303022216118,0.0006268943772182062,77.39382369397542
75.57408510065497,0.02168604656381659,0.11810458548180176,3.040172097307781,0.9471685417846439,-1.2790303022216118,0.0006268943772182062,77.39382369397542
76.91272353532192,0.021482533520246257,0.11860897676731852,3.045674731902895,0.9479332638529114,-1.342991628216339,0.0005846322521416602,72.11605048525402
76.91272353532192,0.021482533520246257,0.11860897676731852,3.045674731902895,0.9479332638529114,-1.342991628216339,0.0005846322521416602,72.11605048525402
76.91272353532192,0.021482533520246257,0.11860897676731852,3.045674731902895,0.9479332638529114,-1.342991628216339,0.0005846322521416602,72.11605048525402
78.58718789963632,0.02135895759168682,0.12148561547538649,3.0568959757129908,0.9475489868764548,-1.4596188812871054,0.0005007052458282107,71.07644781088153
78.58718789963632,0.02135895759168682,0.12148561547538649,3.0568959757129908,0.9475489868764548,-1.4596188812871054,0.0005007052458282107,71.07644781088153
78.58718789963632,0.02135895759168682,0.12148561547538649,3.0568959757129908,0.9475489868764548,-1.4596188812871054,0.0005007052458282107,71.07644781088153
78.58718789963632,0.02135895759168682,0.12148561547538649,3.0568959757129908,0.9475489868764548,-1.4596188812871054,0.0005007052458282107,71.07644781088153
78.58718789963632,0.02135895759168682,0.12148561547538649,3.0568959757129908,0.9475489868764548,-1.4596188812871054,0.0005007052458282107,71.07644781088153
78.58718789963632,0.02135895759168682,0.12148561547538649,3.0568959757129908,0.9475489868764548,-1.4596188812871054,0.0005007052458282107,71.07644781088153
78.58718789963632,0.02135895759168682,0.12148561547538649,3.0568959757129908,0.9475489868764548,-1.4596188812871054,0.0005007052458282107,71.07644781088153
78.58718789963632,0.02135895759168682,0.12148561547538649,3.0568959757129908,0.9475489868764548,-1.4596188812871054,0.0005007052458282107,71.07644781088153
78.58718789963632,0.02135895759168682,0.12148561547538649,3.0568959757129908,0.9475489868764548,-1.4596188812871054,0.0005007052458282107,71.07644781088153
74.20482012393889,0.02121133935148552,0.12173392467929124,3.0519437702761194,0.9485261014274604,-1.3307392350256255,0.000540401675693511,65.80137422535017
74.20482012393889,0.02121133935148552,0.12173392467929124,3.0519437702761194,0.9485261014274604,-1.3307392350256255,0.000540401675693511,65.80137422535017
74.20482012393889,0.02121133935148552,0.12173392467929124,3.0519437702761194,0.9485261014274604,-1.3307392350256255,0.000540401675693511,65.80137422535017
74.20482012393889,0.02121133935148552,0.12173392467929124,3.0519437702761194,0.9485261014274604,-1.3307392350256255,0.000540401675693511,65.80137422535017
73.16532463055152,0.020898120179902543,0.12411911667959999,3.0581584060447367,0.9429514119613673,-1.375289183472859,0.000511977114343511,67.74601331187553
73.16532463055152,0.020898120179902543,0.12411911667959999,3.0581584060447367,0.9429514119613673,-1.375289183472859,0.000511977114343511,67.74601331187553
73.16532463055152,0.020898120179902543,0.12411911667959999,3.0581584060447367,0.9429514119613673,-1.375289183472859,0.000511977114343511,67.74601331187553
73.16532463055152,0.020898120179902543,0.12411911667959999,3.0581584060447367,0.9429514119613673,-1.375289183472859,0.000511977114343511,67.74601331187553
73.16532463055152,0.020898120179902543,0.12411911667959999,3.0581584060447367,0.9429514119613673,-1.375289183472859,0.000511977114343511,67.74601331187553
73.16532463055152,0.020898120179902543,0.12411911667959999,3.0581584060447367,0.9429514119613673,-1.375289183472859,0.000511977114343511,67.74601331187553
73.16532463055152,0.020898120179902543,0.12411911667959999,3.0581584060447367,0.9429514119613673,-1.375289183472859,0.000511977114343511,67.74601331187553
73.16532463055152,0.020898120179902543,0.12411911667959999,3.0581584060447367,0.9429514119613673,-1.375289183472859,0.000511977114343511,67.74601331187553
73.16532463055152,0.020898120179902543,0.12411911667959999,3.0581584060447367,0.9429514119613673,-1.375289183472859,0.000511977114343511,67.74601331187553
73.16532463055152,0.020898120179902543,0.12411911667959999,3.0581584060447367,0.9429514119613673,-1.375289183472859,0.000511977114343511,67.74601331187553
73.16532463055152,0.020898120179902543,0.12411911667959999,3.0581584060447367,0.9429514119613673,-1.375289183472859,0.000511977114343511,67.74601331187553
73.16532463055152,0.020898120179902543,0.12411911667959999,3.0581584060447367,0.9429514119613673,-1.375289183472859,0.000511977114343511,67.74601331187553
73.16532463055152,0.020898120179902543,0.12411911667959999,3.0581584060447367,0.9429514119613673,-1.375289183472859,0.000511977114343511,67.74601331187553
73.16532463055152,0.020898120179902543,0.12411911667959999,3.0581584060447367,0.9429514119613673,-1.375289183472859,0.000511977114343511,67.74601331187553
73.16532463055152,0.020898120179902543,0.12411911667959999,3.0581584060447367,0.9429514119613673,-1.375289183472859,0.000511977114343511,67.74601331187553
73.16532463055152,0.020898120179902543,0.12411911667959999,3.0581584060447367,0.9429514119613673,-1.375289183472859,0.000511977114343511,67.74601331187553
73.16532463055152,0.020898120179902543,0.12411911667959999,3.0581584060447367,0.9429514119613673,-1.375289183472859,0.000511977114343511,67.74601331187553
73.16532463055152,0.020898120179902543,0.12411911667959999,3.0581584060447367,0.9429514119613673,-1.375289183472859,0.000511977114343511,67.74601331187553
73.16532463055152,0.020898120179902543,0.12411911667959999,3.0581584060447367,0.9429514119613673,-1.375289183472859,0.000511977114343511,67.74601331187553
73.16532463055152,0.020898120179902543,0.12411911667959999,3.0581584060447367,0.9429514119613673,-1.375289183472859,0.000511977114343511,67.74601331187553
73.16532463055152,0.020898120179902543,0.12411911667959999,3.0581584060447367,0.9429514119613673,-1.375289183472859,0.000511977114343511,67.74601331187553
73.16532463055152,0.020898120179902543,0.12411911667959999,3.0581584060447367,0.9429514119613673,-1.375289183472859,0.000511977114343511,67.74601331187553
73.16532463055152,0.020898120179902543,0.12411911667959999,3.0581584060447367,0.9429514119613673,-1.375289183472859,0.000511977114343511,67.74601331187553
73.16532463055152,0.020898120179902543,0.12411911667959999,3.0581584060447367,0.9429514119613673,-1.375289183472859,0.000511977114343511,67.74601331187553
73.16532463055152,0.020898120179902543,0.12411911667959999,3.0581584060447367,0.9429514119613673,-1.375289183472859,0.000511977114343511,67.74601331187553
73.16532463055152,0.020898120179902543,0.12411911667959999,3.0581584060447367,0.9429514119613673,-1.375289183472859,0.000511977114343511,67.74601331187553
73.16532463055152,0.020898120179902543,0.12411911667959999,3.0581584060447367,0.9429514119613673,-1.375289183472859,0.000511977114343511,67.74601331187553
73.16532463055152,0.020898120179902543,0.12411911667959999,3.0581584060447367,0.9429514119613673,-1.375289183472859,0.000511977114343511,67.74601331187553
73.16532463055152,0.020898120179902543,0.12411911667959999,3.0581584060447367,0.9429514119613673,-1.375289183472859,0.000511977114343511,67.74601331187553
73.16532463055152,0.020898120179902543,0.12411911667959999,3.0581584060447367,0.9429514119613673,-1.375289183472859,0.000511977114343511,67.74601331187553
73.16532463055152,0.020898120179902543,0.12411911667959999,3.0581584060447367,0.9429514119613673,-1.375289183472859,0.000511977114343511,67.74601331187553
75.77664032213804,0.020938654162787784,0.12262813235424642,3.0548001364340647,0.945741155821754,-1.42048370522798,0.0005133001154644713,66.59051137871043
75.77664032213804,0.020938654162787784,0.12262813235424642,3.0548001364340647,0.945741155821754,-1.42048370522798,0.0005133001154644713,66.59051137871043
72.31431216778016,0.020618388101118754,0.12456536061610043,3.0583816504189225,0.94023352904567,-1.347438481329839,0.0005396886655020737,69.51272234984054
72.31431216778016,0.020618388101118754,0.12456536061610043,3.0583816504189225,0.94023352904567,-1.347438481329839,0.0005396886655020737,69.51272234984054
72.31431216778016,0.020618388101118754,0.12456536061610043,3.0583816504189225,0.94023352904567,-1.347438481329839,0.0005396886655020737,69.51272234984054
72.31431216778016,0.020618388101118754,0.12456536061610043,3.0583816504189225,0.94023352904567,-1.347438481329839,0.0005396886655020737,69.51272234984054
72.31431216778016,0.020618388101118754,0.12456536061610043,3.0583816504189225,0.94023352904567,-1.347438481329839,0.0005396886655020737,69.51272234984054
72.68818950613633,0.02100203790836381,0.12244330862122557,3.055065227121526,0.9482593644877958,-1.2866789982734033,0.000572976476727335,69.78644983772429
72.68818950613633,0.02100203790836381,0.12244330862122557,3.055065227121526,0.9482593644877958,-1.2866789982734033,0.000572976476727335,69.78644983772429
72.68818950613633,0.02100203790836381,0.12244330862122557,3.055065227121526,0.9482593644877958,-1.2866789982734033,0.000572976476727335,69.78644983772429
72.68818950613633,0.02100203790836381,0.12244330862122557,3.055065227121526,0.9482593644877958,-1.2866789982734033,0.000572976476727335,69.78644983772429
72.68818950613633,0.02100203790836381,0.12244330862122557,3.055065227121526,0.9482593644877958,-1.2866789982734033,0.000572976476727335,69.78644983772429
72.68818950613633,0.02100203790836381,0.12244330862122557,3.055065227121526,0.9482593644877958,-1.2866789982734033,0.000572976476727335,69.78644983772429
72.68818950613633,0.02100203790836381,0.12244330862122557,3.055065227121526,0.9482593644877958,-1.2866789982734033,0.000572976476727335,69.78644983772429
72.68818950613633,0.02100203790836381,0.12244330862122557,3.055065227121526,0.9482593644877958,-1.2866789982734033,0.000572976476727335,69.78644983772429
72.68818950613633,0.02100203790836381,0.12244330862122557,3.055065227121526,0.9482593644877958,-1.2866789982734033,0.000572976476727335,69.78644983772429
72.68818950613633,0.02100203790836381,0.12244330862122557,3.055065227121526,0.9482593644877958,-1.2866789982734033,0.000572976476727335,69.78644983772429
72.68818950613633,0.02100203790836381,0.12244330862122557,3.055065227121526,0.9482593644877958,-1.2866789982734033,0.000572976476727335,69.78644983772429
72.68818950613633,0.02100203790836381,0.12244330862122557,3.055065227121526,0.9482593644877958,-1.2866789982734033,0.000572976476727335,69.78644983772429
72.68818950613633,0.02100203790836381,0.12244330862122557,3.055065227121526,0.9482593644877958,-1.2866789982734033,0.000572976476727335,69.78644983772429
71.18615485837326,0.021074644947001585,0.12214527107509796,3.0548293758911713,0.9504752718810411,-1.2337302370699321,0.0005667903815517771,70.46141363704083
71.18615485837326,0.021074644947001585,0.12214527107509796,3.0548293758911713,0.9504752718810411,-1.2337302370699321,0.0005667903815517771,70.46141363704083
71.18615485837326,0.021074644947001585,0.12214527107509796,3.0548293758911713,0.9504752718810411,-1.2337302370699321,0.0005667903815517771,70.46141363704083
71.18615485837326,0.021074644947001585,0.12214527107509796,3.0548293758911713,0.9504752718810411,-1.2337302370699321,0.0005667903815517771,70.46141363704083
71.18615485837326,0.021074644947001585,0.12214527107509796,3.0548293758911713,0.9504752718810411,-1.2337302370699321,0.0005667903815517771,70.46141363704083
71.18615485837326,0.021074644947001585,0.12214527107509796,3.0548293758911713,0.9504752718810411,-1.2337302370699321,0.0005667903815517771,70.46141363704083
74.13171510232665,0.021406772955793706,0.11745115693696825,3.0388681153354966,0.9568648846673323,-1.2109387148581943,0.0006412015701398916,73.46375528889794
81.02875664820063,0.021204709059556653,0.11842136010273943,3.0416638428115435,0.9643881085517585,-1.4735002588988924,0.0005561458800667527,73.91557394251103
81.02875664820063,0.021204709059556653,0.11842136010273943,3.0416638428115435,0.9643881085517585,-1.4735002588988924,0.0005561458800667527,73.91557394251103
81.02875664820063,0.021204709059556653,0.11842136010273943,3.0416638428115435,0.9643881085517585,-1.4735002588988924,0.0005561458800667527,73.91557394251103
81.02875664820063,0.021204709059556653,0.11842136010273943,3.0416638428115435,0.9643881085517585,-1.4735002588988924,0.0005561458800667527,73.91557394251103
81.02875664820063,0.021204709059556653,0.11842136010273943,3.0416638428115435,0.9643881085517585,-1.4735002588988924,0.0005561458800667527,73.91557394251103
81.02875664820063,0.021204709059556653,0.11842136010273943,3.0416638428115435,0.9643881085517585,-1.4735002588988924,0.0005561458800667527,73.91557394251103
81.02875664820063,0.021204709059556653,0.11842136010273943,3.0416638428115435,0.9643881085517585,-1.4735002588988924,0.0005561458800667527,73.91557394251103
81.02875664820063,0.021204709059556653,0.11842136010273943,3.0416638428115435,0.9643881085517585,-1.4735002588988924,0.0005561458800667527,73.91557394251103
81.02875664820063,0.021204709059556653,0.11842136010273943,3.0416638428115435,0.9643881085517585,-1.4735002588988924,0.0005561458800667527,73.91557394251103
81.02875664820063,0.021204709059556653,0.11842136010273943,3.0416638428115435,0.9643881085517585,-1.4735002588988924,0.0005561458800667527,73.91557394251103
81.02875664820063,0.021204709059556653,0.11842136010273943,3.0416638428115435,0.9643881085517585,-1.4735002588988924,0.0005561458800667527,73.91557394251103
78.92703672659546,0.021216962936844535,0.11793989246037075,3.0415448723954635,0.9614133937890894,-1.4163069725525537,0.0005465818550932848,71.51312665667486
78.92703672659546,0.021216962936844535,0.11793989246037075,3.0415448723954635,0.9614133937890894,-1.4163069725525537,0.0005465818550932848,71.51312665667486
78.92703672659546,0.021216962936844535,0.11793989246037075,3.0415448723954635,0.9614133937890894,-1.4163069725525537,0.0005465818550932848,71.51312665667486
78.92703672659546,0.021216962936844535,0.11793989246037075,3.0415448723954635,0.9614133937890894,-1.4163069725525537,0.0005465818550932848,71.51312665667486
78.92703672659546,0.021216962936844535,0.11793989246037075,3.0415448723954635,0.9614133937890894,-1.4163069725525537,0.0005465818550932848,71.51312665667486
78.92703672659546,0.021216962936844535,0.11793989246037075,3.0415448723954635,0.9614133937890894,-1.4163069725525537,0.0005465818550932848,71.51312665667486
78.92703672659546,0.021216962936844535,0.11793989246037075,3.0415448723954635,0.9614133937890894,-1.4163069725525537,0.0005465818550932848,71.51312665667486
78.92703672659546,0.021216962936844535,0.11793989246037075,3.0415448723954635,0.9614133937890894,-1.4163069725525537,0.0005465818550932848,71.51312665667486
78.92703672659546,0.021216962936844535,0.11793989246037075,3.0415448723954635,0.9614133937890894,-1.4163069725525537,0.0005465818550932848,71.51312665667486
78.92703672659546,0.021216962936844535,0.11793989246037075,3.0415448723954635,0.9614133937890894,-1.4163069725525537,0.0005465818550932848,71.51312665667486
78.92703672659546,0.021216962936844535,0.11793989246037075,3.0415448723954635,0.9614133937890894,-1.4163069725525537,0.0005465818550932848,71.51312665667486
78.92703672659546,0.021216962936844535,0.11793989246037075,3.0415448723954635,0.9614133937890894,-1.4163069725525537,0.0005465818550932848,71.51312665667486
78.92703672659546,0.021216962936844535,0.11793989246037075,3.0415448723954635,0.9614133937890894,-1.4163069725525537,0.0005465818550932848,71.51312665667486
78.92703672659546,0.021216962936844535,0.11793989246037075,3.0415448723954635,0.9614133937890894,-1.4163069725525537,0.0005465818550932848,71.51312665667486
78.92703672659546,0.021216962936844535,0.11793989246037075,3.0415448723954635,0.9614133937890894,-1.4163069725525537,0.0005465818550932848,71.51312665667486
78.92703672659546,0.021216962936844535,0.11793989246037075,3.0415448723954635,0.9614133937890894,-1.4163069725525537,0.0005465818550932848,71.51312665667486
78.92703672659546,0.021216962936844535,0.11793989246037075,3.0415448723954635,0.9614133937890894,-1.4163069725525537,0.0005465818550932848,71.51312665667486
79.63721971876832,0.021289190088709473,0.11857924104295514,3.0422817836057754,0.9597939824664633,-1.4367642415131237,0.0005642202565342017,68.96710400870836
79.63721971876832,0.021289190088709473,0.11857924104295514,3.0422817836057754,0.9597939824664633,-1.4367642415131237,0.0005642202565342017,68.96710400870836
79.63721971876832,0.021289190088709473,0.11857924104295514,3.0422817836057754,0.9597939824664633,-1.4367642415131237,0.0005642202565342017,68.96710400870836
79.63721971876832,0.021289190088709473,0.11857924104295514,3.0422817836057754,0.9597939824664633,-1.4367642415131237,0.0005642202565342017,68.96710400870836
84.75106737111776,0.021516511386424762,0.11804102600143308,3.044944275731222,0.9648099359137108,-1.5744658953065875,0.0005055241408620858,68.22696942713672
92.62309063265496,0.02148819780673108,0.11794330374493443,3.043774382493423,0.9599624007548088,-1.791002824427327,0.0005328960359928257,67.11135199929149
92.62309063265496,0.02148819780673108,0.11794330374493443,3.043774382493423,0.9599624007548088,-1.791002824427327,0.0005328960359928257,67.11135199929149
92.62309063265496,0.02148819780673108,0.11794330374493443,3.043774382493423,0.9599624007548088,-1.791002824427327,0.0005328960359928257,67.11135199929149
85.8464595443366,0.021147927423293748,0.11656628105832018,3.0348492675256393,0.9590991124559854,-1.5717816618642428,0.0005970087246764061,74.77746530220519
85.8464595443366,0.021147927423293748,0.11656628105832018,3.0348492675256393,0.9590991124559854,-1.5717816618642428,0.0005970087246764061,74.77746530220519
85.8464595443366,0.021147927423293748,0.11656628105832018,3.0348492675256393,0.9590991124559854,-1.5717816618642428,0.0005970087246764061,74.77746530220519
85.8464595443366,0.021147927423293748,0.11656628105832018,3.0348492675256393,0.9590991124559854,-1.5717816618642428,0.0005970087246764061,74.77746530220519
85.8464595443366,0.021147927423293748,0.11656628105832018,3.0348492675256393,0.9590991124559854,-1.5717816618642428,0.0005970087246764061,74.77746530220519
85.8464595443366,0.021147927423293748,0.11656628105832018,3.0348492675256393,0.9590991124559854,-1.5717816618642428,0.0005970087246764061,74.77746530220519
81.76486497505661,0.021416184331147094,0.11456363431473222,3.029569075190415,0.9670096274188852,-1.3976212377148145,0.0006493364639236836,75.88680926027536
81.76486497505661,0.021416184331147094,0.11456363431473222,3.029569075190415,0.9670096274188852,-1.3976212377148145,0.0006493364639236836,75.88680926027536
81.76486497505661,0.021416184331147094,0.11456363431473222,3.029569075190415,0.9670096274188852,-1.3976212377148145,0.0006493364639236836,75.88680926027536
83.70253362901927,0.02133163456927942,0.11652023283823117,3.0332197128206433,0.956248671097958,-1.479444176937751,0.0006838833877941905,76.6041051566202
83.70253362901927,0.02133163456927942,0.11652023283823117,3.0332197128206433,0.956248671097958,-1.479444176937751,0.0006838833877941905,76.6041051566202
83.70253362901927,0.02133163456927942,0.11652023283823117,3.0332197128206433,0.956248671097958,-1.479444176937751,0.0006838833877941905,76.6041051566202
83.70253362901927,0.02133163456927942,0.11652023283823117,3.0332197128206433,0.956248671097958,-1.479444176937751,0.0006838833877941905,76.6041051566202
83.70253362901927,0.02133163456927942,0.11652023283823117,3.0332197128206433,0.956248671097958,-1.479444176937751,0.0006838833877941905,76.6041051566202
83.70253362901927,0.02133163456927942,0.11652023283823117,3.0332197128206433,0.956248671097958,-1.479444176937751,0.0006838833877941905,76.6041051566202
83.70253362901927,0.02133163456927942,0.11652023283823117,3.0332197128206433,0.956248671097958,-1.479444176937751,0.0006838833877941905,76.6041051566202
83.70253362901927,0.02133163456927942,0.11652023283823117,3.0332197128206433,0.956248671097958,-1.479444176937751,0.0006838833877941905,76.6041051566202
84.95756580307749,0.021387448309156988,0.11684603460976402,3.0351017444162616,0.9548562756481184,-1.5192805709735502,0.0006846515765398488,74.77713140631045
84.95756580307749,0.021387448309156988,0.11684603460976402,3.0351017444162616,0.9548562756481184,-1.5192805709735502,0.0006846515765398488,74.77713140631045
84.95756580307749,0.021387448309156988,0.11684603460976402,3.0351017444162616,0.9548562756481184,-1.5192805709735502,0.0006846515765398488,74.77713140631045
84.95756580307749,0.021387448309156988,0.11684603460976402,3.0351017444162616,0.9548562756481184,-1.5192805709735502,0.0006846515765398488,74.77713140631045
84.95756580307749,0.021387448309156988,0.11684603460976402,3.0351017444162616,0.9548562756481184,-1.5192805709735502,0.0006846515765398488,74.77713140631045
84.95756580307749,0.021387448309156988,0.11684603460976402,3.0351017444162616,0.9548562756481184,-1.5192805709735502,0.0006846515765398488,74.77713140631045
84.95756580307749,0.021387448309156988,0.11684603460976402,3.0351017444162616,0.9548562756481184,-1.5192805709735502,0.0006846515765398488,74.77713140631045
84.95756580307749,0.021387448309156988,0.11684603460976402,3.0351017444162616,0.9548562756481184,-1.5192805709735502,0.0006846515765398488,74.77713140631045
84.95756580307749,0.021387448309156988,0.11684603460976402,3.0351017444162616,0.9548562756481184,-1.5192805709735502,0.0006846515765398488,74.77713140631045
82.11345678205292,0.021187883246412548,0.11810919996825196,3.0379562205601056,0.9495413831283792,-1.497943049801837,0.0006693954985905174,72.21840098161778
81.67741678128971,0.02102127621154336,0.12124934497968155,3.0448340342856146,0.9486661907517153,-1.5743359568607616,0.000621236503243162,72.74692844718068
81.67741678128971,0.02102127621154336,0.12124934497968155,3.0448340342856146,0.9486661907517153,-1.5743359568607616,0.000621236503243162,72.74692844718068
81.67741678128971,0.02102127621154336,0.12124934497968155,3.0448340342856146,0.9486661907517153,-1.5743359568607616,0.000621236503243162,72.74692844718068
81.67741678128971,0.02102127621154336,0.12124934497968155,3.0448340342856146,0.9486661907517153,-1.5743359568607616,0.000621236503243162,72.74692844718068
81.67741678128971,0.02102127621154336,0.12124934497968155,3.0448340342856146,0.9486661907517153,-1.5743359568607616,0.000621236503243162,72.74692844718068
81.67741678128971,0.02102127621154336,0.12124934497968155,3.0448340342856146,0.9486661907517153,-1.5743359568607616,0.000621236503243162,72.74692844718068
81.67741678128971,0.02102127621154336,0.12124934497968155,3.0448340342856146,0.9486661907517153,-1.5743359568607616,0.000621236503243162,72.74692844718068
81.67741678128971,0.02102127621154336,0.12124934497968155,3.0448340342856146,0.9486661907517153,-1.5743359568607616,0.000621236503243162,72.74692844718068
81.67741678128971,0.02102127621154336,0.12124934497968155,3.0448340342856146,0.9486661907517153,-1.5743359568607616,0.000621236503243162,72.74692844718068
81.67741678128971,0.02102127621154336,0.12124934497968155,3.0448340342856146,0.9486661907517153,-1.5743359568607616,0.000621236503243162,72.74692844718068
81.67741678128971,0.02102127621154336,0.12124934497968155,3.0448340342856146,0.9486661907517153,-1.5743359568607616,0.000621236503243162,72.74692844718068
81.67741678128971,0.02102127621154336,0.12124934497968155,3.0448340342856146,0.9486661907517153,-1.5743359568607616,0.000621236503243162,72.74692844718068
81.67741678128971,0.02102127621154336,0.12124934497968155,3.0448340342856146,0.9486661907517153,-1.5743359568607616,0.000621236503243162,72.74692844718068
81.67741678128971,0.02102127621154336,0.12124934497968155,3.0448340342856146,0.9486661907517153,-1.5743359568607616,0.000621236503243162,72.74692844718068
77.46880732443557,0.02130617291746086,0.1210768522603363,3.048455139512276,0.9526806386314024,-1.417633542065867,0.0005925197722112383,68.68221545246374
83.18248531576117,0.02114504125002272,0.12076747652538064,3.0494956081522346,0.952569913675615,-1.5947798925056629,0.0005558521646628075,66.58081721776442
83.18248531576117,0.02114504125002272,0.12076747652538064,3.0494956081522346,0.952569913675615,-1.5947798925056629,0.0005558521646628075,66.58081721776442
83.18248531576117,0.02114504125002272,0.12076747652538064,3.0494956081522346,0.952569913675615,-1.5947798925056629,0.0005558521646628075,66.58081721776442
90.64592852126458,0.020837229047032522,0.12040573982311094,3.047735710730636,0.9569632010743633,-1.8463442416363791,0.0004885065225443989,76.01609480637208
90.64592852126458,0.020837229047032522,0.12040573982311094,3.047735710730636,0.9569632010743633,-1.8463442416363791,0.0004885065225443989,76.01609480637208
90.64592852126458,0.020837229047032522,0.12040573982311094,3.047735710730636,0.9569632010743633,-1.8463442416363791,0.0004885065225443989,76.01609480637208
90.17991035161894,0.02107531221299475,0.11928425794235827,3.0429325835024947,0.9611180322142523,-1.8022006681433493,0.0005093805322392152,77.9395770259037
90.17991035161894,0.02107531221299475,0.11928425794235827,3.0429325835024947,0.9611180322142523,-1.8022006681433493,0.0005093805322392152,77.9395770259037
90.17991035161894,0.02107531221299475,0.11928425794235827,3.0429325835024947,0.9611180322142523,-1.8022006681433493,0.0005093805322392152,77.9395770259037
90.17991035161894,0.02107531221299475,0.11928425794235827,3.0429325835024947,0.9611180322142523,-1.8022006681433493,0.0005093805322392152,77.9395770259037
90.17991035161894,0.02107531221299475,0.11928425794235827,3.0429325835024947,0.9611180322142523,-1.8022006681433493,0.0005093805322392152,77.9395770259037
90.17991035161894,0.02107531221299475,0.11928425794235827,3.0429325835024947,0.9611180322142523,-1.8022006681433493,0.0005093805322392152,77.9395770259037
90.17991035161894,0.02107531221299475,0.11928425794235827,3.0429325835024947,0.9611180322142523,-1.8022006681433493,0.0005093805322392152,77.9395770259037
90.17991035161894,0.02107531221299475,0.11928425794235827,3.0429325835024947,0.9611180322142523,-1.8022006681433493,0.0005093805322392152,77.9395770259037
90.17991035161894,0.02107531221299475,0.11928425794235827,3.0429325835024947,0.9611180322142523,-1.8022006681433493,0.0005093805322392152,77.9395770259037
90.17991035161894,0.02107531221299475,0.11928425794235827,3.0429325835024947,0.9611180322142523,-1.8022006681433493,0.0005093805322392152,77.9395770259037
85.04310231875307,0.02122909460170803,0.1180782624458819,3.0392775557184355,0.9591941516598654,-1.6064705777127226,0.0005911984902412263,75.45033459798081
85.04310231875307,0.02122909460170803,0.1180782624458819,3.0392775557184355,0.9591941516598654,-1.6064705777127226,0.0005911984902412263,75.45033459798081
77.55650653354407,0.021646529697486525,0.11576188428209643,3.0314105795773343,0.9588636197618899,-1.2960499450203307,0.0006873071071105601,75.10251730126674
77.55650653354407,0.021646529697486525,0.11576188428209643,3.0314105795773343,0.9588636197618899,-1.2960499450203307,0.0006873071071105601,75.10251730126674
77.55650653354407,0.021646529697486525,0.11576188428209643,3.0314105795773343,0.9588636197618899,-1.2960499450203307,0.0006873071071105601,75.10251730126674
77.55650653354407,0.021646529697486525,0.11576188428209643,3.0314105795773343,0.9588636197618899,-1.2960499450203307,0.0006873071071105601,75.10251730126674
77.55650653354407,0.021646529697486525,0.11576188428209643,3.0314105795773343,0.9588636197618899,-1.2960499450203307,0.0006873071071105601,75.10251730126674
77.55650653354407,0.021646529697486525,0.11576188428209643,3.0314105795773343,0.9588636197618899,-1.2960499450203307,0.0006873071071105601,75.10251730126674
81.07802227444151,0.021369189448788947,0.11813607551396522,3.0357149311696996,0.9491223845537398,-1.4594012234338902,0.000655571668978068,75.26903785344996
81.07802227444151,0.021369189448788947,0.11813607551396522,3.0357149311696996,0.9491223845537398,-1.4594012234338902,0.000655571668978068,75.26903785344996
81.07802227444151,0.021369189448788947,0.11813607551396522,3.0357149311696996,0.9491223845537398,-1.4594012234338902,0.000655571668978068,75.26903785344996
81.07802227444151,0.021369189448788947,0.11813607551396522,3.0357149311696996,0.9491223845537398,-1.4594012234338902,0.000655571668978068,75.26903785344996
81.07802227444151,0.021369189448788947,0.11813607551396522,3.0357149311696996,0.9491223845537398,-1.4594012234338902,0.000655571668978068,75.26903785344996
88.4318460454743,0.021107495489153555,0.11954118487591665,3.0471762088178855,0.9560542666678536,-1.7302619543117113,0.0005240241596937891,68.31589899615969
88.4318460454743,0.021107495489153555,0.11954118487591665,3.0471762088178855,0.9560542666678536,-1.7302619543117113,0.0005240241596937891,68.31589899615969
88.4318460454743,0.021107495489153555,0.11954118487591665,3.0471762088178855,0.9560542666678536,-1.7302619543117113,0.0005240241596937891,68.31589899615969
88.4318460454743,0.021107495489153555,0.11954118487591665,3.0471762088178855,0.9560542666678536,-1.7302619543117113,0.0005240241596937891,68.31589899615969
88.4318460454743,0.021107495489153555,0.11954118487591665,3.0471762088178855,0.9560542666678536,-1.7302619543117113,0.0005240241596937891,68.31589899615969
88.4318460454743,0.021107495489153555,0.11954118487591665,3.0471762088178855,0.9560542666678536,-1.7302619543117113,0.0005240241596937891,68.31589899615969
88.4318460454743,0.021107495489153555,0.11954118487591665,3.0471762088178855,0.9560542666678536,-1.7302619543117113,0.0005240241596937891,68.31589899615969
87.33405928413869,0.021345933997934056,0.11909877426706447,3.0482506040802133,0.96048457770382,-1.675355133296228,0.0005407183816539912,68.34704857030164
87.33405928413869,0.021345933997934056,0.11909877426706447,3.0482506040802133,0.96048457770382,-1.675355133296228,0.0005407183816539912,68.34704857030164
87.33405928413869,0.021345933997934056,0.11909877426706447,3.0482506040802133,0.96048457770382,-1.675355133296228,0.0005407183816539912,68.34704857030164
87.33405928413869,0.021345933997934056,0.11909877426706447,3.0482506040802133,0.96048457770382,-1.675355133296228,0.0005407183816539912,68.34704857030164
87.33405928413869,0.021345933997934056,0.11909877426706447,3.0482506040802133,0.96048457770382,-1.675355133296228,0.0005407183816539912,68.34704857030164
85.10095230722999,0.021442443963766374,0.11705132567750626,3.0417263260857745,0.9585872862848619,-1.5393657018214542,0.0006094704823308545,70.14216011768144
85.10095230722999,0.021442443963766374,0.11705132567750626,3.0417263260857745,0.9585872862848619,-1.5393657018214542,0.0006094704823308545,70.14216011768144
85.10095230722999,0.021442443963766374,0.11705132567750626,3.0417263260857745,0.9585872862848619,-1.5393657018214542,0.0006094704823308545,70.14216011768144
85.10095230722999,0.021442443963766374,0.11705132567750626,3.0417263260857745,0.9585872862848619,-1.5393657018214542,0.0006094704823308545,70.14216011768144
85.10095230722999,0.021442443963766374,0.11705132567750626,3.0417263260857745,0.9585872862848619,-1.5393657018214542,0.0006094704823308545,70.14216011768144
85.10095230722999,0.021442443963766374,0.11705132567750626,3.0417263260857745,0.9585872862848619,-1.5393657018214542,0.0006094704823308545,70.14216011768144
79.79616128640788,0.021522691666507776,0.11795963952566417,3.045196503897735,0.9561096676741319,-1.4094475414663472,0.0005862249709079615,69.1197265208134
79.79616128640788,0.021522691666507776,0.11795963952566417,3.045196503897735,0.9561096676741319,-1.4094475414663472,0.0005862249709079615,69.1197265208134
79.79616128640788,0.021522691666507776,0.11795963952566417,3.045196503897735,0.9561096676741319,-1.4094475414663472,0.0005862249709079615,69.1197265208134
79.79616128640788,0.021522691666507776,0.11795963952566417,3.045196503897735,0.9561096676741319,-1.4094475414663472,0.0005862249709079615,69.1197265208134
79.79616128640788,0.021522691666507776,0.11795963952566417,3.045196503897735,0.9561096676741319,-1.4094475414663472,0.0005862249709079615,69.1197265208134
79.79616128640788,0.021522691666507776,0.11795963952566417,3.045196503897735,0.9561096676741319,-1.4094475414663472,0.0005862249709079615,69.1197265208134
79.79616128640788,0.021522691666507776,0.11795963952566417,3.045196503897735,0.9561096676741319,-1.4094475414663472,0.0005862249709079615,69.1197265208134
79.79616128640788,0.021522691666507776,0.11795963952566417,3.045196503897735,0.9561096676741319,-1.4094475414663472,0.0005862249709079615,69.1197265208134
69.85020186812685,0.021500277296929427,0.11883568585722531,3.044851216130675,0.9488427657694685,-1.10491172330084,0.0006242035662366093,70.92188364985245
69.85020186812685,0.021500277296929427,0.11883568585722531,3.044851216130675,0.9488427657694685,-1.10491172330084,0.0006242035662366093,70.92188364985245
69.85020186812685,0.021500277296929427,0.11883568585722531,3.044851216130675,0.9488427657694685,-1.10491172330084,0.0006242035662366093,70.92188364985245
69.85020186812685,0.021500277296929427,0.11883568585722531,3.044851216130675,0.9488427657694685,-1.10491172330084,0.0006242035662366093,70.92188364985245
69.85020186812685,0.021500277296929427,0.11883568585722531,3.044851216130675,0.9488427657694685,-1.10491172330084,0.0006242035662366093,70.92188364985245
71.90589252243909,0.021405948654664258,0.11972341480988444,3.0490234660334634,0.9489048010086093,-1.2083987396954863,0.0005639651626564898,69.17593668468824
71.90589252243909,0.021405948654664258,0.11972341480988444,3.0490234660334634,0.9489048010086093,-1.2083987396954863,0.0005639651626564898,69.17593668468824
71.90589252243909,0.021405948654664258,0.11972341480988444,3.0490234660334634,0.9489048010086093,-1.2083987396954863,0.0005639651626564898,69.17593668468824
71.90589252243909,0.021405948654664258,0.11972341480988444,3.0490234660334634,0.9489048010086093,-1.2083987396954863,0.0005639651626564898,69.17593668468824
71.90589252243909,0.021405948654664258,0.11972341480988444,3.0490234660334634,0.9489048010086093,-1.2083987396954863,0.0005639651626564898,69.17593668468824
71.90589252243909,0.021405948654664258,0.11972341480988444,3.0490234660334634,0.9489048010086093,-1.2083987396954863,0.0005639651626564898,69.17593668468824
71.90589252243909,0.021405948654664258,0.11972341480988444,3.0490234660334634,0.9489048010086093,-1.2083987396954863,0.0005639651626564898,69.17593668468824
71.90589252243909,0.021405948654664258,0.11972341480988444,3.0490234660334634,0.9489048010086093,-1.2083987396954863,0.0005639651626564898,69.17593668468824
71.90589252243909,0.021405948654664258,0.11972341480988444,3.0490234660334634,0.9489048010086093,-1.2083987396954863,0.0005639651626564898,69.17593668468824
77.32184630742108,0.021600868862134935,0.12026795564628277,3.052293302595688,0.9513053801299255,-1.3814370498227955,0.0005556794535795426,70.43880140287213
77.32184630742108,0.021600868862134935,0.12026795564628277,3.052293302595688,0.9513053801299255,-1.3814370498227955,0.0005556794535795426,70.43880140287213
77.32184630742108,0.021600868862134935,0.12026795564628277,3.052293302595688,0.9513053801299255,-1.3814370498227955,0.0005556794535795426,70.43880140287213
70.32548632516054,0.02109915336754309,0.12592050290285653,3.0658505519041284,0.9370891100764346,-1.2965470248592332,0.0005254898698244969,75.30271355993064
69.32950679867196,0.02054773944431672,0.1296079515181263,3.075275030195506,0.9258378205147642,-1.3699510266051604,0.0004947375337189385,77.10531556029892
69.32213219573283,0.02054191216173421,0.13208400199592796,3.0853040717976334,0.9288221630326678,-1.4351876359138087,0.00040057907037934577,79.59306276627518
69.32213219573283,0.02054191216173421,0.13208400199592796,3.0853040717976334,0.9288221630326678,-1.4351876359138087,0.00040057907037934577,79.59306276627518
69.32213219573283,0.02054191216173421,0.13208400199592796,3.0853040717976334,0.9288221630326678,-1.4351876359138087,0.00040057907037934577,79.59306276627518
69.32213219573283,0.02054191216173421,0.13208400199592796,3.0853040717976334,0.9288221630326678,-1.4351876359138087,0.00040057907037934577,79.59306276627518
69.32213219573283,0.02054191216173421,0.13208400199592796,3.0853040717976334,0.9288221630326678,-1.4351876359138087,0.00040057907037934577,79.59306276627518
69.32213219573283,0.02054191216173421,0.13208400199592796,3.0853040717976334,0.9288221630326678,-1.4351876359138087,0.00040057907037934577,79.59306276627518
69.32213219573283,0.02054191216173421,0.13208400199592796,3.0853040717976334,0.9288221630326678,-1.4351876359138087,0.00040057907037934577,79.59306276627518
69.32213219573283,0.02054191216173421,0.13208400199592796,3.0853040717976334,0.9288221630326678,-1.4351876359138087,0.00040057907037934577,79.59306276627518
69.32213219573283,0.02054191216173421,0.13208400199592796,3.0853040717976334,0.9288221630326678,-1.4351876359138087,0.00040057907037934577,79.59306276627518
69.32213219573283,0.02054191216173421,0.13208400199592796,3.0853040717976334,0.9288221630326678,-1.4351876359138087,0.00040057907037934577,79.59306276627518
69.32213219573283,0.02054191216173421,0.13208400199592796,3.0853040717976334,0.9288221630326678,-1.4351876359138087,0.00040057907037934577,79.59306276627518
69.32213219573283,0.02054191216173421,0.13208400199592796,3.0853040717976334,0.9288221630326678,-1.4351876359138087,0.00040057907037934577,79.59306276627518
69.32213219573283,0.02054191216173421,0.13208400199592796,3.0853040717976334,0.9288221630326678,-1.4351876359138087,0.00040057907037934577,79.59306276627518
69.32213219573283,0.02054191216173421,0.13208400199592796,3.0853040717976334,0.9288221630326678,-1.4351876359138087,0.00040057907037934577,79.59306276627518
69.32213219573283,0.02054191216173421,0.13208400199592796,3.0853040717976334,0.9288221630326678,-1.4351876359138087,0.00040057907037934577,79.59306276627518
69.32213219573283,0.02054191216173421,0.13208400199592796,3.0853040717976334,0.9288221630326678,-1.4351876359138087,0.00040057907037934577,79.59306276627518
69.32213219573283,0.02054191216173421,0.13208400199592796,3.0853040717976334,0.9288221630326678,-1.4351876359138087,0.00040057907037934577,79.59306276627518
69.32213219573283,0.02054191216173421,0.13208400199592796,3.0853040717976334,0.9288221630326678,-1.4351876359138087,0.00040057907037934577,79.59306276627518
69.32213219573283,0.02054191216173421,0.13208400199592796,3.0853040717976334,0.9288221630326678,-1.4351876359138087,0.00040057907037934577,79.59306276627518
69.32213219573283,0.02054191216173421,0.13208400199592796,3.0853040717976334,0.9288221630326678,-1.4351876359138087,0.00040057907037934577,79.59306276627518
69.32213219573283,0.02054191216173421,0.13208400199592796,3.0853040717976334,0.9288221630326678,-1.4351876359138087,0.00040057907037934577,79.59306276627518
69.32213219573283,0.02054191216173421,0.13208400199592796,3.0853040717976334,0.9288221630326678,-1.4351876359138087,0.00040057907037934577,79.59306276627518
69.32213219573283,0.02054191216173421,0.13208400199592796,3.0853040717976334,0.9288221630326678,-1.4351876359138087,0.00040057907037934577,79.59306276627518
69.32213219573283,0.02054191216173421,0.13208400199592796,3.0853040717976334,0.9288221630326678,-1.4351876359138087,0.00040057907037934577,79.59306276627518
69.32213219573283,0.02054191216173421,0.13208400199592796,3.0853040717976334,0.9288221630326678,-1.4351876359138087,0.00040057907037934577,79.59306276627518
69.32213219573283,0.02054191216173421,0.13208400199592796,3.0853040717976334,0.9288221630326678,-1.4351876359138087,0.00040057907037934577,79.59306276627518
69.32213219573283,0.02054191216173421,0.13208400199592796,3.0853040717976334,0.9288221630326678,-1.4351876359138087,0.00040057907037934577,79.59306276627518
69.32213219573283,0.02054191216173421,0.13208400199592796,3.0853040717976334,0.9288221630326678,-1.4351876359138087,0.00040057907037934577,79.59306276627518
69.32213219573283,0.02054191216173421,0.13208400199592796,3.0853040717976334,0.9288221630326678,-1.4351876359138087,0.00040057907037934577,79.59306276627518
69.32213219573283,0.02054191216173421,0.13208400199592796,3.0853040717976334,0.9288221630326678,-1.4351876359138087,0.00040057907037934577,79.59306276627518
69.32213219573283,0.02054191216173421,0.13208400199592796,3.0853040717976334,0.9288221630326678,-1.4351876359138087,0.00040057907037934577,79.59306276627518
69.32213219573283,0.02054191216173421,0.13208400199592796,3.0853040717976334,0.9288221630326678,-1.4351876359138087,0.00040057907037934577,79.59306276627518
69.32213219573283,0.02054191216173421,0.13208400199592796,3.0853040717976334,0.9288221630326678,-1.4351876359138087,0.00040057907037934577,79.59306276627518
69.32213219573283,0.02054191216173421,0.13208400199592796,3.0853040717976334,0.9288221630326678,-1.4351876359138087,0.00040057907037934577,79.59306276627518
69.32213219573283,0.02054191216173421,0.13208400199592796,3.0853040717976334,0.9288221630326678,-1.4351876359138087,0.00040057907037934577,79.59306276627518
69.32213219573283,0.02054191216173421,0.13208400199592796,3.0853040717976334,0.9288221630326678,-1.4351876359138087,0.00040057907037934577,79.59306276627518
69.32213219573283,0.02054191216173421,0.13208400199592796,3.0853040717976334,0.9288221630326678,-1.4351876359138087,0.00040057907037934577,79.59306276627518
69.32213219573283,0.02054191216173421,0.13208400199592796,3.0853040717976334,0.9288221630326678,-1.4351876359138087,0.00040057907037934577,79.59306276627518
69.32213219573283,0.02054191216173421,0.13208400199592796,3.0853040717976334,0.9288221630326678,-1.4351876359138087,0.00040057907037934577,79.59306276627518
69.32213219573283,0.02054191216173421,0.13208400199592796,3.0853040717976334,0.9288221630326678,-1.4351876359138087,0.00040057907037934577,79.59306276627518
70.49017116904041,0.02077918536779529,0.13202062809702295,3.0830407397516386,0.9297472221854016,-1.4566493076188343,0.0004602371786214328,79.2558737380417
70.49017116904041,0.02077918536779529,0.13202062809702295,3.0830407397516386,0.9297472221854016,-1.4566493076188343,0.0004602371786214328,79.2558737380417
70.49017116904041,0.02077918536779529,0.13202062809702295,3.0830407397516386,0.9297472221854016,-1.4566493076188343,0.0004602371786214328,79.2558737380417
70.49017116904041,0.02077918536779529,0.13202062809702295,3.0830407397516386,0.9297472221854016,-1.4566493076188343,0.0004602371786214328,79.2558737380417
68.37836769043662,0.020437578896945113,0.13583332679082827,3.0928953844821057,0.9234263225472269,-1.4736315182116317,0.0004019133241500726,82.60951775600296
68.37836769043662,0.020437578896945113,0.13583332679082827,3.0928953844821057,0.9234263225472269,-1.4736315182116317,0.0004019133241500726,82.60951775600296
68.37836769043662,0.020437578896945113,0.13583332679082827,3.0928953844821057,0.9234263225472269,-1.4736315182116317,0.0004019133241500726,82.60951775600296
68.37836769043662,0.020437578896945113,0.13583332679082827,3.0928953844821057,0.9234263225472269,-1.4736315182116317,0.0004019133241500726,82.60951775600296
68.37836769043662,0.020437578896945113,0.13583332679082827,3.0928953844821057,0.9234263225472269,-1.4736315182116317,0.0004019133241500726,82.60951775600296
68.37836769043662,0.020437578896945113,0.13583332679082827,3.0928953844821057,0.9234263225472269,-1.4736315182116317,0.0004019133241500726,82.60951775600296
68.37836769043662,0.020437578896945113,0.13583332679082827,3.0928953844821057,0.9234263225472269,-1.4736315182116317,0.0004019133241500726,82.60951775600296
68.37836769043662,0.020437578896945113,0.13583332679082827,3.0928953844821057,0.9234263225472269,-1.4736315182116317,0.0004019133241500726,82.60951775600296
68.37836769043662,0.020437578896945113,0.13583332679082827,3.0928953844821057,0.9234263225472269,-1.4736315182116317,0.0004019133241500726,82.60951775600296
68.37836769043662,0.020437578896945113,0.13583332679082827,3.0928953844821057,0.9234263225472269,-1.4736315182116317,0.0004019133241500726,82.60951775600296
68.37836769043662,0.020437578896945113,0.13583332679082827,3.0928953844821057,0.9234263225472269,-1.4736315182116317,0.0004019133241500726,82.60951775600296
68.37836769043662,0.020437578896945113,0.13583332679082827,3.0928953844821057,0.9234263225472269,-1.4736315182116317,0.0004019133241500726,82.60951775600296
68.37836769043662,0.020437578896945113,0.13583332679082827,3.0928953844821057,0.9234263225472269,-1.4736315182116317,0.0004019133241500726,82.60951775600296
67.11094673273936,0.019948840319273905,0.13562803227413872,3.08470947097219,0.9148078017365834,-1.4468093662024057,0.00045356103335846665,81.95826683050582
67.11094673273936,0.019948840319273905,0.13562803227413872,3.08470947097219,0.9148078017365834,-1.4468093662024057,0.00045356103335846665,81.95826683050582
67.11094673273936,0.019948840319273905,0.13562803227413872,3.08470947097219,0.9148078017365834,-1.4468093662024057,0.00045356103335846665,81.95826683050582
67.11094673273936,0.019948840319273905,0.13562803227413872,3.08470947097219,0.9148078017365834,-1.4468093662024057,0.00045356103335846665,81.95826683050582
67.11094673273936,0.019948840319273905,0.13562803227413872,3.08470947097219,0.9148078017365834,-1.4468093662024057,0.00045356103335846665,81.95826683050582
67.11094673273936,0.019948840319273905,0.13562803227413872,3.08470947097219,0.9148078017365834,-1.4468093662024057,0.00045356103335846665,81.95826683050582
67.11094673273936,0.019948840319273905,0.13562803227413872,3.08470947097219,0.9148078017365834,-1.4468093662024057,0.00045356103335846665,81.95826683050582
67.11094673273936,0.019948840319273905,0.13562803227413872,3.08470947097219,0.9148078017365834,-1.4468093662024057,0.00045356103335846665,81.95826683050582
67.11094673273936,0.019948840319273905,0.13562803227413872,3.08470947097219,0.9148078017365834,-1.4468093662024057,0.00045356103335846665,81.95826683050582
67.11094673273936,0.019948840319273905,0.13562803227413872,3.08470947097219,0.9148078017365834,-1.4468093662024057,0.00045356103335846665,81.95826683050582
67.11094673273936,0.019948840319273905,0.13562803227413872,3.08470947097219,0.9148078017365834,-1.4468093662024057,0.00045356103335846665,81.95826683050582
67.11094673273936,0.019948840319273905,0.13562803227413872,3.08470947097219,0.9148078017365834,-1.4468093662024057,0.00045356103335846665,81.95826683050582
67.11094673273936,0.019948840319273905,0.13562803227413872,3.08470947097219,0.9148078017365834,-1.4468093662024057,0.00045356103335846665,81.95826683050582
67.11094673273936,0.019948840319273905,0.13562803227413872,3.08470947097219,0.9148078017365834,-1.4468093662024057,0.00045356103335846665,81.95826683050582
67.11094673273936,0.019948840319273905,0.13562803227413872,3.08470947097219,0.9148078017365834,-1.4468093662024057,0.00045356103335846665,81.95826683050582
67.11094673273936,0.019948840319273905,0.13562803227413872,3.08470947097219,0.9148078017365834,-1.4468093662024057,0.00045356103335846665,81.95826683050582
67.11094673273936,0.019948840319273905,0.13562803227413872,3.08470947097219,0.9148078017365834,-1.4468093662024057,0.00045356103335846665,81.95826683050582
67.11094673273936,0.019948840319273905,0.13562803227413872,3.08470947097219,0.9148078017365834,-1.4468093662024057,0.00045356103335846665,81.95826683050582
67.11094673273936,0.019948840319273905,0.13562803227413872,3.08470947097219,0.9148078017365834,-1.4468093662024057,0.00045356103335846665,81.95826683050582
67.11094673273936,0.019948840319273905,0.13562803227413872,3.08470947097219,0.9148078017365834,-1.4468093662024057,0.00045356103335846665,81.95826683050582
69.1862593750627,0.020511040607801078,0.12893235451356685,3.06520527646673,0.9298528210457929,-1.3383585927527586,0.0005616401322488724,73.58290813647372
69.1862593750627,0.020511040607801078,0.12893235451356685,3.06520527646673,0.9298528210457929,-1.3383585927527586,0.0005616401322488724,73.58290813647372
69.1862593750627,0.020511040607801078,0.12893235451356685,3.06520527646673,0.9298528210457929,-1.3383585927527586,0.0005616401322488724,73.58290813647372
69.1862593750627,0.020511040607801078,0.12893235451356685,3.06520527646673,0.9298528210457929,-1.3383585927527586,0.0005616401322488724,73.58290813647372
69.1862593750627,0.020511040607801078,0.12893235451356685,3.06520527646673,0.9298528210457929,-1.3383585927527586,0.0005616401322488724,73.58290813647372
69.1862593750627,0.020511040607801078,0.12893235451356685,3.06520527646673,0.9298528210457929,-1.3383585927527586,0.0005616401322488724,73.58290813647372
69.1862593750627,0.020511040607801078,0.12893235451356685,3.06520527646673,0.9298528210457929,-1.3383585927527586,0.0005616401322488724,73.58290813647372
69.1862593750627,0.020511040607801078,0.12893235451356685,3.06520527646673,0.9298528210457929,-1.3383585927527586,0.0005616401322488724,73.58290813647372
69.1862593750627,0.020511040607801078,0.12893235451356685,3.06520527646673,0.9298528210457929,-1.3383585927527586,0.0005616401322488724,73.58290813647372
69.1862593750627,0.020511040607801078,0.12893235451356685,3.06520527646673,0.9298528210457929,-1.3383585927527586,0.0005616401322488724,73.58290813647372
69.1862593750627,0.020511040607801078,0.12893235451356685,3.06520527646673,0.9298528210457929,-1.3383585927527586,0.0005616401322488724,73.58290813647372
68.87271787214087,0.02117604257634101,0.11948244708454267,3.0421248218602357,0.95427911400311,-1.0939924383555129,0.0006288047422931058,71.1354104189301
68.87271787214087,0.02117604257634101,0.11948244708454267,3.0421248218602357,0.95427911400311,-1.0939924383555129,0.0006288047422931058,71.1354104189301
68.87271787214087,0.02117604257634101,0.11948244708454267,3.0421248218602357,0.95427911400311,-1.0939924383555129,0.0006288047422931058,71.1354104189301
68.87271787214087,0.02117604257634101,0.11948244708454267,3.0421248218602357,0.95427911400311,-1.0939924383555129,0.0006288047422931058,71.1354104189301
68.87271787214087,0.02117604257634101,0.11948244708454267,3.0421248218602357,0.95427911400311,-1.0939924383555129,0.0006288047422931058,71.1354104189301
68.87271787214087,0.02117604257634101,0.11948244708454267,3.0421248218602357,0.95427911400311,-1.0939924383555129,0.0006288047422931058,71.1354104189301
68.87271787214087,0.02117604257634101,0.11948244708454267,3.0421248218602357,0.95427911400311,-1.0939924383555129,0.0006288047422931058,71.1354104189301
68.87271787214087,0.02117604257634101,0.11948244708454267,3.0421248218602357,0.95427911400311,-1.0939924383555129,0.0006288047422931058,71.1354104189301
68.87271787214087,0.02117604257634101,0.11948244708454267,3.0421248218602357,0.95427911400311,-1.0939924383555129,0.0006288047422931058,71.1354104189301
67.51530819319379,0.021223639959945296,0.12307450378860693,3.051523261608219,0.9444145040048421,-1.1036460661032546,0.0006214284553866231,70.72659414388747
67.51530819319379,0.021223639959945296,0.12307450378860693,3.051523261608219,0.9444145040048421,-1.1036460661032546,0.0006214284553866231,70.72659414388747
67.51530819319379,0.021223639959945296,0.12307450378860693,3.051523261608219,0.9444145040048421,-1.1036460661032546,0.0006214284553866231,70.72659414388747
67.51530819319379,0.021223639959945296,0.12307450378860693,3.051523261608219,0.9444145040048421,-1.1036460661032546,0.0006214284553866231,70.72659414388747
67.51530819319379,0.021223639959945296,0.12307450378860693,3.051523261608219,0.9444145040048421,-1.1036460661032546,0.0006214284553866231,70.72659414388747
67.51530819319379,0.021223639959945296,0.12307450378860693,3.051523261608219,0.9444145040048421,-1.1036460661032546,0.0006214284553866231,70.72659414388747
67.51530819319379,0.021223639959945296,0.12307450378860693,3.051523261608219,0.9444145040048421,-1.1036460661032546,0.0006214284553866231,70.72659414388747
67.51530819319379,0.021223639959945296,0.12307450378860693,3.051523261608219,0.9444145040048421,-1.1036460661032546,0.0006214284553866231,70.72659414388747
67.51530819319379,0.021223639959945296,0.12307450378860693,3.051523261608219,0.9444145040048421,-1.1036460661032546,0.0006214284553866231,70.72659414388747
67.51530819319379,0.021223639959945296,0.12307450378860693,3.051523261608219,0.9444145040048421,-1.1036460661032546,0.0006214284553866231,70.72659414388747
67.51530819319379,0.021223639959945296,0.12307450378860693,3.051523261608219,0.9444145040048421,-1.1036460661032546,0.0006214284553866231,70.72659414388747
67.51530819319379,0.021223639959945296,0.12307450378860693,3.051523261608219,0.9444145040048421,-1.1036460661032546,0.0006214284553866231,70.72659414388747
67.51530819319379,0.021223639959945296,0.12307450378860693,3.051523261608219,0.9444145040048421,-1.1036460661032546,0.0006214284553866231,70.72659414388747
67.51530819319379,0.021223639959945296,0.12307450378860693,3.051523261608219,0.9444145040048421,-1.1036460661032546,0.0006214284553866231,70.72659414388747
67.51530819319379,0.021223639959945296,0.12307450378860693,3.051523261608219,0.9444145040048421,-1.1036460661032546,0.0006214284553866231,70.72659414388747
69.69960465282836,0.020462641743788042,0.125041207530893,3.0553499193159555,0.9362564739702427,-1.2527871316154071,0.0005947026517165453,74.98111521015554
69.69960465282836,0.020462641743788042,0.125041207530893,3.0553499193159555,0.9362564739702427,-1.2527871316154071,0.0005947026517165453,74.98111521015554
69.69960465282836,0.020462641743788042,0.125041207530893,3.0553499193159555,0.9362564739702427,-1.2527871316154071,0.0005947026517165453,74.98111521015554
69.69960465282836,0.020462641743788042,0.125041207530893,3.0553499193159555,0.9362564739702427,-1.2527871316154071,0.0005947026517165453,74.98111521015554
69.69960465282836,0.020462641743788042,0.125041207530893,3.0553499193159555,0.9362564739702427,-1.2527871316154071,0.0005947026517165453,74.98111521015554
69.69960465282836,0.020462641743788042,0.125041207530893,3.0553499193159555,0.9362564739702427,-1.2527871316154071,0.0005947026517165453,74.98111521015554
69.69960465282836,0.020462641743788042,0.125041207530893,3.0553499193159555,0.9362564739702427,-1.2527871316154071,0.0005947026517165453,74.98111521015554
69.69960465282836,0.020462641743788042,0.125041207530893,3.0553499193159555,0.9362564739702427,-1.2527871316154071,0.0005947026517165453,74.98111521015554
69.69960465282836,0.020462641743788042,0.125041207530893,3.0553499193159555,0.9362564739702427,-1.2527871316154071,0.0005947026517165453,74.98111521015554
69.69960465282836,0.020462641743788042,0.125041207530893,3.0553499193159555,0.9362564739702427,-1.2527871316154071,0.0005947026517165453,74.98111521015554
69.69960465282836,0.020462641743788042,0.125041207530893,3.0553499193159555,0.9362564739702427,-1.2527871316154071,0.0005947026517165453,74.98111521015554
69.69960465282836,0.020462641743788042,0.125041207530893,3.0553499193159555,0.9362564739702427,-1.2527871316154071,0.0005947026517165453,74.98111521015554
69.69960465282836,0.020462641743788042,0.125041207530893,3.0553499193159555,0.9362564739702427,-1.2527871316154071,0.0005947026517165453,74.98111521015554
71.78902071681789,0.02053853877565836,0.12290232655581868,3.0515165811709366,0.9361192107855993,-1.282584625199486,0.0006143274726345811,74.96696036212911
74.16564184195931,0.021365493374832022,0.11941773744695984,3.045111048292438,0.9533436341938426,-1.2461982646126035,0.0006134895846698446,73.41806574668607
74.16564184195931,0.021365493374832022,0.11941773744695984,3.045111048292438,0.9533436341938426,-1.2461982646126035,0.0006134895846698446,73.41806574668607
74.16564184195931,0.021365493374832022,0.11941773744695984,3.045111048292438,0.9533436341938426,-1.2461982646126035,0.0006134895846698446,73.41806574668607
73.0669166983743,0.02118008892641361,0.11853548685731745,3.0423718586610753,0.9557636487659988,-1.2343414330137794,0.0006033870477336288,70.75149633773405
72.8155329896255,0.021558191921361734,0.11519875984353421,3.034070448631451,0.9680999661727834,-1.1536442815752384,0.0006159302266362644,72.92338458360985
72.8155329896255,0.021558191921361734,0.11519875984353421,3.034070448631451,0.9680999661727834,-1.1536442815752384,0.0006159302266362644,72.92338458360985
72.8155329896255,0.021558191921361734,0.11519875984353421,3.034070448631451,0.9680999661727834,-1.1536442815752384,0.0006159302266362644,72.92338458360985
72.8155329896255,0.021558191921361734,0.11519875984353421,3.034070448631451,0.9680999661727834,-1.1536442815752384,0.0006159302266362644,72.92338458360985
72.8155329896255,0.021558191921361734,0.11519875984353421,3.034070448631451,0.9680999661727834,-1.1536442815752384,0.0006159302266362644,72.92338458360985
72.8155329896255,0.021558191921361734,0.11519875984353421,3.034070448631451,0.9680999661727834,-1.1536442815752384,0.0006159302266362644,72.92338458360985
72.8155329896255,0.021558191921361734,0.11519875984353421,3.034070448631451,0.9680999661727834,-1.1536442815752384,0.0006159302266362644,72.92338458360985
72.8155329896255,0.021558191921361734,0.11519875984353421,3.034070448631451,0.9680999661727834,-1.1536442815752384,0.0006159302266362644,72.92338458360985
72.8155329896255,0.021558191921361734,0.11519875984353421,3.034070448631451,0.9680999661727834,-1.1536442815752384,0.0006159302266362644,72.92338458360985
72.8155329896255,0.021558191921361734,0.11519875984353421,3.034070448631451,0.9680999661727834,-1.1536442815752384,0.0006159302266362644,72.92338458360985
72.8155329896255,0.021558191921361734,0.11519875984353421,3.034070448631451,0.9680999661727834,-1.1536442815752384,0.0006159302266362644,72.92338458360985
72.8155329896255,0.021558191921361734,0.11519875984353421,3.034070448631451,0.9680999661727834,-1.1536442815752384,0.0006159302266362644,72.92338458360985
72.8155329896255,0.021558191921361734,0.11519875984353421,3.034070448631451,0.9680999661727834,-1.1536442815752384,0.0006159302266362644,72.92338458360985
72.8155329896255,0.021558191921361734,0.11519875984353421,3.034070448631451,0.9680999661727834,-1.1536442815752384,0.0006159302266362644,72.92338458360985
72.8155329896255,0.021558191921361734,0.11519875984353421,3.034070448631451,0.9680999661727834,-1.1536442815752384,0.0006159302266362644,72.92338458360985
72.8155329896255,0.021558191921361734,0.11519875984353421,3.034070448631451,0.9680999661727834,-1.1536442815752384,0.0006159302266362644,72.92338458360985
72.4866275348502,0.021612794032934392,0.11687077537119617,3.037064448911709,0.96420117341322,-1.156648481203693,0.0006228684859873388,71.17946633627601
72.4866275348502,0.021612794032934392,0.11687077537119617,3.037064448911709,0.96420117341322,-1.156648481203693,0.0006228684859873388,71.17946633627601
76.0614325880264,0.021148266016282575,0.11616734534393577,3.0356598184178516,0.9606017670274467,-1.280293426463123,0.0005716179276311542,74.74930588169852
76.0614325880264,0.021148266016282575,0.11616734534393577,3.0356598184178516,0.9606017670274467,-1.280293426463123,0.0005716179276311542,74.74930588169852
76.0614325880264,0.021148266016282575,0.11616734534393577,3.0356598184178516,0.9606017670274467,-1.280293426463123,0.0005716179276311542,74.74930588169852
76.0614325880264,0.021148266016282575,0.11616734534393577,3.0356598184178516,0.9606017670274467,-1.280293426463123,0.0005716179276311542,74.74930588169852
76.0614325880264,0.021148266016282575,0.11616734534393577,3.0356598184178516,0.9606017670274467,-1.280293426463123,0.0005716179276311542,74.74930588169852
76.0614325880264,0.021148266016282575,0.11616734534393577,3.0356598184178516,0.9606017670274467,-1.280293426463123,0.0005716179276311542,74.74930588169852
76.0614325880264,0.021148266016282575,0.11616734534393577,3.0356598184178516,0.9606017670274467,-1.280293426463123,0.0005716179276311542,74.74930588169852
76.0614325880264,0.021148266016282575,0.11616734534393577,3.0356598184178516,0.9606017670274467,-1.280293426463123,0.0005716179276311542,74.74930588169852
76.0614325880264,0.021148266016282575,0.11616734534393577,3.0356598184178516,0.9606017670274467,-1.280293426463123,0.0005716179276311542,74.74930588169852
76.0614325880264,0.021148266016282575,0.11616734534393577,3.0356598184178516,0.9606017670274467,-1.280293426463123,0.0005716179276311542,74.74930588169852
68.69134871894937,0.021091401127688716,0.11934982843249528,3.045564505654739,0.9498066489151965,-1.1059080192230708,0.000575937165513819,68.5968799575764
69.98548979807141,0.020682481061511198,0.12335929308134122,3.0556274057071544,0.936968677833548,-1.240948326897759,0.000535302574210914,70.01425989474227
69.98548979807141,0.020682481061511198,0.12335929308134122,3.0556274057071544,0.936968677833548,-1.240948326897759,0.000535302574210914,70.01425989474227
69.98548979807141,0.020682481061511198,0.12335929308134122,3.0556274057071544,0.936968677833548,-1.240948326897759,0.000535302574210914,70.01425989474227
69.98548979807141,0.020682481061511198,0.12335929308134122,3.0556274057071544,0.936968677833548,-1.240948326897759,0.000535302574210914,70.01425989474227
69.98548979807141,0.020682481061511198,0.12335929308134122,3.0556274057071544,0.936968677833548,-1.240948326897759,0.000535302574210914,70.01425989474227
69.98548979807141,0.020682481061511198,0.12335929308134122,3.0556274057071544,0.936968677833548,-1.240948326897759,0.000535302574210914,70.01425989474227
69.98548979807141,0.020682481061511198,0.12335929308134122,3.0556274057071544,0.936968677833548,-1.240948326897759,0.000535302574210914,70.01425989474227
69.98548979807141,0.020682481061511198,0.12335929308134122,3.0556274057071544,0.936968677833548,-1.240948326897759,0.000535302574210914,70.01425989474227
69.98548979807141,0.020682481061511198,0.12335929308134122,3.0556274057071544,0.936968677833548,-1.240948326897759,0.000535302574210914,70.01425989474227
69.98548979807141,0.020682481061511198,0.12335929308134122,3.0556274057071544,0.936968677833548,-1.240948326897759,0.000535302574210914,70.01425989474227
69.98548979807141,0.020682481061511198,0.12335929308134122,3.0556274057071544,0.936968677833548,-1.240948326897759,0.000535302574210914,70.01425989474227
69.98548979807141,0.020682481061511198,0.12335929308134122,3.0556274057071544,0.936968677833548,-1.240948326897759,0.000535302574210914,70.01425989474227
69.98548979807141,0.020682481061511198,0.12335929308134122,3.0556274057071544,0.936968677833548,-1.240948326897759,0.000535302574210914,70.01425989474227
69.98548979807141,0.020682481061511198,0.12335929308134122,3.0556274057071544,0.936968677833548,-1.240948326897759,0.000535302574210914,70.01425989474227
69.98548979807141,0.020682481061511198,0.12335929308134122,3.0556274057071544,0.936968677833548,-1.240948326897759,0.000535302574210914,70.01425989474227
69.98548979807141,0.020682481061511198,0.12335929308134122,3.0556274057071544,0.936968677833548,-1.240948326897759,0.000535302574210914,70.01425989474227
69.98548979807141,0.020682481061511198,0.12335929308134122,3.0556274057071544,0.936968677833548,-1.240948326897759,0.000535302574210914,70.01425989474227
69.98548979807141,0.020682481061511198,0.12335929308134122,3.0556274057071544,0.936968677833548,-1.240948326897759,0.000535302574210914,70.01425989474227
69.98548979807141,0.020682481061511198,0.12335929308134122,3.0556274057071544,0.936968677833548,-1.240948326897759,0.000535302574210914,70.01425989474227
68.9717316600548,0.020929174170733842,0.12468507853442658,3.0587681015183477,0.9380498461244668,-1.2087210840030316,0.0005337615638923067,67.30409745146204
68.9717316600548,0.020929174170733842,0.12468507853442658,3.0587681015183477,0.9380498461244668,-1.2087210840030316,0.0005337615638923067,67.30409745146204
68.9717316600548,0.020929174170733842,0.12468507853442658,3.0587681015183477,0.9380498461244668,-1.2087210840030316,0.0005337615638923067,67.30409745146204
68.9717316600548,0.020929174170733842,0.12468507853442658,3.0587681015183477,0.9380498461244668,-1.2087210840030316,0.0005337615638923067,67.30409745146204
68.9717316600548,0.020929174170733842,0.12468507853442658,3.0587681015183477,0.9380498461244668,-1.2087210840030316,0.0005337615638923067,67.30409745146204
68.9717316600548,0.020929174170733842,0.12468507853442658,3.0587681015183477,0.9380498461244668,-1.2087210840030316,0.0005337615638923067,67.30409745146204
68.9717316600548,0.020929174170733842,0.12468507853442658,3.0587681015183477,0.9380498461244668,-1.2087210840030316,0.0005337615638923067,67.30409745146204
68.9717316600548,0.020929174170733842,0.12468507853442658,3.0587681015183477,0.9380498461244668,-1.2087210840030316,0.0005337615638923067,67.30409745146204
65.94852008970936,0.020803262609000926,0.12525439306082733,3.0591933343813356,0.9397311687088077,-1.1212838855522012,0.0005517251492807217,70.09326061729371
65.94852008970936,0.020803262609000926,0.12525439306082733,3.0591933343813356,0.9397311687088077,-1.1212838855522012,0.0005517251492807217,70.09326061729371
65.94852008970936,0.020803262609000926,0.12525439306082733,3.0591933343813356,0.9397311687088077,-1.1212838855522012,0.0005517251492807217,70.09326061729371
65.94852008970936,0.020803262609000926,0.12525439306082733,3.0591933343813356,0.9397311687088077,-1.1212838855522012,0.0005517251492807217,70.09326061729371
69.85654783447498,0.02103208064569941,0.1242292723548581,3.056988766438111,0.9460456413310141,-1.205553569628093,0.0005759867109940229,72.88515029477591
69.85654783447498,0.02103208064569941,0.1242292723548581,3.056988766438111,0.9460456413310141,-1.205553569628093,0.0005759867109940229,72.88515029477591
69.85654783447498,0.02103208064569941,0.1242292723548581,3.056988766438111,0.9460456413310141,-1.205553569628093,0.0005759867109940229,72.88515029477591
69.85654783447498,0.02103208064569941,0.1242292723548581,3.056988766438111,0.9460456413310141,-1.205553569628093,0.0005759867109940229,72.88515029477591
70.54911718461996,0.021078589846256574,0.12353777100713749,3.0570964492085815,0.9508782524244469,-1.2245631820721452,0.0005671142033974081,71.84325487797669
70.54911718461996,0.021078589846256574,0.12353777100713749,3.0570964492085815,0.9508782524244469,-1.2245631820721452,0.0005671142033974081,71.84325487797669
70.54911718461996,0.021078589846256574,0.12353777100713749,3.0570964492085815,0.9508782524244469,-1.2245631820721452,0.0005671142033974081,71.84325487797669
70.54911718461996,0.021078589846256574,0.12353777100713749,3.0570964492085815,0.9508782524244469,-1.2245631820721452,0.0005671142033974081,71.84325487797669
70.54911718461996,0.021078589846256574,0.12353777100713749,3.0570964492085815,0.9508782524244469,-1.2245631820721452,0.0005671142033974081,71.84325487797669
70.54911718461996,0.021078589846256574,0.12353777100713749,3.0570964492085815,0.9508782524244469,-1.2245631820721452,0.0005671142033974081,71.84325487797669
70.54911718461996,0.021078589846256574,0.12353777100713749,3.0570964492085815,0.9508782524244469,-1.2245631820721452,0.0005671142033974081,71.84325487797669
70.54911718461996,0.021078589846256574,0.12353777100713749,3.0570964492085815,0.9508782524244469,-1.2245631820721452,0.0005671142033974081,71.84325487797669
70.54911718461996,0.021078589846256574,0.12353777100713749,3.0570964492085815,0.9508782524244469,-1.2245631820721452,0.0005671142033974081,71.84325487797669
70.54911718461996,0.021078589846256574,0.12353777100713749,3.0570964492085815,0.9508782524244469,-1.2245631820721452,0.0005671142033974081,71.84325487797669
71.70519535902339,0.021399576484406924,0.11931135648987698,3.0456558834449017,0.9577408431653288,-1.1849228183815845,0.0006143464020921016,71.06205767947255
71.70519535902339,0.021399576484406924,0.11931135648987698,3.0456558834449017,0.9577408431653288,-1.1849228183815845,0.0006143464020921016,71.06205767947255
71.70519535902339,0.021399576484406924,0.11931135648987698,3.0456558834449017,0.9577408431653288,-1.1849228183815845,0.0006143464020921016,71.06205767947255
71.70519535902339,0.021399576484406924,0.11931135648987698,3.0456558834449017,0.9577408431653288,-1.1849228183815845,0.0006143464020921016,71.06205767947255
71.70519535902339,0.021399576484406924,0.11931135648987698,3.0456558834449017,0.9577408431653288,-1.1849228183815845,0.0006143464020921016,71.06205767947255
71.70519535902339,0.021399576484406924,0.11931135648987698,3.0456558834449017,0.9577408431653288,-1.1849228183815845,0.0006143464020921016,71.06205767947255
71.70519535902339,0.021399576484406924,0.11931135648987698,3.0456558834449017,0.9577408431653288,-1.1849228183815845,0.0006143464020921016,71.06205767947255
71.70519535902339,0.021399576484406924,0.11931135648987698,3.0456558834449017,0.9577408431653288,-1.1849228183815845,0.0006143464020921016,71.06205767947255
71.70519535902339,0.021399576484406924,0.11931135648987698,3.0456558834449017,0.9577408431653288,-1.1849228183815845,0.0006143464020921016,71.06205767947255
71.70519535902339,0.021399576484406924,0.11931135648987698,3.0456558834449017,0.9577408431653288,-1.1849228183815845,0.0006143464020921016,71.06205767947255
71.70519535902339,0.021399576484406924,0.11931135648987698,3.0456558834449017,0.9577408431653288,-1.1849228183815845,0.0006143464020921016,71.06205767947255
71.70519535902339,0.021399576484406924,0.11931135648987698,3.0456558834449017,0.9577408431653288,-1.1849228183815845,0.0006143464020921016,71.06205767947255
71.70519535902339,0.021399576484406924,0.11931135648987698,3.0456558834449017,0.9577408431653288,-1.1849228183815845,0.0006143464020921016,71.06205767947255
71.70519535902339,0.021399576484406924,0.11931135648987698,3.0456558834449017,0.9577408431653288,-1.1849228183815845,0.0006143464020921016,71.06205767947255
71.70519535902339,0.021399576484406924,0.11931135648987698,3.0456558834449017,0.9577408431653288,-1.1849228183815845,0.0006143464020921016,71.06205767947255
77.76599012002913,0.021317999886037556,0.11703384585285206,3.03756331582894,0.9636090313031143,-1.3467991949674099,0.0005886719838046813,71.82623033370847
76.92999925260283,0.02156246202557286,0.11608025259835214,3.0359764290474387,0.9634774910508173,-1.30206034590271,0.0006029868720655915,72.56937693254004
76.92999925260283,0.02156246202557286,0.11608025259835214,3.0359764290474387,0.9634774910508173,-1.30206034590271,0.0006029868720655915,72.56937693254004
83.4869542183616,0.02115165941362649,0.12053848550973971,3.049586334175216,0.9573385707620241,-1.6276836556682008,0.00048443528521150184,69.98981501472898
83.4869542183616,0.02115165941362649,0.12053848550973971,3.049586334175216,0.9573385707620241,-1.6276836556682008,0.00048443528521150184,69.98981501472898
83.4869542183616,0.02115165941362649,0.12053848550973971,3.049586334175216,0.9573385707620241,-1.6276836556682008,0.00048443528521150184,69.98981501472898
83.4869542183616,0.02115165941362649,0.12053848550973971,3.049586334175216,0.9573385707620241,-1.6276836556682008,0.00048443528521150184,69.98981501472898
83.4869542183616,0.02115165941362649,0.12053848550973971,3.049586334175216,0.9573385707620241,-1.6276836556682008,0.00048443528521150184,69.98981501472898
83.4869542183616,0.02115165941362649,0.12053848550973971,3.049586334175216,0.9573385707620241,-1.6276836556682008,0.00048443528521150184,69.98981501472898
80.2510320754854,0.021097966258050677,0.12369180703452753,3.061999448287052,0.9511072648853547,-1.5659117116520151,0.0004749405552785984,71.74836391944936
80.2510320754854,0.021097966258050677,0.12369180703452753,3.061999448287052,0.9511072648853547,-1.5659117116520151,0.0004749405552785984,71.74836391944936
80.2510320754854,0.021097966258050677,0.12369180703452753,3.061999448287052,0.9511072648853547,-1.5659117116520151,0.0004749405552785984,71.74836391944936
80.2510320754854,0.021097966258050677,0.12369180703452753,3.061999448287052,0.9511072648853547,-1.5659117116520151,0.0004749405552785984,71.74836391944936
80.2510320754854,0.021097966258050677,0.12369180703452753,3.061999448287052,0.9511072648853547,-1.5659117116520151,0.0004749405552785984,71.74836391944936
75.62233530181555,0.02120053747976752,0.12154947657269013,3.0529781788772965,0.9618540759567615,-1.3821925935399249,0.00048404628565405273,72.40240292592631
75.62233530181555,0.02120053747976752,0.12154947657269013,3.0529781788772965,0.9618540759567615,-1.3821925935399249,0.00048404628565405273,72.40240292592631
75.62233530181555,0.02120053747976752,0.12154947657269013,3.0529781788772965,0.9618540759567615,-1.3821925935399249,0.00048404628565405273,72.40240292592631
75.62233530181555,0.02120053747976752,0.12154947657269013,3.0529781788772965,0.9618540759567615,-1.3821925935399249,0.00048404628565405273,72.40240292592631
75.62233530181555,0.02120053747976752,0.12154947657269013,3.0529781788772965,0.9618540759567615,-1.3821925935399249,0.00048404628565405273,72.40240292592631
75.62233530181555,0.02120053747976752,0.12154947657269013,3.0529781788772965,0.9618540759567615,-1.3821925935399249,0.00048404628565405273,72.40240292592631
75.62233530181555,0.02120053747976752,0.12154947657269013,3.0529781788772965,0.9618540759567615,-1.3821925935399249,0.00048404628565405273,72.40240292592631
82.14472744316052,0.02139965989417417,0.12135942019439735,3.0534713978521366,0.9638262673773521,-1.5813274234975416,0.0004635171220621776,72.17525164598597
82.14472744316052,0.02139965989417417,0.12135942019439735,3.0534713978521366,0.9638262673773521,-1.5813274234975416,0.0004635171220621776,72.17525164598597
82.14472744316052,0.02139965989417417,0.12135942019439735,3.0534713978521366,0.9638262673773521,-1.5813274234975416,0.0004635171220621776,72.17525164598597
82.14472744316052,0.02139965989417417,0.12135942019439735,3.0534713978521366,0.9638262673773521,-1.5813274234975416,0.0004635171220621776,72.17525164598597
82.14472744316052,0.02139965989417417,0.12135942019439735,3.0534713978521366,0.9638262673773521,-1.5813274234975416,0.0004635171220621776,72.17525164598597
82.14472744316052,0.02139965989417417,0.12135942019439735,3.0534713978521366,0.9638262673773521,-1.5813274234975416,0.0004635171220621776,72.17525164598597
82.14472744316052,0.02139965989417417,0.12135942019439735,3.0534713978521366,0.9638262673773521,-1.5813274234975416,0.0004635171220621776,72.17525164598597
82.14472744316052,0.02139965989417417,0.12135942019439735,3.0534713978521366,0.9638262673773521,-1.5813274234975416,0.0004635171220621776,72.17525164598597
82.14472744316052,0.02139965989417417,0.12135942019439735,3.0534713978521366,0.9638262673773521,-1.5813274234975416,0.0004635171220621776,72.17525164598597
82.14472744316052,0.02139965989417417,0.12135942019439735,3.0534713978521366,0.9638262673773521,-1.5813274234975416,0.0004635171220621776,72.17525164598597
84.76270900835634,0.02138620223003388,0.12250390259117196,3.0563035920768886,0.9593641322735745,-1.6971447047826984,0.000462387728344651,70.9893460798315
84.76270900835634,0.02138620223003388,0.12250390259117196,3.0563035920768886,0.9593641322735745,-1.6971447047826984,0.000462387728344651,70.9893460798315
84.76270900835634,0.02138620223003388,0.12250390259117196,3.0563035920768886,0.9593641322735745,-1.6971447047826984,0.000462387728344651,70.9893460798315
84.76270900835634,0.02138620223003388,0.12250390259117196,3.0563035920768886,0.9593641322735745,-1.6971447047826984,0.000462387728344651,70.9893460798315
84.76270900835634,0.02138620223003388,0.12250390259117196,3.0563035920768886,0.9593641322735745,-1.6971447047826984,0.000462387728344651,70.9893460798315
84.76270900835634,0.02138620223003388,0.12250390259117196,3.0563035920768886,0.9593641322735745,-1.6971447047826984,0.000462387728344651,70.9893460798315
84.76270900835634,0.02138620223003388,0.12250390259117196,3.0563035920768886,0.9593641322735745,-1.6971447047826984,0.000462387728344651,70.9893460798315
84.76270900835634,0.02138620223003388,0.12250390259117196,3.0563035920768886,0.9593641322735745,-1.6971447047826984,0.000462387728344651,70.9893460798315
84.76270900835634,0.02138620223003388,0.12250390259117196,3.0563035920768886,0.9593641322735745,-1.6971447047826984,0.000462387728344651,70.9893460798315
90.40978516711458,0.021435089042151367,0.12189376963912027,3.0563403494790955,0.9595409748687426,-1.8589130503165079,0.00044453730488135205,70.02271996475119
90.40978516711458,0.021435089042151367,0.12189376963912027,3.0563403494790955,0.9595409748687426,-1.8589130503165079,0.00044453730488135205,70.02271996475119
90.40978516711458,0.021435089042151367,0.12189376963912027,3.0563403494790955,0.9595409748687426,-1.8589130503165079,0.00044453730488135205,70.02271996475119
90.40978516711458,0.021435089042151367,0.12189376963912027,3.0563403494790955,0.9595409748687426,-1.8589130503165079,0.00044453730488135205,70.02271996475119
92.25353901790922,0.021178138919229674,0.12256082857390092,3.057653159768436,0.956531416028066,-1.9598649380610857,0.00041789794132036706,71.17095790601611
92.25353901790922,0.021178138919229674,0.12256082857390092,3.057653159768436,0.956531416028066,-1.9598649380610857,0.00041789794132036706,71.17095790601611
92.25353901790922,0.021178138919229674,0.12256082857390092,3.057653159768436,0.956531416028066,-1.9598649380610857,0.00041789794132036706,71.17095790601611
92.25353901790922,0.021178138919229674,0.12256082857390092,3.057653159768436,0.956531416028066,-1.9598649380610857,0.00041789794132036706,71.17095790601611
92.25353901790922,0.021178138919229674,0.12256082857390092,3.057653159768436,0.956531416028066,-1.9598649380610857,0.00041789794132036706,71.17095790601611
89.64937629346504,0.021100227635248717,0.12414483510765516,3.06490537507527,0.9578167521756211,-1.927374711384912,0.00039279520252883266,73.65669326160427
89.64937629346504,0.021100227635248717,0.12414483510765516,3.06490537507527,0.9578167521756211,-1.927374711384912,0.00039279520252883266,73.65669326160427
89.64937629346504,0.021100227635248717,0.12414483510765516,3.06490537507527,0.9578167521756211,-1.927374711384912,0.00039279520252883266,73.65669326160427
89.64937629346504,0.021100227635248717,0.12414483510765516,3.06490537507527,0.9578167521756211,-1.927374711384912,0.00039279520252883266,73.65669326160427
89.64937629346504,0.021100227635248717,0.12414483510765516,3.06490537507527,0.9578167521756211,-1.927374711384912,0.00039279520252883266,73.65669326160427
89.64937629346504,0.021100227635248717,0.12414483510765516,3.06490537507527,0.9578167521756211,-1.927374711384912,0.00039279520252883266,73.65669326160427
89.64937629346504,0.021100227635248717,0.12414483510765516,3.06490537507527,0.9578167521756211,-1.927374711384912,0.00039279520252883266,73.65669326160427
89.64937629346504,0.021100227635248717,0.12414483510765516,3.06490537507527,0.9578167521756211,-1.927374711384912,0.00039279520252883266,73.65669326160427
81.75705830482812,0.020941803938916148,0.12590081620648264,3.0676177056596092,0.9509868867135408,-1.6976284494723668,0.00042959083324369397,73.55816184132365
82.25736849418422,0.021245635535723804,0.1257024177690208,3.0662957903692867,0.9500348784058142,-1.6796939937513338,0.00046370656601595685,73.5629759081327
82.25736849418422,0.021245635535723804,0.1257024177690208,3.0662957903692867,0.9500348784058142,-1.6796939937513338,0.00046370656601595685,73.5629759081327
82.25736849418422,0.021245635535723804,0.1257024177690208,3.0662957903692867,0.9500348784058142,-1.6796939937513338,0.00046370656601595685,73.5629759081327
82.25736849418422,0.021245635535723804,0.1257024177690208,3.0662957903692867,0.9500348784058142,-1.6796939937513338,0.00046370656601595685,73.5629759081327
82.25736849418422,0.021245635535723804,0.1257024177690208,3.0662957903692867,0.9500348784058142,-1.6796939937513338,0.00046370656601595685,73.5629759081327
82.25736849418422,0.021245635535723804,0.1257024177690208,3.0662957903692867,0.9500348784058142,-1.6796939937513338,0.00046370656601595685,73.5629759081327
82.25736849418422,0.021245635535723804,0.1257024177690208,3.0662957903692867,0.9500348784058142,-1.6796939937513338,0.00046370656601595685,73.5629759081327
82.25736849418422,0.021245635535723804,0.1257024177690208,3.0662957903692867,0.9500348784058142,-1.6796939937513338,0.00046370656601595685,73.5629759081327
82.25736849418422,0.021245635535723804,0.1257024177690208,3.0662957903692867,0.9500348784058142,-1.6796939937513338,0.00046370656601595685,73.5629759081327
82.25736849418422,0.021245635535723804,0.1257024177690208,3.0662957903692867,0.9500348784058142,-1.6796939937513338,0.00046370656601595685,73.5629759081327
82.25736849418422,0.021245635535723804,0.1257024177690208,3.0662957903692867,0.9500348784058142,-1.6796939937513338,0.00046370656601595685,73.5629759081327
82.25736849418422,0.021245635535723804,0.1257024177690208,3.0662957903692867,0.9500348784058142,-1.6796939937513338,0.00046370656601595685,73.5629759081327
82.25736849418422,0.021245635535723804,0.1257024177690208,3.0662957903692867,0.9500348784058142,-1.6796939937513338,0.00046370656601595685,73.5629759081327
82.25736849418422,0.021245635535723804,0.1257024177690208,3.0662957903692867,0.9500348784058142,-1.6796939937513338,0.00046370656601595685,73.5629759081327
82.25736849418422,0.021245635535723804,0.1257024177690208,3.0662957903692867,0.9500348784058142,-1.6796939937513338,0.00046370656601595685,73.5629759081327
82.25736849418422,0.021245635535723804,0.1257024177690208,3.0662957903692867,0.9500348784058142,-1.6796939937513338,0.00046370656601595685,73.5629759081327
82.25736849418422,0.021245635535723804,0.1257024177690208,3.0662957903692867,0.9500348784058142,-1.6796939937513338,0.00046370656601595685,73.5629759081327
77.65738174290372,0.021295350421933496,0.1248251718864566,3.0623051325682518,0.9445762573871591,-1.5484709134787995,0.00047177292492104494,74.16276434169804
77.65738174290372,0.021295350421933496,0.1248251718864566,3.0623051325682518,0.9445762573871591,-1.5484709134787995,0.00047177292492104494,74.16276434169804
77.65738174290372,0.021295350421933496,0.1248251718864566,3.0623051325682518,0.9445762573871591,-1.5484709134787995,0.00047177292492104494,74.16276434169804
77.65738174290372,0.021295350421933496,0.1248251718864566,3.0623051325682518,0.9445762573871591,-1.5484709134787995,0.00047177292492104494,74.16276434169804
77.65738174290372,0.021295350421933496,0.1248251718864566,3.0623051325682518,0.9445762573871591,-1.5484709134787995,0.00047177292492104494,74.16276434169804
77.65738174290372,0.021295350421933496,0.1248251718864566,3.0623051325682518,0.9445762573871591,-1.5484709134787995,0.00047177292492104494,74.16276434169804
77.65738174290372,0.021295350421933496,0.1248251718864566,3.0623051325682518,0.9445762573871591,-1.5484709134787995,0.00047177292492104494,74.16276434169804
77.65738174290372,0.021295350421933496,0.1248251718864566,3.0623051325682518,0.9445762573871591,-1.5484709134787995,0.00047177292492104494,74.16276434169804
77.65738174290372,0.021295350421933496,0.1248251718864566,3.0623051325682518,0.9445762573871591,-1.5484709134787995,0.00047177292492104494,74.16276434169804
82.40554242571216,0.02122103270622785,0.12547021979185805,3.0655760900731135,0.9437094638656215,-1.7185137875785692,0.0004921273851779406,71.73326971665652
82.40554242571216,0.02122103270622785,0.12547021979185805,3.0655760900731135,0.9437094638656215,-1.7185137875785692,0.0004921273851779406,71.73326971665652
82.40554242571216,0.02122103270622785,0.12547021979185805,3.0655760900731135,0.9437094638656215,-1.7185137875785692,0.0004921273851779406,71.73326971665652
82.40554242571216,0.02122103270622785,0.12547021979185805,3.0655760900731135,0.9437094638656215,-1.7185137875785692,0.0004921273851779406,71.73326971665652
82.40554242571216,0.02122103270622785,0.12547021979185805,3.0655760900731135,0.9437094638656215,-1.7185137875785692,0.0004921273851779406,71.73326971665652
82.40554242571216,0.02122103270622785,0.12547021979185805,3.0655760900731135,0.9437094638656215,-1.7185137875785692,0.0004921273851779406,71.73326971665652
82.40554242571216,0.02122103270622785,0.12547021979185805,3.0655760900731135,0.9437094638656215,-1.7185137875785692,0.0004921273851779406,71.73326971665652
82.40554242571216,0.02122103270622785,0.12547021979185805,3.0655760900731135,0.9437094638656215,-1.7185137875785692,0.0004921273851779406,71.73326971665652
82.40554242571216,0.02122103270622785,0.12547021979185805,3.0655760900731135,0.9437094638656215,-1.7185137875785692,0.0004921273851779406,71.73326971665652
82.40554242571216,0.02122103270622785,0.12547021979185805,3.0655760900731135,0.9437094638656215,-1.7185137875785692,0.0004921273851779406,71.73326971665652
82.40554242571216,0.02122103270622785,0.12547021979185805,3.0655760900731135,0.9437094638656215,-1.7185137875785692,0.0004921273851779406,71.73326971665652
82.40554242571216,0.02122103270622785,0.12547021979185805,3.0655760900731135,0.9437094638656215,-1.7185137875785692,0.0004921273851779406,71.73326971665652
82.40554242571216,0.02122103270622785,0.12547021979185805,3.0655760900731135,0.9437094638656215,-1.7185137875785692,0.0004921273851779406,71.73326971665652
82.40554242571216,0.02122103270622785,0.12547021979185805,3.0655760900731135,0.9437094638656215,-1.7185137875785692,0.0004921273851779406,71.73326971665652
82.40554242571216,0.02122103270622785,0.12547021979185805,3.0655760900731135,0.9437094638656215,-1.7185137875785692,0.0004921273851779406,71.73326971665652
82.40554242571216,0.02122103270622785,0.12547021979185805,3.0655760900731135,0.9437094638656215,-1.7185137875785692,0.0004921273851779406,71.73326971665652
82.40554242571216,0.02122103270622785,0.12547021979185805,3.0655760900731135,0.9437094638656215,-1.7185137875785692,0.0004921273851779406,71.73326971665652
82.40554242571216,0.02122103270622785,0.12547021979185805,3.0655760900731135,0.9437094638656215,-1.7185137875785692,0.0004921273851779406,71.73326971665652
82.40554242571216,0.02122103270622785,0.12547021979185805,3.0655760900731135,0.9437094638656215,-1.7185137875785692,0.0004921273851779406,71.73326971665652
82.40554242571216,0.02122103270622785,0.12547021979185805,3.0655760900731135,0.9437094638656215,-1.7185137875785692,0.0004921273851779406,71.73326971665652
82.40554242571216,0.02122103270622785,0.12547021979185805,3.0655760900731135,0.9437094638656215,-1.7185137875785692,0.0004921273851779406,71.73326971665652
82.40554242571216,0.02122103270622785,0.12547021979185805,3.0655760900731135,0.9437094638656215,-1.7185137875785692,0.0004921273851779406,71.73326971665652
82.40554242571216,0.02122103270622785,0.12547021979185805,3.0655760900731135,0.9437094638656215,-1.7185137875785692,0.0004921273851779406,71.73326971665652
82.40554242571216,0.02122103270622785,0.12547021979185805,3.0655760900731135,0.9437094638656215,-1.7185137875785692,0.0004921273851779406,71.73326971665652
82.40554242571216,0.02122103270622785,0.12547021979185805,3.0655760900731135,0.9437094638656215,-1.7185137875785692,0.0004921273851779406,71.73326971665652
87.36280021943077,0.02128331666187967,0.12426564122803599,3.0613771523905844,0.9503489264271701,-1.8427108796752918,0.0004627960142224758,68.73291773509753
87.36280021943077,0.02128331666187967,0.12426564122803599,3.0613771523905844,0.9503489264271701,-1.8427108796752918,0.0004627960142224758,68.73291773509753
87.36280021943077,0.02128331666187967,0.12426564122803599,3.0613771523905844,0.9503489264271701,-1.8427108796752918,0.0004627960142224758,68.73291773509753
87.36280021943077,0.02128331666187967,0.12426564122803599,3.0613771523905844,0.9503489264271701,-1.8427108796752918,0.0004627960142224758,68.73291773509753
87.36280021943077,0.02128331666187967,0.12426564122803599,3.0613771523905844,0.9503489264271701,-1.8427108796752918,0.0004627960142224758,68.73291773509753
87.36280021943077,0.02128331666187967,0.12426564122803599,3.0613771523905844,0.9503489264271701,-1.8427108796752918,0.0004627960142224758,68.73291773509753
87.36280021943077,0.02128331666187967,0.12426564122803599,3.0613771523905844,0.9503489264271701,-1.8427108796752918,0.0004627960142224758,68.73291773509753
87.36280021943077,0.02128331666187967,0.12426564122803599,3.0613771523905844,0.9503489264271701,-1.8427108796752918,0.0004627960142224758,68.73291773509753
87.36280021943077,0.02128331666187967,0.12426564122803599,3.0613771523905844,0.9503489264271701,-1.8427108796752918,0.0004627960142224758,68.73291773509753
84.69756003476775,0.02165852648547869,0.12008797786746397,3.0507345288251195,0.9566824155637426,-1.6124000871349415,0.0005486568250030691,69.83411696246942
84.69756003476775,0.02165852648547869,0.12008797786746397,3.0507345288251195,0.9566824155637426,-1.6124000871349415,0.0005486568250030691,69.83411696246942
84.69756003476775,0.02165852648547869,0.12008797786746397,3.0507345288251195,0.9566824155637426,-1.6124000871349415,0.0005486568250030691,69.83411696246942
84.69756003476775,0.02165852648547869,0.12008797786746397,3.0507345288251195,0.9566824155637426,-1.6124000871349415,0.0005486568250030691,69.83411696246942
87.94514581387745,0.02168521646004276,0.12024299074033531,3.0498975991531845,0.95654868813804,-1.7116162292483554,0.0005504422457704834,69.93891756017194
87.94514581387745,0.02168521646004276,0.12024299074033531,3.0498975991531845,0.95654868813804,-1.7116162292483554,0.0005504422457704834,69.93891756017194
87.94514581387745,0.02168521646004276,0.12024299074033531,3.0498975991531845,0.95654868813804,-1.7116162292483554,0.0005504422457704834,69.93891756017194
87.94514581387745,0.02168521646004276,0.12024299074033531,3.0498975991531845,0.95654868813804,-1.7116162292483554,0.0005504422457704834,69.93891756017194
87.94514581387745,0.02168521646004276,0.12024299074033531,3.0498975991531845,0.95654868813804,-1.7116162292483554,0.0005504422457704834,69.93891756017194
87.94514581387745,0.02168521646004276,0.12024299074033531,3.0498975991531845,0.95654868813804,-1.7116162292483554,0.0005504422457704834,69.93891756017194
87.94514581387745,0.02168521646004276,0.12024299074033531,3.0498975991531845,0.95654868813804,-1.7116162292483554,0.0005504422457704834,69.93891756017194
87.94514581387745,0.02168521646004276,0.12024299074033531,3.0498975991531845,0.95654868813804,-1.7116162292483554,0.0005504422457704834,69.93891756017194
87.94514581387745,0.02168521646004276,0.12024299074033531,3.0498975991531845,0.95654868813804,-1.7116162292483554,0.0005504422457704834,69.93891756017194
87.94514581387745,0.02168521646004276,0.12024299074033531,3.0498975991531845,0.95654868813804,-1.7116162292483554,0.0005504422457704834,69.93891756017194
89.16140331513004,0.02129329318442263,0.12115493268529873,3.0497804012931646,0.9531982572188997,-1.7810693446558536,0.0005397282286835705,67.44642206789209
89.16140331513004,0.02129329318442263,0.12115493268529873,3.0497804012931646,0.9531982572188997,-1.7810693446558536,0.0005397282286835705,67.44642206789209
89.16140331513004,0.02129329318442263,0.12115493268529873,3.0497804012931646,0.9531982572188997,-1.7810693446558536,0.0005397282286835705,67.44642206789209
89.16140331513004,0.02129329318442263,0.12115493268529873,3.0497804012931646,0.9531982572188997,-1.7810693446558536,0.0005397282286835705,67.44642206789209
89.16140331513004,0.02129329318442263,0.12115493268529873,3.0497804012931646,0.9531982572188997,-1.7810693446558536,0.0005397282286835705,67.44642206789209
89.16140331513004,0.02129329318442263,0.12115493268529873,3.0497804012931646,0.9531982572188997,-1.7810693446558536,0.0005397282286835705,67.44642206789209
89.16140331513004,0.02129329318442263,0.12115493268529873,3.0497804012931646,0.9531982572188997,-1.7810693446558536,0.0005397282286835705,67.44642206789209
89.16140331513004,0.02129329318442263,0.12115493268529873,3.0497804012931646,0.9531982572188997,-1.7810693446558536,0.0005397282286835705,67.44642206789209
89.16140331513004,0.02129329318442263,0.12115493268529873,3.0497804012931646,0.9531982572188997,-1.7810693446558536,0.0005397282286835705,67.44642206789209
89.16140331513004,0.02129329318442263,0.12115493268529873,3.0497804012931646,0.9531982572188997,-1.7810693446558536,0.0005397282286835705,67.44642206789209
89.16140331513004,0.02129329318442263,0.12115493268529873,3.0497804012931646,0.9531982572188997,-1.7810693446558536,0.0005397282286835705,67.44642206789209
82.14956397133824,0.021142525215949934,0.12337637108101476,3.0564759670955715,0.9484383951474145,-1.615451291552915,0.000534569003668548,69.65492206264939
82.14956397133824,0.021142525215949934,0.12337637108101476,3.0564759670955715,0.9484383951474145,-1.615451291552915,0.000534569003668548,69.65492206264939
82.14956397133824,0.021142525215949934,0.12337637108101476,3.0564759670955715,0.9484383951474145,-1.615451291552915,0.000534569003668548,69.65492206264939
82.14956397133824,0.021142525215949934,0.12337637108101476,3.0564759670955715,0.9484383951474145,-1.615451291552915,0.000534569003668548,69.65492206264939
82.14956397133824,0.021142525215949934,0.12337637108101476,3.0564759670955715,0.9484383951474145,-1.615451291552915,0.000534569003668548,69.65492206264939
82.14956397133824,0.021142525215949934,0.12337637108101476,3.0564759670955715,0.9484383951474145,-1.615451291552915,0.000534569003668548,69.65492206264939
82.14956397133824,0.021142525215949934,0.12337637108101476,3.0564759670955715,0.9484383951474145,-1.615451291552915,0.000534569003668548,69.65492206264939
82.14956397133824,0.021142525215949934,0.12337637108101476,3.0564759670955715,0.9484383951474145,-1.615451291552915,0.000534569003668548,69.65492206264939
82.14956397133824,0.021142525215949934,0.12337637108101476,3.0564759670955715,0.9484383951474145,-1.615451291552915,0.000534569003668548,69.65492206264939
72.39091521105581,0.02096316234910064,0.1270792506986731,3.0666408720852,0.9384890955694029,-1.412389003379765,0.00048638370991574854,69.67820299496115
72.39091521105581,0.02096316234910064,0.1270792506986731,3.0666408720852,0.9384890955694029,-1.412389003379765,0.00048638370991574854,69.67820299496115
72.39091521105581,0.02096316234910064,0.1270792506986731,3.0666408720852,0.9384890955694029,-1.412389003379765,0.00048638370991574854,69.67820299496115
72.39091521105581,0.02096316234910064,0.1270792506986731,3.0666408720852,0.9384890955694029,-1.412389003379765,0.00048638370991574854,69.67820299496115
72.39091521105581,0.02096316234910064,0.1270792506986731,3.0666408720852,0.9384890955694029,-1.412389003379765,0.00048638370991574854,69.67820299496115
72.39091521105581,0.02096316234910064,0.1270792506986731,3.0666408720852,0.9384890955694029,-1.412389003379765,0.00048638370991574854,69.67820299496115
77.29562472940994,0.021071206315693456,0.12565827553584222,3.0638885436592065,0.9461631665655693,-1.5236385749629764,0.000476997169316643,70.25807929006739
77.29562472940994,0.021071206315693456,0.12565827553584222,3.0638885436592065,0.9461631665655693,-1.5236385749629764,0.000476997169316643,70.25807929006739
81.65281857899535,0.021058184626473603,0.11986298089011925,3.047520641089929,0.9544625952912339,-1.5418969547633672,0.000502506710286733,70.15778502642847
81.65281857899535,0.021058184626473603,0.11986298089011925,3.047520641089929,0.9544625952912339,-1.5418969547633672,0.000502506710286733,70.15778502642847
81.65281857899535,0.021058184626473603,0.11986298089011925,3.047520641089929,0.9544625952912339,-1.5418969547633672,0.000502506710286733,70.15778502642847
81.65281857899535,0.021058184626473603,0.11986298089011925,3.047520641089929,0.9544625952912339,-1.5418969547633672,0.000502506710286733,70.15778502642847
81.65281857899535,0.021058184626473603,0.11986298089011925,3.047520641089929,0.9544625952912339,-1.5418969547633672,0.000502506710286733,70.15778502642847
81.65281857899535,0.021058184626473603,0.11986298089011925,3.047520641089929,0.9544625952912339,-1.5418969547633672,0.000502506710286733,70.15778502642847
81.65281857899535,0.021058184626473603,0.11986298089011925,3.047520641089929,0.9544625952912339,-1.5418969547633672,0.000502506710286733,70.15778502642847
81.65281857899535,0.021058184626473603,0.11986298089011925,3.047520641089929,0.9544625952912339,-1.5418969547633672,0.000502506710286733,70.15778502642847
81.65281857899535,0.021058184626473603,0.11986298089011925,3.047520641089929,0.9544625952912339,-1.5418969547633672,0.000502506710286733,70.15778502642847
81.65281857899535,0.021058184626473603,0.11986298089011925,3.047520641089929,0.9544625952912339,-1.5418969547633672,0.000502506710286733,70.15778502642847
81.65281857899535,0.021058184626473603,0.11986298089011925,3.047520641089929,0.9544625952912339,-1.5418969547633672,0.000502506710286733,70.15778502642847
81.65281857899535,0.021058184626473603,0.11986298089011925,3.047520641089929,0.9544625952912339,-1.5418969547633672,0.000502506710286733,70.15778502642847
81.65281857899535,0.021058184626473603,0.11986298089011925,3.047520641089929,0.9544625952912339,-1.5418969547633672,0.000502506710286733,70.15778502642847
81.65281857899535,0.021058184626473603,0.11986298089011925,3.047520641089929,0.9544625952912339,-1.5418969547633672,0.000502506710286733,70.15778502642847
81.65281857899535,0.021058184626473603,0.11986298089011925,3.047520641089929,0.9544625952912339,-1.5418969547633672,0.000502506710286733,70.15778502642847
86.25514917452757,0.02105779627483559,0.12199404475162265,3.0554400638526262,0.9529610952619905,-1.738707954586494,0.000467304290418877,68.62341875178002
86.25514917452757,0.02105779627483559,0.12199404475162265,3.0554400638526262,0.9529610952619905,-1.738707954586494,0.000467304290418877,68.62341875178002
86.25514917452757,0.02105779627483559,0.12199404475162265,3.0554400638526262,0.9529610952619905,-1.738707954586494,0.000467304290418877,68.62341875178002
86.25514917452757,0.02105779627483559,0.12199404475162265,3.0554400638526262,0.9529610952619905,-1.738707954586494,0.000467304290418877,68.62341875178002
92.32518535851985,0.02105402791123063,0.12131578478210125,3.0531688262413335,0.9537931088268261,-1.8914368361249998,0.00047088500991816144,72.43787390184742
92.32518535851985,0.02105402791123063,0.12131578478210125,3.0531688262413335,0.9537931088268261,-1.8914368361249998,0.00047088500991816144,72.43787390184742
92.32518535851985,0.02105402791123063,0.12131578478210125,3.0531688262413335,0.9537931088268261,-1.8914368361249998,0.00047088500991816144,72.43787390184742
92.32518535851985,0.02105402791123063,0.12131578478210125,3.0531688262413335,0.9537931088268261,-1.8914368361249998,0.00047088500991816144,72.43787390184742
92.32518535851985,0.02105402791123063,0.12131578478210125,3.0531688262413335,0.9537931088268261,-1.8914368361249998,0.00047088500991816144,72.43787390184742
92.32518535851985,0.02105402791123063,0.12131578478210125,3.0531688262413335,0.9537931088268261,-1.8914368361249998,0.00047088500991816144,72.43787390184742
92.32518535851985,0.02105402791123063,0.12131578478210125,3.0531688262413335,0.9537931088268261,-1.8914368361249998,0.00047088500991816144,72.43787390184742
92.32518535851985,0.02105402791123063,0.12131578478210125,3.0531688262413335,0.9537931088268261,-1.8914368361249998,0.00047088500991816144,72.43787390184742
92.62796035562349,0.020951121632218035,0.12148375149620322,3.0506417906589975,0.9469984723236026,-1.9015292382578386,0.0005389163415325164,71.12073217468226
92.62796035562349,0.020951121632218035,0.12148375149620322,3.0506417906589975,0.9469984723236026,-1.9015292382578386,0.0005389163415325164,71.12073217468226
92.62796035562349,0.020951121632218035,0.12148375149620322,3.0506417906589975,0.9469984723236026,-1.9015292382578386,0.0005389163415325164,71.12073217468226
92.62796035562349,0.020951121632218035,0.12148375149620322,3.0506417906589975,0.9469984723236026,-1.9015292382578386,0.0005389163415325164,71.12073217468226
90.46766918403958,0.021109542943893292,0.12080117546662322,3.049215779640941,0.9494217919674826,-1.8277938868692782,0.0005452707051602008,66.2229828108277
88.55426198337285,0.021042155293800293,0.12219106249354875,3.0561195103759933,0.943840707062203,-1.827626287786252,0.0004965594151260876,68.68212407969668
88.55426198337285,0.021042155293800293,0.12219106249354875,3.0561195103759933,0.943840707062203,-1.827626287786252,0.0004965594151260876,68.68212407969668
88.55426198337285,0.021042155293800293,0.12219106249354875,3.0561195103759933,0.943840707062203,-1.827626287786252,0.0004965594151260876,68.68212407969668
88.55426198337285,0.021042155293800293,0.12219106249354875,3.0561195103759933,0.943840707062203,-1.827626287786252,0.0004965594151260876,68.68212407969668
88.47475501871243,0.021352445495459293,0.12256313603729269,3.0563629634742413,0.9439509913785056,-1.7891823768218549,0.0005655781868550624,69.12170724700205
88.47475501871243,0.021352445495459293,0.12256313603729269,3.0563629634742413,0.9439509913785056,-1.7891823768218549,0.0005655781868550624,69.12170724700205
88.47475501871243,0.021352445495459293,0.12256313603729269,3.0563629634742413,0.9439509913785056,-1.7891823768218549,0.0005655781868550624,69.12170724700205
88.47475501871243,0.021352445495459293,0.12256313603729269,3.0563629634742413,0.9439509913785056,-1.7891823768218549,0.0005655781868550624,69.12170724700205
88.47475501871243,0.021352445495459293,0.12256313603729269,3.0563629634742413,0.9439509913785056,-1.7891823768218549,0.0005655781868550624,69.12170724700205
88.47475501871243,0.021352445495459293,0.12256313603729269,3.0563629634742413,0.9439509913785056,-1.7891823768218549,0.0005655781868550624,69.12170724700205
88.47475501871243,0.021352445495459293,0.12256313603729269,3.0563629634742413,0.9439509913785056,-1.7891823768218549,0.0005655781868550624,69.12170724700205
88.47475501871243,0.021352445495459293,0.12256313603729269,3.0563629634742413,0.9439509913785056,-1.7891823768218549,0.0005655781868550624,69.12170724700205
88.47475501871243,0.021352445495459293,0.12256313603729269,3.0563629634742413,0.9439509913785056,-1.7891823768218549,0.0005655781868550624,69.12170724700205
88.47475501871243,0.021352445495459293,0.12256313603729269,3.0563629634742413,0.9439509913785056,-1.7891823768218549,0.0005655781868550624,69.12170724700205
88.47475501871243,0.021352445495459293,0.12256313603729269,3.0563629634742413,0.9439509913785056,-1.7891823768218549,0.0005655781868550624,69.12170724700205
88.47475501871243,0.021352445495459293,0.12256313603729269,3.0563629634742413,0.9439509913785056,-1.7891823768218549,0.0005655781868550624,69.12170724700205
88.47475501871243,0.021352445495459293,0.12256313603729269,3.0563629634742413,0.9439509913785056,-1.7891823768218549,0.0005655781868550624,69.12170724700205
88.47475501871243,0.021352445495459293,0.12256313603729269,3.0563629634742413,0.9439509913785056,-1.7891823768218549,0.0005655781868550624,69.12170724700205
88.47475501871243,0.021352445495459293,0.12256313603729269,3.0563629634742413,0.9439509913785056,-1.7891823768218549,0.0005655781868550624,69.12170724700205
91.33510656183441,0.02175190051886129,0.12087825871268486,3.05403674525171,0.9586425949316748,-1.817990664413677,0.0005309466178930376,71.40958837923017
91.33510656183441,0.02175190051886129,0.12087825871268486,3.05403674525171,0.9586425949316748,-1.817990664413677,0.0005309466178930376,71.40958837923017
91.33510656183441,0.02175190051886129,0.12087825871268486,3.05403674525171,0.9586425949316748,-1.817990664413677,0.0005309466178930376,71.40958837923017
91.33510656183441,0.02175190051886129,0.12087825871268486,3.05403674525171,0.9586425949316748,-1.817990664413677,0.0005309466178930376,71.40958837923017
91.33510656183441,0.02175190051886129,0.12087825871268486,3.05403674525171,0.9586425949316748,-1.817990664413677,0.0005309466178930376,71.40958837923017
91.33510656183441,0.02175190051886129,0.12087825871268486,3.05403674525171,0.9586425949316748,-1.817990664413677,0.0005309466178930376,71.40958837923017
91.33510656183441,0.02175190051886129,0.12087825871268486,3.05403674525171,0.9586425949316748,-1.817990664413677,0.0005309466178930376,71.40958837923017
85.26702722399624,0.02172741202354934,0.11937877733581226,3.0450623654355926,0.9578488398534962,-1.5812878068032576,0.0006143424318345818,71.9228676653615
92.58030901724729,0.021902934371767976,0.11757316171907338,3.0417237586253614,0.9604893397201392,-1.741192330523332,0.0006316707845472859,73.15264417617223
92.58030901724729,0.021902934371767976,0.11757316171907338,3.0417237586253614,0.9604893397201392,-1.741192330523332,0.0006316707845472859,73.15264417617223
92.58030901724729,0.021902934371767976,0.11757316171907338,3.0417237586253614,0.9604893397201392,-1.741192330523332,0.0006316707845472859,73.15264417617223
92.58030901724729,0.021902934371767976,0.11757316171907338,3.0417237586253614,0.9604893397201392,-1.741192330523332,0.0006316707845472859,73.15264417617223
92.58030901724729,0.021902934371767976,0.11757316171907338,3.0417237586253614,0.9604893397201392,-1.741192330523332,0.0006316707845472859,73.15264417617223
92.58030901724729,0.021902934371767976,0.11757316171907338,3.0417237586253614,0.9604893397201392,-1.741192330523332,0.0006316707845472859,73.15264417617223
92.58030901724729,0.021902934371767976,0.11757316171907338,3.0417237586253614,0.9604893397201392,-1.741192330523332,0.0006316707845472859,73.15264417617223
92.58030901724729,0.021902934371767976,0.11757316171907338,3.0417237586253614,0.9604893397201392,-1.741192330523332,0.0006316707845472859,73.15264417617223
92.58030901724729,0.021902934371767976,0.11757316171907338,3.0417237586253614,0.9604893397201392,-1.741192330523332,0.0006316707845472859,73.15264417617223
92.58030901724729,0.021902934371767976,0.11757316171907338,3.0417237586253614,0.9604893397201392,-1.741192330523332,0.0006316707845472859,73.15264417617223
92.58030901724729,0.021902934371767976,0.11757316171907338,3.0417237586253614,0.9604893397201392,-1.741192330523332,0.0006316707845472859,73.15264417617223
92.58030901724729,0.021902934371767976,0.11757316171907338,3.0417237586253614,0.9604893397201392,-1.741192330523332,0.0006316707845472859,73.15264417617223
92.58030901724729,0.021902934371767976,0.11757316171907338,3.0417237586253614,0.9604893397201392,-1.741192330523332,0.0006316707845472859,73.15264417617223
84.47502671903455,0.02180663713593984,0.11715859505246608,3.0412210292976494,0.9598052065284064,-1.520744431786855,0.0006516568931205315,78.10932081551337
84.47502671903455,0.02180663713593984,0.11715859505246608,3.0412210292976494,0.9598052065284064,-1.520744431786855,0.0006516568931205315,78.10932081551337
84.47502671903455,0.02180663713593984,0.11715859505246608,3.0412210292976494,0.9598052065284064,-1.520744431786855,0.0006516568931205315,78.10932081551337
91.26596014417768,0.021323259583867375,0.11964862027923165,3.0496711311349163,0.9592082589934523,-1.846148919401048,0.0005046713127360187,78.54983661815604
91.26596014417768,0.021323259583867375,0.11964862027923165,3.0496711311349163,0.9592082589934523,-1.846148919401048,0.0005046713127360187,78.54983661815604
91.26596014417768,0.021323259583867375,0.11964862027923165,3.0496711311349163,0.9592082589934523,-1.846148919401048,0.0005046713127360187,78.54983661815604
91.26596014417768,0.021323259583867375,0.11964862027923165,3.0496711311349163,0.9592082589934523,-1.846148919401048,0.0005046713127360187,78.54983661815604
91.26596014417768,0.021323259583867375,0.11964862027923165,3.0496711311349163,0.9592082589934523,-1.846148919401048,0.0005046713127360187,78.54983661815604
91.26596014417768,0.021323259583867375,0.11964862027923165,3.0496711311349163,0.9592082589934523,-1.846148919401048,0.0005046713127360187,78.54983661815604
91.26596014417768,0.021323259583867375,0.11964862027923165,3.0496711311349163,0.9592082589934523,-1.846148919401048,0.0005046713127360187,78.54983661815604
91.26596014417768,0.021323259583867375,0.11964862027923165,3.0496711311349163,0.9592082589934523,-1.846148919401048,0.0005046713127360187,78.54983661815604
94.47546474694511,0.02088999267142963,0.12060321340303175,3.0530206675154696,0.9547721187826449,-1.976594287015302,0.00045425283907031907,73.95988210115503
94.47546474694511,0.02088999267142963,0.12060321340303175,3.0530206675154696,0.9547721187826449,-1.976594287015302,0.00045425283907031907,73.95988210115503
94.47546474694511,0.02088999267142963,0.12060321340303175,3.0530206675154696,0.9547721187826449,-1.976594287015302,0.00045425283907031907,73.95988210115503
90.47759884970098,0.02105430536236943,0.12044724768826903,3.0484994862098835,0.9506972873912075,-1.823065145829688,0.0005432403349119194,66.93147089520251
90.47759884970098,0.02105430536236943,0.12044724768826903,3.0484994862098835,0.9506972873912075,-1.823065145829688,0.0005432403349119194,66.93147089520251
90.47759884970098,0.02105430536236943,0.12044724768826903,3.0484994862098835,0.9506972873912075,-1.823065145829688,0.0005432403349119194,66.93147089520251
90.47759884970098,0.02105430536236943,0.12044724768826903,3.0484994862098835,0.9506972873912075,-1.823065145829688,0.0005432403349119194,66.93147089520251
90.47759884970098,0.02105430536236943,0.12044724768826903,3.0484994862098835,0.9506972873912075,-1.823065145829688,0.0005432403349119194,66.93147089520251
90.47759884970098,0.02105430536236943,0.12044724768826903,3.0484994862098835,0.9506972873912075,-1.823065145829688,0.0005432403349119194,66.93147089520251
90.47759884970098,0.02105430536236943,0.12044724768826903,3.0484994862098835,0.9506972873912075,-1.823065145829688,0.0005432403349119194,66.93147089520251
90.47759884970098,0.02105430536236943,0.12044724768826903,3.0484994862098835,0.9506972873912075,-1.823065145829688,0.0005432403349119194,66.93147089520251
90.47759884970098,0.02105430536236943,0.12044724768826903,3.0484994862098835,0.9506972873912075,-1.823065145829688,0.0005432403349119194,66.93147089520251
90.47759884970098,0.02105430536236943,0.12044724768826903,3.0484994862098835,0.9506972873912075,-1.823065145829688,0.0005432403349119194,66.93147089520251
90.47759884970098,0.02105430536236943,0.12044724768826903,3.0484994862098835,0.9506972873912075,-1.823065145829688,0.0005432403349119194,66.93147089520251
90.47759884970098,0.02105430536236943,0.12044724768826903,3.0484994862098835,0.9506972873912075,-1.823065145829688,0.0005432403349119194,66.93147089520251
90.47759884970098,0.02105430536236943,0.12044724768826903,3.0484994862098835,0.9506972873912075,-1.823065145829688,0.0005432403349119194,66.93147089520251
90.47759884970098,0.02105430536236943,0.12044724768826903,3.0484994862098835,0.9506972873912075,-1.823065145829688,0.0005432403349119194,66.93147089520251
83.64238768826306,0.02121034255385092,0.12233411240798431,3.0508876152080893,0.9474759030069482,-1.6418292280141782,0.0005701952160803642,68.89237401332353
83.64238768826306,0.02121034255385092,0.12233411240798431,3.0508876152080893,0.9474759030069482,-1.6418292280141782,0.0005701952160803642,68.89237401332353
83.64238768826306,0.02121034255385092,0.12233411240798431,3.0508876152080893,0.9474759030069482,-1.6418292280141782,0.0005701952160803642,68.89237401332353
83.64238768826306,0.02121034255385092,0.12233411240798431,3.0508876152080893,0.9474759030069482,-1.6418292280141782,0.0005701952160803642,68.89237401332353
83.64238768826306,0.02121034255385092,0.12233411240798431,3.0508876152080893,0.9474759030069482,-1.6418292280141782,0.0005701952160803642,68.89237401332353
83.64238768826306,0.02121034255385092,0.12233411240798431,3.0508876152080893,0.9474759030069482,-1.6418292280141782,0.0005701952160803642,68.89237401332353
83.64238768826306,0.02121034255385092,0.12233411240798431,3.0508876152080893,0.9474759030069482,-1.6418292280141782,0.0005701952160803642,68.89237401332353
83.64238768826306,0.02121034255385092,0.12233411240798431,3.0508876152080893,0.9474759030069482,-1.6418292280141782,0.0005701952160803642,68.89237401332353
83.64238768826306,0.02121034255385092,0.12233411240798431,3.0508876152080893,0.9474759030069482,-1.6418292280141782,0.0005701952160803642,68.89237401332353
83.64238768826306,0.02121034255385092,0.12233411240798431,3.0508876152080893,0.9474759030069482,-1.6418292280141782,0.0005701952160803642,68.89237401332353
83.64238768826306,0.02121034255385092,0.12233411240798431,3.0508876152080893,0.9474759030069482,-1.6418292280141782,0.0005701952160803642,68.89237401332353
83.64238768826306,0.02121034255385092,0.12233411240798431,3.0508876152080893,0.9474759030069482,-1.6418292280141782,0.0005701952160803642,68.89237401332353
83.64238768826306,0.02121034255385092,0.12233411240798431,3.0508876152080893,0.9474759030069482,-1.6418292280141782,0.0005701952160803642,68.89237401332353
86.22104916594851,0.02122033136600029,0.11786029986721576,3.042883571386805,0.9574242927068322,-1.636738905730913,0.0005164906542848062,70.78702832591168
86.22104916594851,0.02122033136600029,0.11786029986721576,3.042883571386805,0.9574242927068322,-1.636738905730913,0.0005164906542848062,70.78702832591168
86.22104916594851,0.02122033136600029,0.11786029986721576,3.042883571386805,0.9574242927068322,-1.636738905730913,0.0005164906542848062,70.78702832591168
86.22104916594851,0.02122033136600029,0.11786029986721576,3.042883571386805,0.9574242927068322,-1.636738905730913,0.0005164906542848062,70.78702832591168
86.22104916594851,0.02122033136600029,0.11786029986721576,3.042883571386805,0.9574242927068322,-1.636738905730913,0.0005164906542848062,70.78702832591168
86.22104916594851,0.02122033136600029,0.11786029986721576,3.042883571386805,0.9574242927068322,-1.636738905730913,0.0005164906542848062,70.78702832591168
86.22104916594851,0.02122033136600029,0.11786029986721576,3.042883571386805,0.9574242927068322,-1.636738905730913,0.0005164906542848062,70.78702832591168
86.22104916594851,0.02122033136600029,0.11786029986721576,3.042883571386805,0.9574242927068322,-1.636738905730913,0.0005164906542848062,70.78702832591168
86.22104916594851,0.02122033136600029,0.11786029986721576,3.042883571386805,0.9574242927068322,-1.636738905730913,0.0005164906542848062,70.78702832591168
86.22104916594851,0.02122033136600029,0.11786029986721576,3.042883571386805,0.9574242927068322,-1.636738905730913,0.0005164906542848062,70.78702832591168
83.43886913080179,0.02133042565869122,0.1204532220088495,3.0505455566460027,0.9521241946917851,-1.6118748716462021,0.0004934354673486555,68.37748200685886
83.43886913080179,0.02133042565869122,0.1204532220088495,3.0505455566460027,0.9521241946917851,-1.6118748716462021,0.0004934354673486555,68.37748200685886
83.43886913080179,0.02133042565869122,0.1204532220088495,3.0505455566460027,0.9521241946917851,-1.6118748716462021,0.0004934354673486555,68.37748200685886
83.43886913080179,0.02133042565869122,0.1204532220088495,3.0505455566460027,0.9521241946917851,-1.6118748716462021,0.0004934354673486555,68.37748200685886
83.43886913080179,0.02133042565869122,0.1204532220088495,3.0505455566460027,0.9521241946917851,-1.6118748716462021,0.0004934354673486555,68.37748200685886
83.43886913080179,0.02133042565869122,0.1204532220088495,3.0505455566460027,0.9521241946917851,-1.6118748716462021,0.0004934354673486555,68.37748200685886
83.43886913080179,0.02133042565869122,0.1204532220088495,3.0505455566460027,0.9521241946917851,-1.6118748716462021,0.0004934354673486555,68.37748200685886
83.43886913080179,0.02133042565869122,0.1204532220088495,3.0505455566460027,0.9521241946917851,-1.6118748716462021,0.0004934354673486555,68.37748200685886
83.43886913080179,0.02133042565869122,0.1204532220088495,3.0505455566460027,0.9521241946917851,-1.6118748716462021,0.0004934354673486555,68.37748200685886
83.43886913080179,0.02133042565869122,0.1204532220088495,3.0505455566460027,0.9521241946917851,-1.6118748716462021,0.0004934354673486555,68.37748200685886
83.43886913080179,0.02133042565869122,0.1204532220088495,3.0505455566460027,0.9521241946917851,-1.6118748716462021,0.0004934354673486555,68.37748200685886
83.43886913080179,0.02133042565869122,0.1204532220088495,3.0505455566460027,0.9521241946917851,-1.6118748716462021,0.0004934354673486555,68.37748200685886
83.43886913080179,0.02133042565869122,0.1204532220088495,3.0505455566460027,0.9521241946917851,-1.6118748716462021,0.0004934354673486555,68.37748200685886
83.43886913080179,0.02133042565869122,0.1204532220088495,3.0505455566460027,0.9521241946917851,-1.6118748716462021,0.0004934354673486555,68.37748200685886
83.43886913080179,0.02133042565869122,0.1204532220088495,3.0505455566460027,0.9521241946917851,-1.6118748716462021,0.0004934354673486555,68.37748200685886
83.43886913080179,0.02133042565869122,0.1204532220088495,3.0505455566460027,0.9521241946917851,-1.6118748716462021,0.0004934354673486555,68.37748200685886
83.43886913080179,0.02133042565869122,0.1204532220088495,3.0505455566460027,0.9521241946917851,-1.6118748716462021,0.0004934354673486555,68.37748200685886
83.43886913080179,0.02133042565869122,0.1204532220088495,3.0505455566460027,0.9521241946917851,-1.6118748716462021,0.0004934354673486555,68.37748200685886
83.43886913080179,0.02133042565869122,0.1204532220088495,3.0505455566460027,0.9521241946917851,-1.6118748716462021,0.0004934354673486555,68.37748200685886
83.43886913080179,0.02133042565869122,0.1204532220088495,3.0505455566460027,0.9521241946917851,-1.6118748716462021,0.0004934354673486555,68.37748200685886
83.43886913080179,0.02133042565869122,0.1204532220088495,3.0505455566460027,0.9521241946917851,-1.6118748716462021,0.0004934354673486555,68.37748200685886
83.43886913080179,0.02133042565869122,0.1204532220088495,3.0505455566460027,0.9521241946917851,-1.6118748716462021,0.0004934354673486555,68.37748200685886
83.43886913080179,0.02133042565869122,0.1204532220088495,3.0505455566460027,0.9521241946917851,-1.6118748716462021,0.0004934354673486555,68.37748200685886
83.43886913080179,0.02133042565869122,0.1204532220088495,3.0505455566460027,0.9521241946917851,-1.6118748716462021,0.0004934354673486555,68.37748200685886
83.43886913080179,0.02133042565869122,0.1204532220088495,3.0505455566460027,0.9521241946917851,-1.6118748716462021,0.0004934354673486555,68.37748200685886
83.43886913080179,0.02133042565869122,0.1204532220088495,3.0505455566460027,0.9521241946917851,-1.6118748716462021,0.0004934354673486555,68.37748200685886
83.43886913080179,0.02133042565869122,0.1204532220088495,3.0505455566460027,0.9521241946917851,-1.6118748716462021,0.0004934354673486555,68.37748200685886
83.43886913080179,0.02133042565869122,0.1204532220088495,3.0505455566460027,0.9521241946917851,-1.6118748716462021,0.0004934354673486555,68.37748200685886
83.43886913080179,0.02133042565869122,0.1204532220088495,3.0505455566460027,0.9521241946917851,-1.6118748716462021,0.0004934354673486555,68.37748200685886
72.22853880247253,0.021458506335559346,0.11872876929449107,3.046061753115369,0.956179113456946,-1.1944611435656871,0.0005583225129185613,66.5102138498899
72.22853880247253,0.021458506335559346,0.11872876929449107,3.046061753115369,0.956179113456946,-1.1944611435656871,0.0005583225129185613,66.5102138498899
72.22853880247253,0.021458506335559346,0.11872876929449107,3.046061753115369,0.956179113456946,-1.1944611435656871,0.0005583225129185613,66.5102138498899
72.22853880247253,0.021458506335559346,0.11872876929449107,3.046061753115369,0.956179113456946,-1.1944611435656871,0.0005583225129185613,66.5102138498899
72.22853880247253,0.021458506335559346,0.11872876929449107,3.046061753115369,0.956179113456946,-1.1944611435656871,0.0005583225129185613,66.5102138498899
72.22853880247253,0.021458506335559346,0.11872876929449107,3.046061753115369,0.956179113456946,-1.1944611435656871,0.0005583225129185613,66.5102138498899
72.22853880247253,0.021458506335559346,0.11872876929449107,3.046061753115369,0.956179113456946,-1.1944611435656871,0.0005583225129185613,66.5102138498899
72.22853880247253,0.021458506335559346,0.11872876929449107,3.046061753115369,0.956179113456946,-1.1944611435656871,0.0005583225129185613,66.5102138498899
72.22853880247253,0.021458506335559346,0.11872876929449107,3.046061753115369,0.956179113456946,-1.1944611435656871,0.0005583225129185613,66.5102138498899
72.22853880247253,0.021458506335559346,0.11872876929449107,3.046061753115369,0.956179113456946,-1.1944611435656871,0.0005583225129185613,66.5102138498899
72.22853880247253,0.021458506335559346,0.11872876929449107,3.046061753115369,0.956179113456946,-1.1944611435656871,0.0005583225129185613,66.5102138498899
72.22853880247253,0.021458506335559346,0.11872876929449107,3.046061753115369,0.956179113456946,-1.1944611435656871,0.0005583225129185613,66.5102138498899
72.22853880247253,0.021458506335559346,0.11872876929449107,3.046061753115369,0.956179113456946,-1.1944611435656871,0.0005583225129185613,66.5102138498899
72.22853880247253,0.021458506335559346,0.11872876929449107,3.046061753115369,0.956179113456946,-1.1944611435656871,0.0005583225129185613,66.5102138498899
72.22853880247253,0.021458506335559346,0.11872876929449107,3.046061753115369,0.956179113456946,-1.1944611435656871,0.0005583225129185613,66.5102138498899
72.22853880247253,0.021458506335559346,0.11872876929449107,3.046061753115369,0.956179113456946,-1.1944611435656871,0.0005583225129185613,66.5102138498899
80.86858133971648,0.021621392092622475,0.11702895734067799,3.044149198653943,0.9648980507925009,-1.4202405295900145,0.0005444627156524025,68.13349118216566
84.93979390439965,0.0214385837930159,0.1191436704016725,3.051175146743324,0.9581993711316869,-1.5939849972615583,0.0005094695075953328,69.03963433456698
81.75082723490472,0.021305017961106242,0.11952801463089054,3.049345907383304,0.9580734909628054,-1.5161571489937582,0.0005167996177188677,67.0333572709304
81.75082723490472,0.021305017961106242,0.11952801463089054,3.049345907383304,0.9580734909628054,-1.5161571489937582,0.0005167996177188677,67.0333572709304
81.75082723490472,0.021305017961106242,0.11952801463089054,3.049345907383304,0.9580734909628054,-1.5161571489937582,0.0005167996177188677,67.0333572709304
81.75082723490472,0.021305017961106242,0.11952801463089054,3.049345907383304,0.9580734909628054,-1.5161571489937582,0.0005167996177188677,67.0333572709304
81.75082723490472,0.021305017961106242,0.11952801463089054,3.049345907383304,0.9580734909628054,-1.5161571489937582,0.0005167996177188677,67.0333572709304
81.75082723490472,0.021305017961106242,0.11952801463089054,3.049345907383304,0.9580734909628054,-1.5161571489937582,0.0005167996177188677,67.0333572709304
81.75082723490472,0.021305017961106242,0.11952801463089054,3.049345907383304,0.9580734909628054,-1.5161571489937582,0.0005167996177188677,67.0333572709304
83.99203095297601,0.021117881877456852,0.1204969843101362,3.0540449294054994,0.9588588210445,-1.6250930888523152,0.0004768114918600702,70.49852301181433
83.99203095297601,0.021117881877456852,0.1204969843101362,3.0540449294054994,0.9588588210445,-1.6250930888523152,0.0004768114918600702,70.49852301181433
83.99203095297601,0.021117881877456852,0.1204969843101362,3.0540449294054994,0.9588588210445,-1.6250930888523152,0.0004768114918600702,70.49852301181433
83.99203095297601,0.021117881877456852,0.1204969843101362,3.0540449294054994,0.9588588210445,-1.6250930888523152,0.0004768114918600702,70.49852301181433
83.99203095297601,0.021117881877456852,0.1204969843101362,3.0540449294054994,0.9588588210445,-1.6250930888523152,0.0004768114918600702,70.49852301181433
83.99203095297601,0.021117881877456852,0.1204969843101362,3.0540449294054994,0.9588588210445,-1.6250930888523152,0.0004768114918600702,70.49852301181433
83.99203095297601,0.021117881877456852,0.1204969843101362,3.0540449294054994,0.9588588210445,-1.6250930888523152,0.0004768114918600702,70.49852301181433
83.99203095297601,0.021117881877456852,0.1204969843101362,3.0540449294054994,0.9588588210445,-1.6250930888523152,0.0004768114918600702,70.49852301181433
83.99203095297601,0.021117881877456852,0.1204969843101362,3.0540449294054994,0.9588588210445,-1.6250930888523152,0.0004768114918600702,70.49852301181433
83.99203095297601,0.021117881877456852,0.1204969843101362,3.0540449294054994,0.9588588210445,-1.6250930888523152,0.0004768114918600702,70.49852301181433
83.99203095297601,0.021117881877456852,0.1204969843101362,3.0540449294054994,0.9588588210445,-1.6250930888523152,0.0004768114918600702,70.49852301181433
83.99203095297601,0.021117881877456852,0.1204969843101362,3.0540449294054994,0.9588588210445,-1.6250930888523152,0.0004768114918600702,70.49852301181433
83.99203095297601,0.021117881877456852,0.1204969843101362,3.0540449294054994,0.9588588210445,-1.6250930888523152,0.0004768114918600702,70.49852301181433
83.99203095297601,0.021117881877456852,0.1204969843101362,3.0540449294054994,0.9588588210445,-1.6250930888523152,0.0004768114918600702,70.49852301181433
83.5146086779065,0.02113938705968598,0.12068332743832987,3.0537641361830765,0.9516717341611509,-1.607319630650869,0.0005307633167380213,69.76860436110927
83.5146086779065,0.02113938705968598,0.12068332743832987,3.0537641361830765,0.9516717341611509,-1.607319630650869,0.0005307633167380213,69.76860436110927
83.5146086779065,0.02113938705968598,0.12068332743832987,3.0537641361830765,0.9516717341611509,-1.607319630650869,0.0005307633167380213,69.76860436110927
83.5146086779065,0.02113938705968598,0.12068332743832987,3.0537641361830765,0.9516717341611509,-1.607319630650869,0.0005307633167380213,69.76860436110927
83.5146086779065,0.02113938705968598,0.12068332743832987,3.0537641361830765,0.9516717341611509,-1.607319630650869,0.0005307633167380213,69.76860436110927
83.5146086779065,0.02113938705968598,0.12068332743832987,3.0537641361830765,0.9516717341611509,-1.607319630650869,0.0005307633167380213,69.76860436110927
83.5146086779065,0.02113938705968598,0.12068332743832987,3.0537641361830765,0.9516717341611509,-1.607319630650869,0.0005307633167380213,69.76860436110927
83.5146086779065,0.02113938705968598,0.12068332743832987,3.0537641361830765,0.9516717341611509,-1.607319630650869,0.0005307633167380213,69.76860436110927
75.13532085079983,0.021504448884070347,0.11723845160262678,3.0394135140808642,0.9549925220051579,-1.2497804934659205,0.0006499735039669079,70.25933117190462
75.13532085079983,0.021504448884070347,0.11723845160262678,3.0394135140808642,0.9549925220051579,-1.2497804934659205,0.0006499735039669079,70.25933117190462
75.13532085079983,0.021504448884070347,0.11723845160262678,3.0394135140808642,0.9549925220051579,-1.2497804934659205,0.0006499735039669079,70.25933117190462
75.13532085079983,0.021504448884070347,0.11723845160262678,3.0394135140808642,0.9549925220051579,-1.2497804934659205,0.0006499735039669079,70.25933117190462
75.13532085079983,0.021504448884070347,0.11723845160262678,3.0394135140808642,0.9549925220051579,-1.2497804934659205,0.0006499735039669079,70.25933117190462
75.13532085079983,0.021504448884070347,0.11723845160262678,3.0394135140808642,0.9549925220051579,-1.2497804934659205,0.0006499735039669079,70.25933117190462
75.13532085079983,0.021504448884070347,0.11723845160262678,3.0394135140808642,0.9549925220051579,-1.2497804934659205,0.0006499735039669079,70.25933117190462
75.13532085079983,0.021504448884070347,0.11723845160262678,3.0394135140808642,0.9549925220051579,-1.2497804934659205,0.0006499735039669079,70.25933117190462
75.13532085079983,0.021504448884070347,0.11723845160262678,3.0394135140808642,0.9549925220051579,-1.2497804934659205,0.0006499735039669079,70.25933117190462
75.13532085079983,0.021504448884070347,0.11723845160262678,3.0394135140808642,0.9549925220051579,-1.2497804934659205,0.0006499735039669079,70.25933117190462
75.13532085079983,0.021504448884070347,0.11723845160262678,3.0394135140808642,0.9549925220051579,-1.2497804934659205,0.0006499735039669079,70.25933117190462
75.13532085079983,0.021504448884070347,0.11723845160262678,3.0394135140808642,0.9549925220051579,-1.2497804934659205,0.0006499735039669079,70.25933117190462
77.82731705664726,0.02102290569930296,0.12137132737303293,3.0499226250345526,0.9420664034602911,-1.4390964966343285,0.0005937204623348588,68.51233520813452
75.17245245755967,0.02085229175461532,0.12496575343604094,3.0614876771957147,0.9416501377180828,-1.4685623434322905,0.0004888888653041615,67.22396518026265
73.94646701943299,0.02059279729166672,0.12854290599668475,3.0691868248748073,0.9335351451862927,-1.4960549316945453,0.000503483376854426,71.18538143034118
73.94646701943299,0.02059279729166672,0.12854290599668475,3.0691868248748073,0.9335351451862927,-1.4960549316945453,0.000503483376854426,71.18538143034118
73.94646701943299,0.02059279729166672,0.12854290599668475,3.0691868248748073,0.9335351451862927,-1.4960549316945453,0.000503483376854426,71.18538143034118
79.02747619701276,0.020955547440838326,0.12667054217803536,3.0662363814264406,0.9379626141883178,-1.601634231526214,0.0005287777441555646,71.84967797778765
79.02747619701276,0.020955547440838326,0.12667054217803536,3.0662363814264406,0.9379626141883178,-1.601634231526214,0.0005287777441555646,71.84967797778765
79.02747619701276,0.020955547440838326,0.12667054217803536,3.0662363814264406,0.9379626141883178,-1.601634231526214,0.0005287777441555646,71.84967797778765
79.02747619701276,0.020955547440838326,0.12667054217803536,3.0662363814264406,0.9379626141883178,-1.601634231526214,0.0005287777441555646,71.84967797778765
79.02747619701276,0.020955547440838326,0.12667054217803536,3.0662363814264406,0.9379626141883178,-1.601634231526214,0.0005287777441555646,71.84967797778765
79.02747619701276,0.020955547440838326,0.12667054217803536,3.0662363814264406,0.9379626141883178,-1.601634231526214,0.0005287777441555646,71.84967797778765
79.02747619701276,0.020955547440838326,0.12667054217803536,3.0662363814264406,0.9379626141883178,-1.601634231526214,0.0005287777441555646,71.84967797778765
79.02747619701276,0.020955547440838326,0.12667054217803536,3.0662363814264406,0.9379626141883178,-1.601634231526214,0.0005287777441555646,71.84967797778765
79.02747619701276,0.020955547440838326,0.12667054217803536,3.0662363814264406,0.9379626141883178,-1.601634231526214,0.0005287777441555646,71.84967797778765
82.78588295531728,0.021312794693404833,0.12216215170173372,3.0494537573391516,0.9497150651857599,-1.6196648196331955,0.0005679133796618889,71.05706001572213
82.78588295531728,0.021312794693404833,0.12216215170173372,3.0494537573391516,0.9497150651857599,-1.6196648196331955,0.0005679133796618889,71.05706001572213
82.78588295531728,0.021312794693404833,0.12216215170173372,3.0494537573391516,0.9497150651857599,-1.6196648196331955,0.0005679133796618889,71.05706001572213
82.78588295531728,0.021312794693404833,0.12216215170173372,3.0494537573391516,0.9497150651857599,-1.6196648196331955,0.0005679133796618889,71.05706001572213
82.78588295531728,0.021312794693404833,0.12216215170173372,3.0494537573391516,0.9497150651857599,-1.6196648196331955,0.0005679133796618889,71.05706001572213
82.78588295531728,0.021312794693404833,0.12216215170173372,3.0494537573391516,0.9497150651857599,-1.6196648196331955,0.0005679133796618889,71.05706001572213
82.78588295531728,0.021312794693404833,0.12216215170173372,3.0494537573391516,0.9497150651857599,-1.6196648196331955,0.0005679133796618889,71.05706001572213
82.78588295531728,0.021312794693404833,0.12216215170173372,3.0494537573391516,0.9497150651857599,-1.6196648196331955,0.0005679133796618889,71.05706001572213
82.78588295531728,0.021312794693404833,0.12216215170173372,3.0494537573391516,0.9497150651857599,-1.6196648196331955,0.0005679133796618889,71.05706001572213
82.78588295531728,0.021312794693404833,0.12216215170173372,3.0494537573391516,0.9497150651857599,-1.6196648196331955,0.0005679133796618889,71.05706001572213
77.59684983976376,0.02101016286117184,0.12043034900429339,3.0427232219440294,0.9495850087659593,-1.4080306691733915,0.000649784838639571,73.46281222582134
77.59684983976376,0.02101016286117184,0.12043034900429339,3.0427232219440294,0.9495850087659593,-1.4080306691733915,0.000649784838639571,73.46281222582134
77.59684983976376,0.02101016286117184,0.12043034900429339,3.0427232219440294,0.9495850087659593,-1.4080306691733915,0.000649784838639571,73.46281222582134
77.59684983976376,0.02101016286117184,0.12043034900429339,3.0427232219440294,0.9495850087659593,-1.4080306691733915,0.000649784838639571,73.46281222582134
77.59684983976376,0.02101016286117184,0.12043034900429339,3.0427232219440294,0.9495850087659593,-1.4080306691733915,0.000649784838639571,73.46281222582134
77.59684983976376,0.02101016286117184,0.12043034900429339,3.0427232219440294,0.9495850087659593,-1.4080306691733915,0.000649784838639571,73.46281222582134
77.51039061620344,0.021125222589359893,0.1214509516859347,3.049013605476564,0.9490162115501131,-1.430415555599981,0.000622991163875928,70.60576757818019
77.51039061620344,0.021125222589359893,0.1214509516859347,3.049013605476564,0.9490162115501131,-1.430415555599981,0.000622991163875928,70.60576757818019
77.51039061620344,0.021125222589359893,0.1214509516859347,3.049013605476564,0.9490162115501131,-1.430415555599981,0.000622991163875928,70.60576757818019
86.85584213986952,0.020989359949725835,0.11992971656898592,3.046646023983801,0.9533442522689429,-1.6946037746071443,0.0005902546635237848,71.04954783179059
82.58905746780691,0.020854853047275454,0.12207008557435274,3.049996687273226,0.9506197660205604,-1.6314024148334383,0.0005566003962356406,71.09424498708671
82.58905746780691,0.020854853047275454,0.12207008557435274,3.049996687273226,0.9506197660205604,-1.6314024148334383,0.0005566003962356406,71.09424498708671
82.58905746780691,0.020854853047275454,0.12207008557435274,3.049996687273226,0.9506197660205604,-1.6314024148334383,0.0005566003962356406,71.09424498708671
87.57989017974276,0.02088710893937982,0.1217468358772482,3.0494188062269916,0.9531092582434604,-1.780538296414769,0.0005407293049197768,72.05094735235075
87.57989017974276,0.02088710893937982,0.1217468358772482,3.0494188062269916,0.9531092582434604,-1.780538296414769,0.0005407293049197768,72.05094735235075
91.84320154545922,0.02084881690449907,0.12084079269234838,3.0517048552573236,0.9512047187695328,-1.9156032487560422,0.0005061789223454208,75.56897438912823
91.84320154545922,0.02084881690449907,0.12084079269234838,3.0517048552573236,0.9512047187695328,-1.9156032487560422,0.0005061789223454208,75.56897438912823
91.84320154545922,0.02084881690449907,0.12084079269234838,3.0517048552573236,0.9512047187695328,-1.9156032487560422,0.0005061789223454208,75.56897438912823
91.84320154545922,0.02084881690449907,0.12084079269234838,3.0517048552573236,0.9512047187695328,-1.9156032487560422,0.0005061789223454208,75.56897438912823
91.25054976703133,0.02110403593624751,0.12273900225652076,3.059283854990667,0.9501835993642446,-1.9347466964325994,0.0004923797782158989,72.43039961481155
91.25054976703133,0.02110403593624751,0.12273900225652076,3.059283854990667,0.9501835993642446,-1.9347466964325994,0.0004923797782158989,72.43039961481155
91.25054976703133,0.02110403593624751,0.12273900225652076,3.059283854990667,0.9501835993642446,-1.9347466964325994,0.0004923797782158989,72.43039961481155
91.25054976703133,0.02110403593624751,0.12273900225652076,3.059283854990667,0.9501835993642446,-1.9347466964325994,0.0004923797782158989,72.43039961481155
91.25054976703133,0.02110403593624751,0.12273900225652076,3.059283854990667,0.9501835993642446,-1.9347466964325994,0.0004923797782158989,72.43039961481155
91.25054976703133,0.02110403593624751,0.12273900225652076,3.059283854990667,0.9501835993642446,-1.9347466964325994,0.0004923797782158989,72.43039961481155
91.25054976703133,0.02110403593624751,0.12273900225652076,3.059283854990667,0.9501835993642446,-1.9347466964325994,0.0004923797782158989,72.43039961481155
91.25054976703133,0.02110403593624751,0.12273900225652076,3.059283854990667,0.9501835993642446,-1.9347466964325994,0.0004923797782158989,72.43039961481155
91.25054976703133,0.02110403593624751,0.12273900225652076,3.059283854990667,0.9501835993642446,-1.9347466964325994,0.0004923797782158989,72.43039961481155
91.25054976703133,0.02110403593624751,0.12273900225652076,3.059283854990667,0.9501835993642446,-1.9347466964325994,0.0004923797782158989,72.43039961481155
91.25054976703133,0.02110403593624751,0.12273900225652076,3.059283854990667,0.9501835993642446,-1.9347466964325994,0.0004923797782158989,72.43039961481155
91.25054976703133,0.02110403593624751,0.12273900225652076,3.059283854990667,0.9501835993642446,-1.9347466964325994,0.0004923797782158989,72.43039961481155
91.25054976703133,0.02110403593624751,0.12273900225652076,3.059283854990667,0.9501835993642446,-1.9347466964325994,0.0004923797782158989,72.43039961481155
91.25054976703133,0.02110403593624751,0.12273900225652076,3.059283854990667,0.9501835993642446,-1.9347466964325994,0.0004923797782158989,72.43039961481155
91.25054976703133,0.02110403593624751,0.12273900225652076,3.059283854990667,0.9501835993642446,-1.9347466964325994,0.0004923797782158989,72.43039961481155
91.25054976703133,0.02110403593624751,0.12273900225652076,3.059283854990667,0.9501835993642446,-1.9347466964325994,0.0004923797782158989,72.43039961481155
91.25054976703133,0.02110403593624751,0.12273900225652076,3.059283854990667,0.9501835993642446,-1.9347466964325994,0.0004923797782158989,72.43039961481155
91.25054976703133,0.02110403593624751,0.12273900225652076,3.059283854990667,0.9501835993642446,-1.9347466964325994,0.0004923797782158989,72.43039961481155
91.25054976703133,0.02110403593624751,0.12273900225652076,3.059283854990667,0.9501835993642446,-1.9347466964325994,0.0004923797782158989,72.43039961481155
91.25054976703133,0.02110403593624751,0.12273900225652076,3.059283854990667,0.9501835993642446,-1.9347466964325994,0.0004923797782158989,72.43039961481155
91.25054976703133,0.02110403593624751,0.12273900225652076,3.059283854990667,0.9501835993642446,-1.9347466964325994,0.0004923797782158989,72.43039961481155
91.25054976703133,0.02110403593624751,0.12273900225652076,3.059283854990667,0.9501835993642446,-1.9347466964325994,0.0004923797782158989,72.43039961481155
91.25054976703133,0.02110403593624751,0.12273900225652076,3.059283854990667,0.9501835993642446,-1.9347466964325994,0.0004923797782158989,72.43039961481155
91.25054976703133,0.02110403593624751,0.12273900225652076,3.059283854990667,0.9501835993642446,-1.9347466964325994,0.0004923797782158989,72.43039961481155
91.25054976703133,0.02110403593624751,0.12273900225652076,3.059283854990667,0.9501835993642446,-1.9347466964325994,0.0004923797782158989,72.43039961481155
91.25054976703133,0.02110403593624751,0.12273900225652076,3.059283854990667,0.9501835993642446,-1.9347466964325994,0.0004923797782158989,72.43039961481155
91.25054976703133,0.02110403593624751,0.12273900225652076,3.059283854990667,0.9501835993642446,-1.9347466964325994,0.0004923797782158989,72.43039961481155
91.25054976703133,0.02110403593624751,0.12273900225652076,3.059283854990667,0.9501835993642446,-1.9347466964325994,0.0004923797782158989,72.43039961481155
89.92013838662798,0.020867898650552576,0.12167503789278301,3.0533182359620543,0.9501556469321067,-1.8622594069941893,0.0005216850893499166,70.17750385956577
89.92013838662798,0.020867898650552576,0.12167503789278301,3.0533182359620543,0.9501556469321067,-1.8622594069941893,0.0005216850893499166,70.17750385956577
89.92013838662798,0.020867898650552576,0.12167503789278301,3.0533182359620543,0.9501556469321067,-1.8622594069941893,0.0005216850893499166,70.17750385956577
78.07947425176665,0.020870794033861426,0.12421779771366255,3.058589504484141,0.9394768754966355,-1.518823122146232,0.000554870662279081,68.54376071920184
78.07947425176665,0.020870794033861426,0.12421779771366255,3.058589504484141,0.9394768754966355,-1.518823122146232,0.000554870662279081,68.54376071920184
78.07947425176665,0.020870794033861426,0.12421779771366255,3.058589504484141,0.9394768754966355,-1.518823122146232,0.000554870662279081,68.54376071920184
78.07947425176665,0.020870794033861426,0.12421779771366255,3.058589504484141,0.9394768754966355,-1.518823122146232,0.000554870662279081,68.54376071920184
72.64238127251298,0.02081158717977567,0.12802927904356357,3.066604419359386,0.9312828969529587,-1.4245353893603778,0.0005597268649532064,69.65670399081715
72.64238127251298,0.02081158717977567,0.12802927904356357,3.066604419359386,0.9312828969529587,-1.4245353893603778,0.0005597268649532064,69.65670399081715
72.64238127251298,0.02081158717977567,0.12802927904356357,3.066604419359386,0.9312828969529587,-1.4245353893603778,0.0005597268649532064,69.65670399081715
72.64238127251298,0.02081158717977567,0.12802927904356357,3.066604419359386,0.9312828969529587,-1.4245353893603778,0.0005597268649532064,69.65670399081715
73.1880482155539,0.020959603452298015,0.12287015290654438,3.053912199761519,0.9405444249926692,-1.341288255569741,0.0005741075378835736,69.67034332241195
73.1880482155539,0.020959603452298015,0.12287015290654438,3.053912199761519,0.9405444249926692,-1.341288255569741,0.0005741075378835736,69.67034332241195
73.1880482155539,0.020959603452298015,0.12287015290654438,3.053912199761519,0.9405444249926692,-1.341288255569741,0.0005741075378835736,69.67034332241195
73.1880482155539,0.020959603452298015,0.12287015290654438,3.053912199761519,0.9405444249926692,-1.341288255569741,0.0005741075378835736,69.67034332241195
71.13874258520967,0.020689714139425597,0.12391981451807237,3.0560598154030836,0.9351809726225078,-1.2922997984970754,0.0005616867547380691,68.95088814486414
71.13874258520967,0.020689714139425597,0.12391981451807237,3.0560598154030836,0.9351809726225078,-1.2922997984970754,0.0005616867547380691,68.95088814486414
71.13874258520967,0.020689714139425597,0.12391981451807237,3.0560598154030836,0.9351809726225078,-1.2922997984970754,0.0005616867547380691,68.95088814486414
71.13874258520967,0.020689714139425597,0.12391981451807237,3.0560598154030836,0.9351809726225078,-1.2922997984970754,0.0005616867547380691,68.95088814486414
71.13874258520967,0.020689714139425597,0.12391981451807237,3.0560598154030836,0.9351809726225078,-1.2922997984970754,0.0005616867547380691,68.95088814486414
71.13874258520967,0.020689714139425597,0.12391981451807237,3.0560598154030836,0.9351809726225078,-1.2922997984970754,0.0005616867547380691,68.95088814486414
76.91546057406345,0.0209543301462857,0.12503031176932017,3.0622671578367258,0.9392896152422815,-1.4842895775978426,0.0005331456816188111,72.0124422870581
76.91546057406345,0.0209543301462857,0.12503031176932017,3.0622671578367258,0.9392896152422815,-1.4842895775978426,0.0005331456816188111,72.0124422870581
76.91546057406345,0.0209543301462857,0.12503031176932017,3.0622671578367258,0.9392896152422815,-1.4842895775978426,0.0005331456816188111,72.0124422870581
76.91546057406345,0.0209543301462857,0.12503031176932017,3.0622671578367258,0.9392896152422815,-1.4842895775978426,0.0005331456816188111,72.0124422870581
76.91546057406345,0.0209543301462857,0.12503031176932017,3.0622671578367258,0.9392896152422815,-1.4842895775978426,0.0005331456816188111,72.0124422870581
76.98937856315031,0.02129924343278663,0.12439323418312583,3.0594997438407643,0.9437789473924084,-1.4539847081462083,0.0005835030983887433,71.93250468323937
78.00505488296908,0.021555871389084758,0.11938275696538496,3.044968557757063,0.953503006226421,-1.3726334827637008,0.0006436377736974665,70.8335604002095
78.00505488296908,0.021555871389084758,0.11938275696538496,3.044968557757063,0.953503006226421,-1.3726334827637008,0.0006436377736974665,70.8335604002095
78.00505488296908,0.021555871389084758,0.11938275696538496,3.044968557757063,0.953503006226421,-1.3726334827637008,0.0006436377736974665,70.8335604002095
78.00505488296908,0.021555871389084758,0.11938275696538496,3.044968557757063,0.953503006226421,-1.3726334827637008,0.0006436377736974665,70.8335604002095
79.3196097126471,0.021121551772374344,0.12310390467849204,3.054766885460273,0.9443055558465921,-1.5226607674988537,0.0005706715894862257,67.00724273934975
79.3196097126471,0.021121551772374344,0.12310390467849204,3.054766885460273,0.9443055558465921,-1.5226607674988537,0.0005706715894862257,67.00724273934975
79.3196097126471,0.021121551772374344,0.12310390467849204,3.054766885460273,0.9443055558465921,-1.5226607674988537,0.0005706715894862257,67.00724273934975
79.3196097126471,0.021121551772374344,0.12310390467849204,3.054766885460273,0.9443055558465921,-1.5226607674988537,0.0005706715894862257,67.00724273934975
79.3196097126471,0.021121551772374344,0.12310390467849204,3.054766885460273,0.9443055558465921,-1.5226607674988537,0.0005706715894862257,67.00724273934975
79.3196097126471,0.021121551772374344,0.12310390467849204,3.054766885460273,0.9443055558465921,-1.5226607674988537,0.0005706715894862257,67.00724273934975
79.3196097126471,0.021121551772374344,0.12310390467849204,3.054766885460273,0.9443055558465921,-1.5226607674988537,0.0005706715894862257,67.00724273934975
79.3196097126471,0.021121551772374344,0.12310390467849204,3.054766885460273,0.9443055558465921,-1.5226607674988537,0.0005706715894862257,67.00724273934975
85.97984701046715,0.021095874626055413,0.12454420738902063,3.0619001617882513,0.9520930581926375,-1.7953951128244046,0.00046435312396356275,69.56519254583128
85.97984701046715,0.021095874626055413,0.12454420738902063,3.0619001617882513,0.9520930581926375,-1.7953951128244046,0.00046435312396356275,69.56519254583128
85.97984701046715,0.021095874626055413,0.12454420738902063,3.0619001617882513,0.9520930581926375,-1.7953951128244046,0.00046435312396356275,69.56519254583128
85.97984701046715,0.021095874626055413,0.12454420738902063,3.0619001617882513,0.9520930581926375,-1.7953951128244046,0.00046435312396356275,69.56519254583128
85.97984701046715,0.021095874626055413,0.12454420738902063,3.0619001617882513,0.9520930581926375,-1.7953951128244046,0.00046435312396356275,69.56519254583128
85.97984701046715,0.021095874626055413,0.12454420738902063,3.0619001617882513,0.9520930581926375,-1.7953951128244046,0.00046435312396356275,69.56519254583128
85.97984701046715,0.021095874626055413,0.12454420738902063,3.0619001617882513,0.9520930581926375,-1.7953951128244046,0.00046435312396356275,69.56519254583128
85.97984701046715,0.021095874626055413,0.12454420738902063,3.0619001617882513,0.9520930581926375,-1.7953951128244046,0.00046435312396356275,69.56519254583128
85.97984701046715,0.021095874626055413,0.12454420738902063,3.0619001617882513,0.9520930581926375,-1.7953951128244046,0.00046435312396356275,69.56519254583128
85.97984701046715,0.021095874626055413,0.12454420738902063,3.0619001617882513,0.9520930581926375,-1.7953951128244046,0.00046435312396356275,69.56519254583128
85.97984701046715,0.021095874626055413,0.12454420738902063,3.0619001617882513,0.9520930581926375,-1.7953951128244046,0.00046435312396356275,69.56519254583128
85.97984701046715,0.021095874626055413,0.12454420738902063,3.0619001617882513,0.9520930581926375,-1.7953951128244046,0.00046435312396356275,69.56519254583128
85.97984701046715,0.021095874626055413,0.12454420738902063,3.0619001617882513,0.9520930581926375,-1.7953951128244046,0.00046435312396356275,69.56519254583128
85.97984701046715,0.021095874626055413,0.12454420738902063,3.0619001617882513,0.9520930581926375,-1.7953951128244046,0.00046435312396356275,69.56519254583128
85.97984701046715,0.021095874626055413,0.12454420738902063,3.0619001617882513,0.9520930581926375,-1.7953951128244046,0.00046435312396356275,69.56519254583128
85.97984701046715,0.021095874626055413,0.12454420738902063,3.0619001617882513,0.9520930581926375,-1.7953951128244046,0.00046435312396356275,69.56519254583128
85.97984701046715,0.021095874626055413,0.12454420738902063,3.0619001617882513,0.9520930581926375,-1.7953951128244046,0.00046435312396356275,69.56519254583128
85.97984701046715,0.021095874626055413,0.12454420738902063,3.0619001617882513,0.9520930581926375,-1.7953951128244046,0.00046435312396356275,69.56519254583128
85.97984701046715,0.021095874626055413,0.12454420738902063,3.0619001617882513,0.9520930581926375,-1.7953951128244046,0.00046435312396356275,69.56519254583128
85.97984701046715,0.021095874626055413,0.12454420738902063,3.0619001617882513,0.9520930581926375,-1.7953951128244046,0.00046435312396356275,69.56519254583128
85.97984701046715,0.021095874626055413,0.12454420738902063,3.0619001617882513,0.9520930581926375,-1.7953951128244046,0.00046435312396356275,69.56519254583128
85.97984701046715,0.021095874626055413,0.12454420738902063,3.0619001617882513,0.9520930581926375,-1.7953951128244046,0.00046435312396356275,69.56519254583128
85.97984701046715,0.021095874626055413,0.12454420738902063,3.0619001617882513,0.9520930581926375,-1.7953951128244046,0.00046435312396356275,69.56519254583128
77.83171207519737,0.021030294825512615,0.12551567667982066,3.0632821250933024,0.9430958577966362,-1.5698004304000994,0.0004770280054228595,67.56391157440271
77.83171207519737,0.021030294825512615,0.12551567667982066,3.0632821250933024,0.9430958577966362,-1.5698004304000994,0.0004770280054228595,67.56391157440271
77.83171207519737,0.021030294825512615,0.12551567667982066,3.0632821250933024,0.9430958577966362,-1.5698004304000994,0.0004770280054228595,67.56391157440271
77.83171207519737,0.021030294825512615,0.12551567667982066,3.0632821250933024,0.9430958577966362,-1.5698004304000994,0.0004770280054228595,67.56391157440271
77.83171207519737,0.021030294825512615,0.12551567667982066,3.0632821250933024,0.9430958577966362,-1.5698004304000994,0.0004770280054228595,67.56391157440271
77.83171207519737,0.021030294825512615,0.12551567667982066,3.0632821250933024,0.9430958577966362,-1.5698004304000994,0.0004770280054228595,67.56391157440271
77.83171207519737,0.021030294825512615,0.12551567667982066,3.0632821250933024,0.9430958577966362,-1.5698004304000994,0.0004770280054228595,67.56391157440271
77.83171207519737,0.021030294825512615,0.12551567667982066,3.0632821250933024,0.9430958577966362,-1.5698004304000994,0.0004770280054228595,67.56391157440271
77.83171207519737,0.021030294825512615,0.12551567667982066,3.0632821250933024,0.9430958577966362,-1.5698004304000994,0.0004770280054228595,67.56391157440271
77.83171207519737,0.021030294825512615,0.12551567667982066,3.0632821250933024,0.9430958577966362,-1.5698004304000994,0.0004770280054228595,67.56391157440271
77.83171207519737,0.021030294825512615,0.12551567667982066,3.0632821250933024,0.9430958577966362,-1.5698004304000994,0.0004770280054228595,67.56391157440271
77.83171207519737,0.021030294825512615,0.12551567667982066,3.0632821250933024,0.9430958577966362,-1.5698004304000994,0.0004770280054228595,67.56391157440271
77.83171207519737,0.021030294825512615,0.12551567667982066,3.0632821250933024,0.9430958577966362,-1.5698004304000994,0.0004770280054228595,67.56391157440271
77.83171207519737,0.021030294825512615,0.12551567667982066,3.0632821250933024,0.9430958577966362,-1.5698004304000994,0.0004770280054228595,67.56391157440271
77.83171207519737,0.021030294825512615,0.12551567667982066,3.0632821250933024,0.9430958577966362,-1.5698004304000994,0.0004770280054228595,67.56391157440271
77.83171207519737,0.021030294825512615,0.12551567667982066,3.0632821250933024,0.9430958577966362,-1.5698004304000994,0.0004770280054228595,67.56391157440271
77.83171207519737,0.021030294825512615,0.12551567667982066,3.0632821250933024,0.9430958577966362,-1.5698004304000994,0.0004770280054228595,67.56391157440271
77.83171207519737,0.021030294825512615,0.12551567667982066,3.0632821250933024,0.9430958577966362,-1.5698004304000994,0.0004770280054228595,67.56391157440271
77.83171207519737,0.021030294825512615,0.12551567667982066,3.0632821250933024,0.9430958577966362,-1.5698004304000994,0.0004770280054228595,67.56391157440271
77.83171207519737,0.021030294825512615,0.12551567667982066,3.0632821250933024,0.9430958577966362,-1.5698004304000994,0.0004770280054228595,67.56391157440271
77.83171207519737,0.021030294825512615,0.12551567667982066,3.0632821250933024,0.9430958577966362,-1.5698004304000994,0.0004770280054228595,67.56391157440271
77.83171207519737,0.021030294825512615,0.12551567667982066,3.0632821250933024,0.9430958577966362,-1.5698004304000994,0.0004770280054228595,67.56391157440271
77.83171207519737,0.021030294825512615,0.12551567667982066,3.0632821250933024,0.9430958577966362,-1.5698004304000994,0.0004770280054228595,67.56391157440271
77.83171207519737,0.021030294825512615,0.12551567667982066,3.0632821250933024,0.9430958577966362,-1.5698004304000994,0.0004770280054228595,67.56391157440271
77.83171207519737,0.021030294825512615,0.12551567667982066,3.0632821250933024,0.9430958577966362,-1.5698004304000994,0.0004770280054228595,67.56391157440271
77.83171207519737,0.021030294825512615,0.12551567667982066,3.0632821250933024,0.9430958577966362,-1.5698004304000994,0.0004770280054228595,67.56391157440271
77.83171207519737,0.021030294825512615,0.12551567667982066,3.0632821250933024,0.9430958577966362,-1.5698004304000994,0.0004770280054228595,67.56391157440271
77.83171207519737,0.021030294825512615,0.12551567667982066,3.0632821250933024,0.9430958577966362,-1.5698004304000994,0.0004770280054228595,67.56391157440271
77.28695455748492,0.020959178159909324,0.12473610723772548,3.0593691193897605,0.9436833687547179,-1.5040199413837478,0.0005386210130916703,67.61275938307419
77.28695455748492,0.020959178159909324,0.12473610723772548,3.0593691193897605,0.9436833687547179,-1.5040199413837478,0.0005386210130916703,67.61275938307419
77.28695455748492,0.020959178159909324,0.12473610723772548,3.0593691193897605,0.9436833687547179,-1.5040199413837478,0.0005386210130916703,67.61275938307419
77.28695455748492,0.020959178159909324,0.12473610723772548,3.0593691193897605,0.9436833687547179,-1.5040199413837478,0.0005386210130916703,67.61275938307419
77.28695455748492,0.020959178159909324,0.12473610723772548,3.0593691193897605,0.9436833687547179,-1.5040199413837478,0.0005386210130916703,67.61275938307419
77.28695455748492,0.020959178159909324,0.12473610723772548,3.0593691193897605,0.9436833687547179,-1.5040199413837478,0.0005386210130916703,67.61275938307419
77.28695455748492,0.020959178159909324,0.12473610723772548,3.0593691193897605,0.9436833687547179,-1.5040199413837478,0.0005386210130916703,67.61275938307419
77.28695455748492,0.020959178159909324,0.12473610723772548,3.0593691193897605,0.9436833687547179,-1.5040199413837478,0.0005386210130916703,67.61275938307419
77.28695455748492,0.020959178159909324,0.12473610723772548,3.0593691193897605,0.9436833687547179,-1.5040199413837478,0.0005386210130916703,67.61275938307419
77.28695455748492,0.020959178159909324,0.12473610723772548,3.0593691193897605,0.9436833687547179,-1.5040199413837478,0.0005386210130916703,67.61275938307419
77.28695455748492,0.020959178159909324,0.12473610723772548,3.0593691193897605,0.9436833687547179,-1.5040199413837478,0.0005386210130916703,67.61275938307419
77.28695455748492,0.020959178159909324,0.12473610723772548,3.0593691193897605,0.9436833687547179,-1.5040199413837478,0.0005386210130916703,67.61275938307419
76.99539583244349,0.02102188711260453,0.12381005343140611,3.057233694850551,0.9432553011884535,-1.48616520825454,0.0005554539226711709,67.42694182884117
76.99539583244349,0.02102188711260453,0.12381005343140611,3.057233694850551,0.9432553011884535,-1.48616520825454,0.0005554539226711709,67.42694182884117
76.99539583244349,0.02102188711260453,0.12381005343140611,3.057233694850551,0.9432553011884535,-1.48616520825454,0.0005554539226711709,67.42694182884117
76.99539583244349,0.02102188711260453,0.12381005343140611,3.057233694850551,0.9432553011884535,-1.48616520825454,0.0005554539226711709,67.42694182884117
76.99539583244349,0.02102188711260453,0.12381005343140611,3.057233694850551,0.9432553011884535,-1.48616520825454,0.0005554539226711709,67.42694182884117
84.49099793472594,0.021279830250060736,0.12143007109899032,3.0519061697856724,0.9534098280154252,-1.6419513857905135,0.0005266830945436206,67.65641044904076
84.49099793472594,0.021279830250060736,0.12143007109899032,3.0519061697856724,0.9534098280154252,-1.6419513857905135,0.0005266830945436206,67.65641044904076
84.49099793472594,0.021279830250060736,0.12143007109899032,3.0519061697856724,0.9534098280154252,-1.6419513857905135,0.0005266830945436206,67.65641044904076
84.49099793472594,0.021279830250060736,0.12143007109899032,3.0519061697856724,0.9534098280154252,-1.6419513857905135,0.0005266830945436206,67.65641044904076
84.49099793472594,0.021279830250060736,0.12143007109899032,3.0519061697856724,0.9534098280154252,-1.6419513857905135,0.0005266830945436206,67.65641044904076
84.49099793472594,0.021279830250060736,0.12143007109899032,3.0519061697856724,0.9534098280154252,-1.6419513857905135,0.0005266830945436206,67.65641044904076
84.49099793472594,0.021279830250060736,0.12143007109899032,3.0519061697856724,0.9534098280154252,-1.6419513857905135,0.0005266830945436206,67.65641044904076
84.49099793472594,0.021279830250060736,0.12143007109899032,3.0519061697856724,0.9534098280154252,-1.6419513857905135,0.0005266830945436206,67.65641044904076
84.49099793472594,0.021279830250060736,0.12143007109899032,3.0519061697856724,0.9534098280154252,-1.6419513857905135,0.0005266830945436206,67.65641044904076
78.59544191191056,0.021112956263410254,0.12203687968439098,3.053675727293423,0.9496501091527538,-1.478193606413127,0.0005416881113818045,66.435602395946
78.59544191191056,0.021112956263410254,0.12203687968439098,3.053675727293423,0.9496501091527538,-1.478193606413127,0.0005416881113818045,66.435602395946
78.59544191191056,0.021112956263410254,0.12203687968439098,3.053675727293423,0.9496501091527538,-1.478193606413127,0.0005416881113818045,66.435602395946
78.59544191191056,0.021112956263410254,0.12203687968439098,3.053675727293423,0.9496501091527538,-1.478193606413127,0.0005416881113818045,66.435602395946
78.59544191191056,0.021112956263410254,0.12203687968439098,3.053675727293423,0.9496501091527538,-1.478193606413127,0.0005416881113818045,66.435602395946
78.59544191191056,0.021112956263410254,0.12203687968439098,3.053675727293423,0.9496501091527538,-1.478193606413127,0.0005416881113818045,66.435602395946
78.59544191191056,0.021112956263410254,0.12203687968439098,3.053675727293423,0.9496501091527538,-1.478193606413127,0.0005416881113818045,66.435602395946
78.59544191191056,0.021112956263410254,0.12203687968439098,3.053675727293423,0.9496501091527538,-1.478193606413127,0.0005416881113818045,66.435602395946
78.59544191191056,0.021112956263410254,0.12203687968439098,3.053675727293423,0.9496501091527538,-1.478193606413127,0.0005416881113818045,66.435602395946
78.59544191191056,0.021112956263410254,0.12203687968439098,3.053675727293423,0.9496501091527538,-1.478193606413127,0.0005416881113818045,66.435602395946
78.59544191191056,0.021112956263410254,0.12203687968439098,3.053675727293423,0.9496501091527538,-1.478193606413127,0.0005416881113818045,66.435602395946
78.59544191191056,0.021112956263410254,0.12203687968439098,3.053675727293423,0.9496501091527538,-1.478193606413127,0.0005416881113818045,66.435602395946
78.59544191191056,0.021112956263410254,0.12203687968439098,3.053675727293423,0.9496501091527538,-1.478193606413127,0.0005416881113818045,66.435602395946
78.59544191191056,0.021112956263410254,0.12203687968439098,3.053675727293423,0.9496501091527538,-1.478193606413127,0.0005416881113818045,66.435602395946
78.59544191191056,0.021112956263410254,0.12203687968439098,3.053675727293423,0.9496501091527538,-1.478193606413127,0.0005416881113818045,66.435602395946
78.59544191191056,0.021112956263410254,0.12203687968439098,3.053675727293423,0.9496501091527538,-1.478193606413127,0.0005416881113818045,66.435602395946
78.59544191191056,0.021112956263410254,0.12203687968439098,3.053675727293423,0.9496501091527538,-1.478193606413127,0.0005416881113818045,66.435602395946
78.59544191191056,0.021112956263410254,0.12203687968439098,3.053675727293423,0.9496501091527538,-1.478193606413127,0.0005416881113818045,66.435602395946
78.59544191191056,0.021112956263410254,0.12203687968439098,3.053675727293423,0.9496501091527538,-1.478193606413127,0.0005416881113818045,66.435602395946
78.59544191191056,0.021112956263410254,0.12203687968439098,3.053675727293423,0.9496501091527538,-1.478193606413127,0.0005416881113818045,66.435602395946
78.59544191191056,0.021112956263410254,0.12203687968439098,3.053675727293423,0.9496501091527538,-1.478193606413127,0.0005416881113818045,66.435602395946
78.59544191191056,0.021112956263410254,0.12203687968439098,3.053675727293423,0.9496501091527538,-1.478193606413127,0.0005416881113818045,66.435602395946
78.59544191191056,0.021112956263410254,0.12203687968439098,3.053675727293423,0.9496501091527538,-1.478193606413127,0.0005416881113818045,66.435602395946
78.59544191191056,0.021112956263410254,0.12203687968439098,3.053675727293423,0.9496501091527538,-1.478193606413127,0.0005416881113818045,66.435602395946
78.59544191191056,0.021112956263410254,0.12203687968439098,3.053675727293423,0.9496501091527538,-1.478193606413127,0.0005416881113818045,66.435602395946
78.59544191191056,0.021112956263410254,0.12203687968439098,3.053675727293423,0.9496501091527538,-1.478193606413127,0.0005416881113818045,66.435602395946
78.59544191191056,0.021112956263410254,0.12203687968439098,3.053675727293423,0.9496501091527538,-1.478193606413127,0.0005416881113818045,66.435602395946
78.59544191191056,0.021112956263410254,0.12203687968439098,3.053675727293423,0.9496501091527538,-1.478193606413127,0.0005416881113818045,66.435602395946
78.59544191191056,0.021112956263410254,0.12203687968439098,3.053675727293423,0.9496501091527538,-1.478193606413127,0.0005416881113818045,66.435602395946
78.59544191191056,0.021112956263410254,0.12203687968439098,3.053675727293423,0.9496501091527538,-1.478193606413127,0.0005416881113818045,66.435602395946
78.59544191191056,0.021112956263410254,0.12203687968439098,3.053675727293423,0.9496501091527538,-1.478193606413127,0.0005416881113818045,66.435602395946
78.59544191191056,0.021112956263410254,0.12203687968439098,3.053675727293423,0.9496501091527538,-1.478193606413127,0.0005416881113818045,66.435602395946
78.59544191191056,0.021112956263410254,0.12203687968439098,3.053675727293423,0.9496501091527538,-1.478193606413127,0.0005416881113818045,66.435602395946
78.59544191191056,0.021112956263410254,0.12203687968439098,3.053675727293423,0.9496501091527538,-1.478193606413127,0.0005416881113818045,66.435602395946
78.59544191191056,0.021112956263410254,0.12203687968439098,3.053675727293423,0.9496501091527538,-1.478193606413127,0.0005416881113818045,66.435602395946
78.59544191191056,0.021112956263410254,0.12203687968439098,3.053675727293423,0.9496501091527538,-1.478193606413127,0.0005416881113818045,66.435602395946
78.59544191191056,0.021112956263410254,0.12203687968439098,3.053675727293423,0.9496501091527538,-1.478193606413127,0.0005416881113818045,66.435602395946
78.59544191191056,0.021112956263410254,0.12203687968439098,3.053675727293423,0.9496501091527538,-1.478193606413127,0.0005416881113818045,66.435602395946
78.59544191191056,0.021112956263410254,0.12203687968439098,3.053675727293423,0.9496501091527538,-1.478193606413127,0.0005416881113818045,66.435602395946
78.59544191191056,0.021112956263410254,0.12203687968439098,3.053675727293423,0.9496501091527538,-1.478193606413127,0.0005416881113818045,66.435602395946
78.59544191191056,0.021112956263410254,0.12203687968439098,3.053675727293423,0.9496501091527538,-1.478193606413127,0.0005416881113818045,66.435602395946
78.59544191191056,0.021112956263410254,0.12203687968439098,3.053675727293423,0.9496501091527538,-1.478193606413127,0.0005416881113818045,66.435602395946
78.59544191191056,0.021112956263410254,0.12203687968439098,3.053675727293423,0.9496501091527538,-1.478193606413127,0.0005416881113818045,66.435602395946
78.59544191191056,0.021112956263410254,0.12203687968439098,3.053675727293423,0.9496501091527538,-1.478193606413127,0.0005416881113818045,66.435602395946
78.59544191191056,0.021112956263410254,0.12203687968439098,3.053675727293423,0.9496501091527538,-1.478193606413127,0.0005416881113818045,66.435602395946
78.59544191191056,0.021112956263410254,0.12203687968439098,3.053675727293423,0.9496501091527538,-1.478193606413127,0.0005416881113818045,66.435602395946
78.59544191191056,0.021112956263410254,0.12203687968439098,3.053675727293423,0.9496501091527538,-1.478193606413127,0.0005416881113818045,66.435602395946
78.59544191191056,0.021112956263410254,0.12203687968439098,3.053675727293423,0.9496501091527538,-1.478193606413127,0.0005416881113818045,66.435602395946
78.59544191191056,0.021112956263410254,0.12203687968439098,3.053675727293423,0.9496501091527538,-1.478193606413127,0.0005416881113818045,66.435602395946
78.59544191191056,0.021112956263410254,0.12203687968439098,3.053675727293423,0.9496501091527538,-1.478193606413127,0.0005416881113818045,66.435602395946
78.59544191191056,0.021112956263410254,0.12203687968439098,3.053675727293423,0.9496501091527538,-1.478193606413127,0.0005416881113818045,66.435602395946
78.59544191191056,0.021112956263410254,0.12203687968439098,3.053675727293423,0.9496501091527538,-1.478193606413127,0.0005416881113818045,66.435602395946
78.59544191191056,0.021112956263410254,0.12203687968439098,3.053675727293423,0.9496501091527538,-1.478193606413127,0.0005416881113818045,66.435602395946
82.67473113051395,0.02136532732896828,0.1208080438553893,3.0468514923025314,0.9507020228535049,-1.5679008584306415,0.0005874025295914593,68.770151813768
87.4883048255529,0.02095731574692255,0.12411862498830578,3.058577982591826,0.9436020370692939,-1.8344666113333536,0.0005191224741328455,66.84046874480312
87.4883048255529,0.02095731574692255,0.12411862498830578,3.058577982591826,0.9436020370692939,-1.8344666113333536,0.0005191224741328455,66.84046874480312
87.4883048255529,0.02095731574692255,0.12411862498830578,3.058577982591826,0.9436020370692939,-1.8344666113333536,0.0005191224741328455,66.84046874480312
87.4883048255529,0.02095731574692255,0.12411862498830578,3.058577982591826,0.9436020370692939,-1.8344666113333536,0.0005191224741328455,66.84046874480312
87.4883048255529,0.02095731574692255,0.12411862498830578,3.058577982591826,0.9436020370692939,-1.8344666113333536,0.0005191224741328455,66.84046874480312
87.4883048255529,0.02095731574692255,0.12411862498830578,3.058577982591826,0.9436020370692939,-1.8344666113333536,0.0005191224741328455,66.84046874480312
87.4883048255529,0.02095731574692255,0.12411862498830578,3.058577982591826,0.9436020370692939,-1.8344666113333536,0.0005191224741328455,66.84046874480312
87.4883048255529,0.02095731574692255,0.12411862498830578,3.058577982591826,0.9436020370692939,-1.8344666113333536,0.0005191224741328455,66.84046874480312
87.4883048255529,0.02095731574692255,0.12411862498830578,3.058577982591826,0.9436020370692939,-1.8344666113333536,0.0005191224741328455,66.84046874480312
87.4883048255529,0.02095731574692255,0.12411862498830578,3.058577982591826,0.9436020370692939,-1.8344666113333536,0.0005191224741328455,66.84046874480312
87.4883048255529,0.02095731574692255,0.12411862498830578,3.058577982591826,0.9436020370692939,-1.8344666113333536,0.0005191224741328455,66.84046874480312
87.4883048255529,0.02095731574692255,0.12411862498830578,3.058577982591826,0.9436020370692939,-1.8344666113333536,0.0005191224741328455,66.84046874480312
87.4883048255529,0.02095731574692255,0.12411862498830578,3.058577982591826,0.9436020370692939,-1.8344666113333536,0.0005191224741328455,66.84046874480312
87.4883048255529,0.02095731574692255,0.12411862498830578,3.058577982591826,0.9436020370692939,-1.8344666113333536,0.0005191224741328455,66.84046874480312
87.4883048255529,0.02095731574692255,0.12411862498830578,3.058577982591826,0.9436020370692939,-1.8344666113333536,0.0005191224741328455,66.84046874480312
87.4883048255529,0.02095731574692255,0.12411862498830578,3.058577982591826,0.9436020370692939,-1.8344666113333536,0.0005191224741328455,66.84046874480312
87.4883048255529,0.02095731574692255,0.12411862498830578,3.058577982591826,0.9436020370692939,-1.8344666113333536,0.0005191224741328455,66.84046874480312
87.4883048255529,0.02095731574692255,0.12411862498830578,3.058577982591826,0.9436020370692939,-1.8344666113333536,0.0005191224741328455,66.84046874480312
87.4883048255529,0.02095731574692255,0.12411862498830578,3.058577982591826,0.9436020370692939,-1.8344666113333536,0.0005191224741328455,66.84046874480312
87.4883048255529,0.02095731574692255,0.12411862498830578,3.058577982591826,0.9436020370692939,-1.8344666113333536,0.0005191224741328455,66.84046874480312
87.4883048255529,0.02095731574692255,0.12411862498830578,3.058577982591826,0.9436020370692939,-1.8344666113333536,0.0005191224741328455,66.84046874480312
87.4883048255529,0.02095731574692255,0.12411862498830578,3.058577982591826,0.9436020370692939,-1.8344666113333536,0.0005191224741328455,66.84046874480312
87.4883048255529,0.02095731574692255,0.12411862498830578,3.058577982591826,0.9436020370692939,-1.8344666113333536,0.0005191224741328455,66.84046874480312
87.4883048255529,0.02095731574692255,0.12411862498830578,3.058577982591826,0.9436020370692939,-1.8344666113333536,0.0005191224741328455,66.84046874480312
87.4883048255529,0.02095731574692255,0.12411862498830578,3.058577982591826,0.9436020370692939,-1.8344666113333536,0.0005191224741328455,66.84046874480312
87.95285696911509,0.0208998907641175,0.12507060766648584,3.061546229187011,0.9398254719110805,-1.8830535963027273,0.0004989615977500443,68.5843799823528
87.95285696911509,0.0208998907641175,0.12507060766648584,3.061546229187011,0.9398254719110805,-1.8830535963027273,0.0004989615977500443,68.5843799823528
87.95285696911509,0.0208998907641175,0.12507060766648584,3.061546229187011,0.9398254719110805,-1.8830535963027273,0.0004989615977500443,68.5843799823528
87.95285696911509,0.0208998907641175,0.12507060766648584,3.061546229187011,0.9398254719110805,-1.8830535963027273,0.0004989615977500443,68.5843799823528
87.95285696911509,0.0208998907641175,0.12507060766648584,3.061546229187011,0.9398254719110805,-1.8830535963027273,0.0004989615977500443,68.5843799823528
87.95285696911509,0.0208998907641175,0.12507060766648584,3.061546229187011,0.9398254719110805,-1.8830535963027273,0.0004989615977500443,68.5843799823528
87.95285696911509,0.0208998907641175,0.12507060766648584,3.061546229187011,0.9398254719110805,-1.8830535963027273,0.0004989615977500443,68.5843799823528
87.95285696911509,0.0208998907641175,0.12507060766648584,3.061546229187011,0.9398254719110805,-1.8830535963027273,0.0004989615977500443,68.5843799823528
87.95285696911509,0.0208998907641175,0.12507060766648584,3.061546229187011,0.9398254719110805,-1.8830535963027273,0.0004989615977500443,68.5843799823528
87.95285696911509,0.0208998907641175,0.12507060766648584,3.061546229187011,0.9398254719110805,-1.8830535963027273,0.0004989615977500443,68.5843799823528
87.95285696911509,0.0208998907641175,0.12507060766648584,3.061546229187011,0.9398254719110805,-1.8830535963027273,0.0004989615977500443,68.5843799823528
87.95285696911509,0.0208998907641175,0.12507060766648584,3.061546229187011,0.9398254719110805,-1.8830535963027273,0.0004989615977500443,68.5843799823528
87.95285696911509,0.0208998907641175,0.12507060766648584,3.061546229187011,0.9398254719110805,-1.8830535963027273,0.0004989615977500443,68.5843799823528
87.95285696911509,0.0208998907641175,0.12507060766648584,3.061546229187011,0.9398254719110805,-1.8830535963027273,0.0004989615977500443,68.5843799823528
87.95285696911509,0.0208998907641175,0.12507060766648584,3.061546229187011,0.9398254719110805,-1.8830535963027273,0.0004989615977500443,68.5843799823528
87.95285696911509,0.0208998907641175,0.12507060766648584,3.061546229187011,0.9398254719110805,-1.8830535963027273,0.0004989615977500443,68.5843799823528
87.95285696911509,0.0208998907641175,0.12507060766648584,3.061546229187011,0.9398254719110805,-1.8830535963027273,0.0004989615977500443,68.5843799823528
87.95285696911509,0.0208998907641175,0.12507060766648584,3.061546229187011,0.9398254719110805,-1.8830535963027273,0.0004989615977500443,68.5843799823528
91.11889097549337,0.021134339846061712,0.12250006895821204,3.0558167140050734,0.9422041796039455,-1.8973341278996707,0.0005293135675238041,67.51412599971111
91.11889097549337,0.021134339846061712,0.12250006895821204,3.0558167140050734,0.9422041796039455,-1.8973341278996707,0.0005293135675238041,67.51412599971111
91.11889097549337,0.021134339846061712,0.12250006895821204,3.0558167140050734,0.9422041796039455,-1.8973341278996707,0.0005293135675238041,67.51412599971111
91.11889097549337,0.021134339846061712,0.12250006895821204,3.0558167140050734,0.9422041796039455,-1.8973341278996707,0.0005293135675238041,67.51412599971111
91.11889097549337,0.021134339846061712,0.12250006895821204,3.0558167140050734,0.9422041796039455,-1.8973341278996707,0.0005293135675238041,67.51412599971111
91.11889097549337,0.021134339846061712,0.12250006895821204,3.0558167140050734,0.9422041796039455,-1.8973341278996707,0.0005293135675238041,67.51412599971111
91.11889097549337,0.021134339846061712,0.12250006895821204,3.0558167140050734,0.9422041796039455,-1.8973341278996707,0.0005293135675238041,67.51412599971111
91.11889097549337,0.021134339846061712,0.12250006895821204,3.0558167140050734,0.9422041796039455,-1.8973341278996707,0.0005293135675238041,67.51412599971111
91.11889097549337,0.021134339846061712,0.12250006895821204,3.0558167140050734,0.9422041796039455,-1.8973341278996707,0.0005293135675238041,67.51412599971111
91.11889097549337,0.021134339846061712,0.12250006895821204,3.0558167140050734,0.9422041796039455,-1.8973341278996707,0.0005293135675238041,67.51412599971111
91.11889097549337,0.021134339846061712,0.12250006895821204,3.0558167140050734,0.9422041796039455,-1.8973341278996707,0.0005293135675238041,67.51412599971111
91.11889097549337,0.021134339846061712,0.12250006895821204,3.0558167140050734,0.9422041796039455,-1.8973341278996707,0.0005293135675238041,67.51412599971111
91.11889097549337,0.021134339846061712,0.12250006895821204,3.0558167140050734,0.9422041796039455,-1.8973341278996707,0.0005293135675238041,67.51412599971111
91.11889097549337,0.021134339846061712,0.12250006895821204,3.0558167140050734,0.9422041796039455,-1.8973341278996707,0.0005293135675238041,67.51412599971111
91.11889097549337,0.021134339846061712,0.12250006895821204,3.0558167140050734,0.9422041796039455,-1.8973341278996707,0.0005293135675238041,67.51412599971111
91.11889097549337,0.021134339846061712,0.12250006895821204,3.0558167140050734,0.9422041796039455,-1.8973341278996707,0.0005293135675238041,67.51412599971111
91.11889097549337,0.021134339846061712,0.12250006895821204,3.0558167140050734,0.9422041796039455,-1.8973341278996707,0.0005293135675238041,67.51412599971111
91.11889097549337,0.021134339846061712,0.12250006895821204,3.0558167140050734,0.9422041796039455,-1.8973341278996707,0.0005293135675238041,67.51412599971111
91.11889097549337,0.021134339846061712,0.12250006895821204,3.0558167140050734,0.9422041796039455,-1.8973341278996707,0.0005293135675238041,67.51412599971111
91.11889097549337,0.021134339846061712,0.12250006895821204,3.0558167140050734,0.9422041796039455,-1.8973341278996707,0.0005293135675238041,67.51412599971111
91.11889097549337,0.021134339846061712,0.12250006895821204,3.0558167140050734,0.9422041796039455,-1.8973341278996707,0.0005293135675238041,67.51412599971111
91.11889097549337,0.021134339846061712,0.12250006895821204,3.0558167140050734,0.9422041796039455,-1.8973341278996707,0.0005293135675238041,67.51412599971111
91.11889097549337,0.021134339846061712,0.12250006895821204,3.0558167140050734,0.9422041796039455,-1.8973341278996707,0.0005293135675238041,67.51412599971111
91.11889097549337,0.021134339846061712,0.12250006895821204,3.0558167140050734,0.9422041796039455,-1.8973341278996707,0.0005293135675238041,67.51412599971111
91.11889097549337,0.021134339846061712,0.12250006895821204,3.0558167140050734,0.9422041796039455,-1.8973341278996707,0.0005293135675238041,67.51412599971111
91.11889097549337,0.021134339846061712,0.12250006895821204,3.0558167140050734,0.9422041796039455,-1.8973341278996707,0.0005293135675238041,67.51412599971111
91.11889097549337,0.021134339846061712,0.12250006895821204,3.0558167140050734,0.9422041796039455,-1.8973341278996707,0.0005293135675238041,67.51412599971111
91.11889097549337,0.021134339846061712,0.12250006895821204,3.0558167140050734,0.9422041796039455,-1.8973341278996707,0.0005293135675238041,67.51412599971111
91.11889097549337,0.021134339846061712,0.12250006895821204,3.0558167140050734,0.9422041796039455,-1.8973341278996707,0.0005293135675238041,67.51412599971111
91.11889097549337,0.021134339846061712,0.12250006895821204,3.0558167140050734,0.9422041796039455,-1.8973341278996707,0.0005293135675238041,67.51412599971111
91.11889097549337,0.021134339846061712,0.12250006895821204,3.0558167140050734,0.9422041796039455,-1.8973341278996707,0.0005293135675238041,67.51412599971111
91.11889097549337,0.021134339846061712,0.12250006895821204,3.0558167140050734,0.9422041796039455,-1.8973341278996707,0.0005293135675238041,67.51412599971111
91.11889097549337,0.021134339846061712,0.12250006895821204,3.0558167140050734,0.9422041796039455,-1.8973341278996707,0.0005293135675238041,67.51412599971111
91.11889097549337,0.021134339846061712,0.12250006895821204,3.0558167140050734,0.9422041796039455,-1.8973341278996707,0.0005293135675238041,67.51412599971111
91.11889097549337,0.021134339846061712,0.12250006895821204,3.0558167140050734,0.9422041796039455,-1.8973341278996707,0.0005293135675238041,67.51412599971111
91.11889097549337,0.021134339846061712,0.12250006895821204,3.0558167140050734,0.9422041796039455,-1.8973341278996707,0.0005293135675238041,67.51412599971111
91.11889097549337,0.021134339846061712,0.12250006895821204,3.0558167140050734,0.9422041796039455,-1.8973341278996707,0.0005293135675238041,67.51412599971111
91.11889097549337,0.021134339846061712,0.12250006895821204,3.0558167140050734,0.9422041796039455,-1.8973341278996707,0.0005293135675238041,67.51412599971111
91.11889097549337,0.021134339846061712,0.12250006895821204,3.0558167140050734,0.9422041796039455,-1.8973341278996707,0.0005293135675238041,67.51412599971111
91.11889097549337,0.021134339846061712,0.12250006895821204,3.0558167140050734,0.9422041796039455,-1.8973341278996707,0.0005293135675238041,67.51412599971111
91.11889097549337,0.021134339846061712,0.12250006895821204,3.0558167140050734,0.9422041796039455,-1.8973341278996707,0.0005293135675238041,67.51412599971111
90.96224563453522,0.021022976664235044,0.1238226423277486,3.060800317525792,0.9376741379445189,-1.91105039381232,0.0005060567720152478,78.5809503808193
90.96224563453522,0.021022976664235044,0.1238226423277486,3.060800317525792,0.9376741379445189,-1.91105039381232,0.0005060567720152478,78.5809503808193
90.96224563453522,0.021022976664235044,0.1238226423277486,3.060800317525792,0.9376741379445189,-1.91105039381232,0.0005060567720152478,78.5809503808193
90.96224563453522,0.021022976664235044,0.1238226423277486,3.060800317525792,0.9376741379445189,-1.91105039381232,0.0005060567720152478,78.5809503808193
90.96224563453522,0.021022976664235044,0.1238226423277486,3.060800317525792,0.9376741379445189,-1.91105039381232,0.0005060567720152478,78.5809503808193
92.70087942187462,0.020972071510311253,0.12292579469225666,3.06112246963557,0.9405256160897902,-1.958114052884311,0.0004568652188686149,80.20480965086735
92.70087942187462,0.020972071510311253,0.12292579469225666,3.06112246963557,0.9405256160897902,-1.958114052884311,0.0004568652188686149,80.20480965086735
92.70087942187462,0.020972071510311253,0.12292579469225666,3.06112246963557,0.9405256160897902,-1.958114052884311,0.0004568652188686149,80.20480965086735
92.70087942187462,0.020972071510311253,0.12292579469225666,3.06112246963557,0.9405256160897902,-1.958114052884311,0.0004568652188686149,80.20480965086735
92.70087942187462,0.020972071510311253,0.12292579469225666,3.06112246963557,0.9405256160897902,-1.958114052884311,0.0004568652188686149,80.20480965086735
92.70087942187462,0.020972071510311253,0.12292579469225666,3.06112246963557,0.9405256160897902,-1.958114052884311,0.0004568652188686149,80.20480965086735
85.55166828398166,0.02068185222483127,0.12210519090866019,3.0562210576463436,0.9401238721432967,-1.762735828333309,0.00044674189205429877,80.9699941547133
85.55166828398166,0.02068185222483127,0.12210519090866019,3.0562210576463436,0.9401238721432967,-1.762735828333309,0.00044674189205429877,80.9699941547133
85.55166828398166,0.02068185222483127,0.12210519090866019,3.0562210576463436,0.9401238721432967,-1.762735828333309,0.00044674189205429877,80.9699941547133
85.55166828398166,0.02068185222483127,0.12210519090866019,3.0562210576463436,0.9401238721432967,-1.762735828333309,0.00044674189205429877,80.9699941547133
85.55166828398166,0.02068185222483127,0.12210519090866019,3.0562210576463436,0.9401238721432967,-1.762735828333309,0.00044674189205429877,80.9699941547133
79.34779354578029,0.02076970400976316,0.12206137012592477,3.0548208268674704,0.9423928895138998,-1.5783138996547668,0.00045705838418590476,79.86802809129502
79.34779354578029,0.02076970400976316,0.12206137012592477,3.0548208268674704,0.9423928895138998,-1.5783138996547668,0.00045705838418590476,79.86802809129502
79.34779354578029,0.02076970400976316,0.12206137012592477,3.0548208268674704,0.9423928895138998,-1.5783138996547668,0.00045705838418590476,79.86802809129502
79.34779354578029,0.02076970400976316,0.12206137012592477,3.0548208268674704,0.9423928895138998,-1.5783138996547668,0.00045705838418590476,79.86802809129502
79.34779354578029,0.02076970400976316,0.12206137012592477,3.0548208268674704,0.9423928895138998,-1.5783138996547668,0.00045705838418590476,79.86802809129502
79.34779354578029,0.02076970400976316,0.12206137012592477,3.0548208268674704,0.9423928895138998,-1.5783138996547668,0.00045705838418590476,79.86802809129502
82.5192904016202,0.02105563891035577,0.1209663769745763,3.052641547367776,0.945837090175078,-1.6322183642412387,0.0004257679625867787,81.30140415628784
76.78839685470594,0.02095065051327383,0.12345494320803754,3.057777851374208,0.937348238911887,-1.5157370081544872,0.00045771016617830837,79.62749015665625
76.78839685470594,0.02095065051327383,0.12345494320803754,3.057777851374208,0.937348238911887,-1.5157370081544872,0.00045771016617830837,79.62749015665625
76.78839685470594,0.02095065051327383,0.12345494320803754,3.057777851374208,0.937348238911887,-1.5157370081544872,0.00045771016617830837,79.62749015665625
73.15078229724945,0.020593902191369935,0.12541270171667623,3.0576409908670774,0.9243704920737572,-1.433584773095432,0.0005152851822783451,81.76436970233046
73.15078229724945,0.020593902191369935,0.12541270171667623,3.0576409908670774,0.9243704920737572,-1.433584773095432,0.0005152851822783451,81.76436970233046
73.15078229724945,0.020593902191369935,0.12541270171667623,3.0576409908670774,0.9243704920737572,-1.433584773095432,0.0005152851822783451,81.76436970233046
73.15078229724945,0.020593902191369935,0.12541270171667623,3.0576409908670774,0.9243704920737572,-1.433584773095432,0.0005152851822783451,81.76436970233046
73.15078229724945,0.020593902191369935,0.12541270171667623,3.0576409908670774,0.9243704920737572,-1.433584773095432,0.0005152851822783451,81.76436970233046
73.15078229724945,0.020593902191369935,0.12541270171667623,3.0576409908670774,0.9243704920737572,-1.433584773095432,0.0005152851822783451,81.76436970233046
73.15078229724945,0.020593902191369935,0.12541270171667623,3.0576409908670774,0.9243704920737572,-1.433584773095432,0.0005152851822783451,81.76436970233046
73.15078229724945,0.020593902191369935,0.12541270171667623,3.0576409908670774,0.9243704920737572,-1.433584773095432,0.0005152851822783451,81.76436970233046
73.15078229724945,0.020593902191369935,0.12541270171667623,3.0576409908670774,0.9243704920737572,-1.433584773095432,0.0005152851822783451,81.76436970233046
73.15078229724945,0.020593902191369935,0.12541270171667623,3.0576409908670774,0.9243704920737572,-1.433584773095432,0.0005152851822783451,81.76436970233046
73.15078229724945,0.020593902191369935,0.12541270171667623,3.0576409908670774,0.9243704920737572,-1.433584773095432,0.0005152851822783451,81.76436970233046
70.24573136722366,0.020699290951835557,0.12619967365070647,3.0618811206882706,0.923642586931561,-1.3355639001492974,0.0005146585068641408,79.88316381478543
70.24573136722366,0.020699290951835557,0.12619967365070647,3.0618811206882706,0.923642586931561,-1.3355639001492974,0.0005146585068641408,79.88316381478543
70.24573136722366,0.020699290951835557,0.12619967365070647,3.0618811206882706,0.923642586931561,-1.3355639001492974,0.0005146585068641408,79.88316381478543
70.24573136722366,0.020699290951835557,0.12619967365070647,3.0618811206882706,0.923642586931561,-1.3355639001492974,0.0005146585068641408,79.88316381478543
70.24573136722366,0.020699290951835557,0.12619967365070647,3.0618811206882706,0.923642586931561,-1.3355639001492974,0.0005146585068641408,79.88316381478543
70.24573136722366,0.020699290951835557,0.12619967365070647,3.0618811206882706,0.923642586931561,-1.3355639001492974,0.0005146585068641408,79.88316381478543
70.24573136722366,0.020699290951835557,0.12619967365070647,3.0618811206882706,0.923642586931561,-1.3355639001492974,0.0005146585068641408,79.88316381478543
70.24573136722366,0.020699290951835557,0.12619967365070647,3.0618811206882706,0.923642586931561,-1.3355639001492974,0.0005146585068641408,79.88316381478543
70.24573136722366,0.020699290951835557,0.12619967365070647,3.0618811206882706,0.923642586931561,-1.3355639001492974,0.0005146585068641408,79.88316381478543
70.24573136722366,0.020699290951835557,0.12619967365070647,3.0618811206882706,0.923642586931561,-1.3355639001492974,0.0005146585068641408,79.88316381478543
70.24573136722366,0.020699290951835557,0.12619967365070647,3.0618811206882706,0.923642586931561,-1.3355639001492974,0.0005146585068641408,79.88316381478543
70.24573136722366,0.020699290951835557,0.12619967365070647,3.0618811206882706,0.923642586931561,-1.3355639001492974,0.0005146585068641408,79.88316381478543
70.24573136722366,0.020699290951835557,0.12619967365070647,3.0618811206882706,0.923642586931561,-1.3355639001492974,0.0005146585068641408,79.88316381478543
70.24573136722366,0.020699290951835557,0.12619967365070647,3.0618811206882706,0.923642586931561,-1.3355639001492974,0.0005146585068641408,79.88316381478543
70.24573136722366,0.020699290951835557,0.12619967365070647,3.0618811206882706,0.923642586931561,-1.3355639001492974,0.0005146585068641408,79.88316381478543
70.24573136722366,0.020699290951835557,0.12619967365070647,3.0618811206882706,0.923642586931561,-1.3355639001492974,0.0005146585068641408,79.88316381478543
70.24573136722366,0.020699290951835557,0.12619967365070647,3.0618811206882706,0.923642586931561,-1.3355639001492974,0.0005146585068641408,79.88316381478543
70.24573136722366,0.020699290951835557,0.12619967365070647,3.0618811206882706,0.923642586931561,-1.3355639001492974,0.0005146585068641408,79.88316381478543
70.24573136722366,0.020699290951835557,0.12619967365070647,3.0618811206882706,0.923642586931561,-1.3355639001492974,0.0005146585068641408,79.88316381478543
70.24573136722366,0.020699290951835557,0.12619967365070647,3.0618811206882706,0.923642586931561,-1.3355639001492974,0.0005146585068641408,79.88316381478543
75.20029097852219,0.020509288727750354,0.12697562165932047,3.0656639316740497,0.9265232181903726,-1.5356363586745219,0.0004600636799045877,78.83506361395494
75.20029097852219,0.020509288727750354,0.12697562165932047,3.0656639316740497,0.9265232181903726,-1.5356363586745219,0.0004600636799045877,78.83506361395494
78.79691093780234,0.02094151297791664,0.12520304277732577,3.0625272401234347,0.9345651027051307,-1.599085584337221,0.00044615502243876455,77.4376842750057
78.79691093780234,0.02094151297791664,0.12520304277732577,3.0625272401234347,0.9345651027051307,-1.599085584337221,0.00044615502243876455,77.4376842750057
78.79691093780234,0.02094151297791664,0.12520304277732577,3.0625272401234347,0.9345651027051307,-1.599085584337221,0.00044615502243876455,77.4376842750057
78.79691093780234,0.02094151297791664,0.12520304277732577,3.0625272401234347,0.9345651027051307,-1.599085584337221,0.00044615502243876455,77.4376842750057
78.79691093780234,0.02094151297791664,0.12520304277732577,3.0625272401234347,0.9345651027051307,-1.599085584337221,0.00044615502243876455,77.4376842750057
69.08879862855329,0.020612047765871774,0.12919683772800275,3.0716159440289035,0.9200929437170703,-1.3600704666674808,0.0004699472613946149,79.09897927662496
69.08879862855329,0.020612047765871774,0.12919683772800275,3.0716159440289035,0.9200929437170703,-1.3600704666674808,0.0004699472613946149,79.09897927662496
70.06993378746758,0.020692882208444,0.13004433950891284,3.073353906679528,0.9186677798319096,-1.3957869821716855,0.0004796988869124491,79.5266820609564
70.06993378746758,0.020692882208444,0.13004433950891284,3.073353906679528,0.9186677798319096,-1.3957869821716855,0.0004796988869124491,79.5266820609564
70.06993378746758,0.020692882208444,0.13004433950891284,3.073353906679528,0.9186677798319096,-1.3957869821716855,0.0004796988869124491,79.5266820609564
70.06993378746758,0.020692882208444,0.13004433950891284,3.073353906679528,0.9186677798319096,-1.3957869821716855,0.0004796988869124491,79.5266820609564
70.06993378746758,0.020692882208444,0.13004433950891284,3.073353906679528,0.9186677798319096,-1.3957869821716855,0.0004796988869124491,79.5266820609564
70.06993378746758,0.020692882208444,0.13004433950891284,3.073353906679528,0.9186677798319096,-1.3957869821716855,0.0004796988869124491,79.5266820609564
70.06993378746758,0.020692882208444,0.13004433950891284,3.073353906679528,0.9186677798319096,-1.3957869821716855,0.0004796988869124491,79.5266820609564
70.06993378746758,0.020692882208444,0.13004433950891284,3.073353906679528,0.9186677798319096,-1.3957869821716855,0.0004796988869124491,79.5266820609564
70.06993378746758,0.020692882208444,0.13004433950891284,3.073353906679528,0.9186677798319096,-1.3957869821716855,0.0004796988869124491,79.5266820609564
70.06993378746758,0.020692882208444,0.13004433950891284,3.073353906679528,0.9186677798319096,-1.3957869821716855,0.0004796988869124491,79.5266820609564
70.06993378746758,0.020692882208444,0.13004433950891284,3.073353906679528,0.9186677798319096,-1.3957869821716855,0.0004796988869124491,79.5266820609564
70.06993378746758,0.020692882208444,0.13004433950891284,3.073353906679528,0.9186677798319096,-1.3957869821716855,0.0004796988869124491,79.5266820609564
70.06993378746758,0.020692882208444,0.13004433950891284,3.073353906679528,0.9186677798319096,-1.3957869821716855,0.0004796988869124491,79.5266820609564
70.06993378746758,0.020692882208444,0.13004433950891284,3.073353906679528,0.9186677798319096,-1.3957869821716855,0.0004796988869124491,79.5266820609564
70.06993378746758,0.020692882208444,0.13004433950891284,3.073353906679528,0.9186677798319096,-1.3957869821716855,0.0004796988869124491,79.5266820609564
70.06993378746758,0.020692882208444,0.13004433950891284,3.073353906679528,0.9186677798319096,-1.3957869821716855,0.0004796988869124491,79.5266820609564
70.06993378746758,0.020692882208444,0.13004433950891284,3.073353906679528,0.9186677798319096,-1.3957869821716855,0.0004796988869124491,79.5266820609564
70.06993378746758,0.020692882208444,0.13004433950891284,3.073353906679528,0.9186677798319096,-1.3957869821716855,0.0004796988869124491,79.5266820609564
70.06993378746758,0.020692882208444,0.13004433950891284,3.073353906679528,0.9186677798319096,-1.3957869821716855,0.0004796988869124491,79.5266820609564
70.06993378746758,0.020692882208444,0.13004433950891284,3.073353906679528,0.9186677798319096,-1.3957869821716855,0.0004796988869124491,79.5266820609564
70.06993378746758,0.020692882208444,0.13004433950891284,3.073353906679528,0.9186677798319096,-1.3957869821716855,0.0004796988869124491,79.5266820609564
70.06993378746758,0.020692882208444,0.13004433950891284,3.073353906679528,0.9186677798319096,-1.3957869821716855,0.0004796988869124491,79.5266820609564
67.16664301229,0.021097756186543613,0.1280580143309974,3.070455834124947,0.9343600376257741,-1.230629693220877,0.00044825573190005656,77.81397555758493
67.16664301229,0.021097756186543613,0.1280580143309974,3.070455834124947,0.9343600376257741,-1.230629693220877,0.00044825573190005656,77.81397555758493
67.16664301229,0.021097756186543613,0.1280580143309974,3.070455834124947,0.9343600376257741,-1.230629693220877,0.00044825573190005656,77.81397555758493
66.51305547567904,0.020873921399294632,0.12734544832293646,3.0696067910613682,0.9299056995680883,-1.1889739530216643,0.0004280023366607662,77.44414418246905
66.51305547567904,0.020873921399294632,0.12734544832293646,3.0696067910613682,0.9299056995680883,-1.1889739530216643,0.0004280023366607662,77.44414418246905
66.51305547567904,0.020873921399294632,0.12734544832293646,3.0696067910613682,0.9299056995680883,-1.1889739530216643,0.0004280023366607662,77.44414418246905
66.51305547567904,0.020873921399294632,0.12734544832293646,3.0696067910613682,0.9299056995680883,-1.1889739530216643,0.0004280023366607662,77.44414418246905
66.51305547567904,0.020873921399294632,0.12734544832293646,3.0696067910613682,0.9299056995680883,-1.1889739530216643,0.0004280023366607662,77.44414418246905
66.51305547567904,0.020873921399294632,0.12734544832293646,3.0696067910613682,0.9299056995680883,-1.1889739530216643,0.0004280023366607662,77.44414418246905
66.51305547567904,0.020873921399294632,0.12734544832293646,3.0696067910613682,0.9299056995680883,-1.1889739530216643,0.0004280023366607662,77.44414418246905
66.51305547567904,0.020873921399294632,0.12734544832293646,3.0696067910613682,0.9299056995680883,-1.1889739530216643,0.0004280023366607662,77.44414418246905
66.51305547567904,0.020873921399294632,0.12734544832293646,3.0696067910613682,0.9299056995680883,-1.1889739530216643,0.0004280023366607662,77.44414418246905
66.51305547567904,0.020873921399294632,0.12734544832293646,3.0696067910613682,0.9299056995680883,-1.1889739530216643,0.0004280023366607662,77.44414418246905
66.51305547567904,0.020873921399294632,0.12734544832293646,3.0696067910613682,0.9299056995680883,-1.1889739530216643,0.0004280023366607662,77.44414418246905
66.51305547567904,0.020873921399294632,0.12734544832293646,3.0696067910613682,0.9299056995680883,-1.1889739530216643,0.0004280023366607662,77.44414418246905
66.51305547567904,0.020873921399294632,0.12734544832293646,3.0696067910613682,0.9299056995680883,-1.1889739530216643,0.0004280023366607662,77.44414418246905
66.51305547567904,0.020873921399294632,0.12734544832293646,3.0696067910613682,0.9299056995680883,-1.1889739530216643,0.0004280023366607662,77.44414418246905
66.51305547567904,0.020873921399294632,0.12734544832293646,3.0696067910613682,0.9299056995680883,-1.1889739530216643,0.0004280023366607662,77.44414418246905
66.51305547567904,0.020873921399294632,0.12734544832293646,3.0696067910613682,0.9299056995680883,-1.1889739530216643,0.0004280023366607662,77.44414418246905
66.51305547567904,0.020873921399294632,0.12734544832293646,3.0696067910613682,0.9299056995680883,-1.1889739530216643,0.0004280023366607662,77.44414418246905
66.51305547567904,0.020873921399294632,0.12734544832293646,3.0696067910613682,0.9299056995680883,-1.1889739530216643,0.0004280023366607662,77.44414418246905
66.51305547567904,0.020873921399294632,0.12734544832293646,3.0696067910613682,0.9299056995680883,-1.1889739530216643,0.0004280023366607662,77.44414418246905
66.51305547567904,0.020873921399294632,0.12734544832293646,3.0696067910613682,0.9299056995680883,-1.1889739530216643,0.0004280023366607662,77.44414418246905
66.51305547567904,0.020873921399294632,0.12734544832293646,3.0696067910613682,0.9299056995680883,-1.1889739530216643,0.0004280023366607662,77.44414418246905
66.51305547567904,0.020873921399294632,0.12734544832293646,3.0696067910613682,0.9299056995680883,-1.1889739530216643,0.0004280023366607662,77.44414418246905
66.51305547567904,0.020873921399294632,0.12734544832293646,3.0696067910613682,0.9299056995680883,-1.1889739530216643,0.0004280023366607662,77.44414418246905
66.51305547567904,0.020873921399294632,0.12734544832293646,3.0696067910613682,0.9299056995680883,-1.1889739530216643,0.0004280023366607662,77.44414418246905
66.51305547567904,0.020873921399294632,0.12734544832293646,3.0696067910613682,0.9299056995680883,-1.1889739530216643,0.0004280023366607662,77.44414418246905
66.51305547567904,0.020873921399294632,0.12734544832293646,3.0696067910613682,0.9299056995680883,-1.1889739530216643,0.0004280023366607662,77.44414418246905
66.51305547567904,0.020873921399294632,0.12734544832293646,3.0696067910613682,0.9299056995680883,-1.1889739530216643,0.0004280023366607662,77.44414418246905
69.65743267373655,0.02081030128352377,0.12475223800498768,3.0620688663598834,0.9372138832892597,-1.2339597719823268,0.0004563604543701561,82.32746529786387
69.65743267373655,0.02081030128352377,0.12475223800498768,3.0620688663598834,0.9372138832892597,-1.2339597719823268,0.0004563604543701561,82.32746529786387
69.65743267373655,0.02081030128352377,0.12475223800498768,3.0620688663598834,0.9372138832892597,-1.2339597719823268,0.0004563604543701561,82.32746529786387
69.65743267373655,0.02081030128352377,0.12475223800498768,3.0620688663598834,0.9372138832892597,-1.2339597719823268,0.0004563604543701561,82.32746529786387
69.65743267373655,0.02081030128352377,0.12475223800498768,3.0620688663598834,0.9372138832892597,-1.2339597719823268,0.0004563604543701561,82.32746529786387
69.65743267373655,0.02081030128352377,0.12475223800498768,3.0620688663598834,0.9372138832892597,-1.2339597719823268,0.0004563604543701561,82.32746529786387
69.65743267373655,0.02081030128352377,0.12475223800498768,3.0620688663598834,0.9372138832892597,-1.2339597719823268,0.0004563604543701561,82.32746529786387
69.65743267373655,0.02081030128352377,0.12475223800498768,3.0620688663598834,0.9372138832892597,-1.2339597719823268,0.0004563604543701561,82.32746529786387
69.65743267373655,0.02081030128352377,0.12475223800498768,3.0620688663598834,0.9372138832892597,-1.2339597719823268,0.0004563604543701561,82.32746529786387
69.65743267373655,0.02081030128352377,0.12475223800498768,3.0620688663598834,0.9372138832892597,-1.2339597719823268,0.0004563604543701561,82.32746529786387
67.63633003912771,0.02133981138269571,0.11976794328137398,3.047446831388793,0.9480505148164216,-1.0744296562189732,0.0005316229221800663,70.75624749612095
71.13503614506884,0.020959707590187917,0.12313687697895209,3.0548641079129495,0.9361967278107358,-1.2745045557315555,0.000527123978111357,70.97908872400433
71.13503614506884,0.020959707590187917,0.12313687697895209,3.0548641079129495,0.9361967278107358,-1.2745045557315555,0.000527123978111357,70.97908872400433
71.13503614506884,0.020959707590187917,0.12313687697895209,3.0548641079129495,0.9361967278107358,-1.2745045557315555,0.000527123978111357,70.97908872400433
71.13503614506884,0.020959707590187917,0.12313687697895209,3.0548641079129495,0.9361967278107358,-1.2745045557315555,0.000527123978111357,70.97908872400433
71.13503614506884,0.020959707590187917,0.12313687697895209,3.0548641079129495,0.9361967278107358,-1.2745045557315555,0.000527123978111357,70.97908872400433
71.13503614506884,0.020959707590187917,0.12313687697895209,3.0548641079129495,0.9361967278107358,-1.2745045557315555,0.000527123978111357,70.97908872400433
71.13503614506884,0.020959707590187917,0.12313687697895209,3.0548641079129495,0.9361967278107358,-1.2745045557315555,0.000527123978111357,70.97908872400433
71.13503614506884,0.020959707590187917,0.12313687697895209,3.0548641079129495,0.9361967278107358,-1.2745045557315555,0.000527123978111357,70.97908872400433
71.13503614506884,0.020959707590187917,0.12313687697895209,3.0548641079129495,0.9361967278107358,-1.2745045557315555,0.000527123978111357,70.97908872400433
71.13503614506884,0.020959707590187917,0.12313687697895209,3.0548641079129495,0.9361967278107358,-1.2745045557315555,0.000527123978111357,70.97908872400433
71.13503614506884,0.020959707590187917,0.12313687697895209,3.0548641079129495,0.9361967278107358,-1.2745045557315555,0.000527123978111357,70.97908872400433
71.13503614506884,0.020959707590187917,0.12313687697895209,3.0548641079129495,0.9361967278107358,-1.2745045557315555,0.000527123978111357,70.97908872400433
71.13503614506884,0.020959707590187917,0.12313687697895209,3.0548641079129495,0.9361967278107358,-1.2745045557315555,0.000527123978111357,70.97908872400433
71.13503614506884,0.020959707590187917,0.12313687697895209,3.0548641079129495,0.9361967278107358,-1.2745045557315555,0.000527123978111357,70.97908872400433
71.13503614506884,0.020959707590187917,0.12313687697895209,3.0548641079129495,0.9361967278107358,-1.2745045557315555,0.000527123978111357,70.97908872400433
71.13503614506884,0.020959707590187917,0.12313687697895209,3.0548641079129495,0.9361967278107358,-1.2745045557315555,0.000527123978111357,70.97908872400433
71.13503614506884,0.020959707590187917,0.12313687697895209,3.0548641079129495,0.9361967278107358,-1.2745045557315555,0.000527123978111357,70.97908872400433
74.42366689624747,0.021285560904779635,0.11768972953588867,3.0439720613852685,0.9520508504934251,-1.2688428976745323,0.0005469896974875053,73.36176010639966
74.42366689624747,0.021285560904779635,0.11768972953588867,3.0439720613852685,0.9520508504934251,-1.2688428976745323,0.0005469896974875053,73.36176010639966
74.42366689624747,0.021285560904779635,0.11768972953588867,3.0439720613852685,0.9520508504934251,-1.2688428976745323,0.0005469896974875053,73.36176010639966
74.42366689624747,0.021285560904779635,0.11768972953588867,3.0439720613852685,0.9520508504934251,-1.2688428976745323,0.0005469896974875053,73.36176010639966
74.42366689624747,0.021285560904779635,0.11768972953588867,3.0439720613852685,0.9520508504934251,-1.2688428976745323,0.0005469896974875053,73.36176010639966
74.42366689624747,0.021285560904779635,0.11768972953588867,3.0439720613852685,0.9520508504934251,-1.2688428976745323,0.0005469896974875053,73.36176010639966
74.42366689624747,0.021285560904779635,0.11768972953588867,3.0439720613852685,0.9520508504934251,-1.2688428976745323,0.0005469896974875053,73.36176010639966
74.42366689624747,0.021285560904779635,0.11768972953588867,3.0439720613852685,0.9520508504934251,-1.2688428976745323,0.0005469896974875053,73.36176010639966
74.42366689624747,0.021285560904779635,0.11768972953588867,3.0439720613852685,0.9520508504934251,-1.2688428976745323,0.0005469896974875053,73.36176010639966
74.42366689624747,0.021285560904779635,0.11768972953588867,3.0439720613852685,0.9520508504934251,-1.2688428976745323,0.0005469896974875053,73.36176010639966
74.42366689624747,0.021285560904779635,0.11768972953588867,3.0439720613852685,0.9520508504934251,-1.2688428976745323,0.0005469896974875053,73.36176010639966
74.42366689624747,0.021285560904779635,0.11768972953588867,3.0439720613852685,0.9520508504934251,-1.2688428976745323,0.0005469896974875053,73.36176010639966
74.42366689624747,0.021285560904779635,0.11768972953588867,3.0439720613852685,0.9520508504934251,-1.2688428976745323,0.0005469896974875053,73.36176010639966
74.42366689624747,0.021285560904779635,0.11768972953588867,3.0439720613852685,0.9520508504934251,-1.2688428976745323,0.0005469896974875053,73.36176010639966
74.36760663185618,0.021562168978537192,0.11551184880826376,3.0387145974963823,0.9632784884226273,-1.1948875642079084,0.000582373121509711,70.48729265180087
74.36760663185618,0.021562168978537192,0.11551184880826376,3.0387145974963823,0.9632784884226273,-1.1948875642079084,0.000582373121509711,70.48729265180087
74.36760663185618,0.021562168978537192,0.11551184880826376,3.0387145974963823,0.9632784884226273,-1.1948875642079084,0.000582373121509711,70.48729265180087
74.36760663185618,0.021562168978537192,0.11551184880826376,3.0387145974963823,0.9632784884226273,-1.1948875642079084,0.000582373121509711,70.48729265180087
74.36760663185618,0.021562168978537192,0.11551184880826376,3.0387145974963823,0.9632784884226273,-1.1948875642079084,0.000582373121509711,70.48729265180087
74.36760663185618,0.021562168978537192,0.11551184880826376,3.0387145974963823,0.9632784884226273,-1.1948875642079084,0.000582373121509711,70.48729265180087
74.36760663185618,0.021562168978537192,0.11551184880826376,3.0387145974963823,0.9632784884226273,-1.1948875642079084,0.000582373121509711,70.48729265180087
80.83686422859782,0.0213498748262386,0.11882810887628796,3.0485887448135145,0.959492604826241,-1.4779070564569208,0.0005417913987387938,69.98525602416036
80.83686422859782,0.0213498748262386,0.11882810887628796,3.0485887448135145,0.959492604826241,-1.4779070564569208,0.0005417913987387938,69.98525602416036
80.83686422859782,0.0213498748262386,0.11882810887628796,3.0485887448135145,0.959492604826241,-1.4779070564569208,0.0005417913987387938,69.98525602416036
80.83686422859782,0.0213498748262386,0.11882810887628796,3.0485887448135145,0.959492604826241,-1.4779070564569208,0.0005417913987387938,69.98525602416036
80.83686422859782,0.0213498748262386,0.11882810887628796,3.0485887448135145,0.959492604826241,-1.4779070564569208,0.0005417913987387938,69.98525602416036
80.83686422859782,0.0213498748262386,0.11882810887628796,3.0485887448135145,0.959492604826241,-1.4779070564569208,0.0005417913987387938,69.98525602416036
80.83686422859782,0.0213498748262386,0.11882810887628796,3.0485887448135145,0.959492604826241,-1.4779070564569208,0.0005417913987387938,69.98525602416036
80.83686422859782,0.0213498748262386,0.11882810887628796,3.0485887448135145,0.959492604826241,-1.4779070564569208,0.0005417913987387938,69.98525602416036
76.98660057062821,0.021486399381563624,0.11953184247787418,3.047290536359459,0.9510130097295909,-1.362632411551937,0.0005692340318618951,67.65162342824226
82.59829195094893,0.021474078680883635,0.11969203693631893,3.0484982072398292,0.9529384022084653,-1.5458161050405264,0.000553308798098078,66.90688758753102
82.3262668460414,0.021489676066400454,0.11846045883468632,3.047656250956713,0.9528846358234323,-1.5273381977809493,0.0005355865280015962,75.42483735188
82.3262668460414,0.021489676066400454,0.11846045883468632,3.047656250956713,0.9528846358234323,-1.5273381977809493,0.0005355865280015962,75.42483735188
82.3262668460414,0.021489676066400454,0.11846045883468632,3.047656250956713,0.9528846358234323,-1.5273381977809493,0.0005355865280015962,75.42483735188
82.3262668460414,0.021489676066400454,0.11846045883468632,3.047656250956713,0.9528846358234323,-1.5273381977809493,0.0005355865280015962,75.42483735188
82.3262668460414,0.021489676066400454,0.11846045883468632,3.047656250956713,0.9528846358234323,-1.5273381977809493,0.0005355865280015962,75.42483735188
82.3262668460414,0.021489676066400454,0.11846045883468632,3.047656250956713,0.9528846358234323,-1.5273381977809493,0.0005355865280015962,75.42483735188
82.3262668460414,0.021489676066400454,0.11846045883468632,3.047656250956713,0.9528846358234323,-1.5273381977809493,0.0005355865280015962,75.42483735188
82.3262668460414,0.021489676066400454,0.11846045883468632,3.047656250956713,0.9528846358234323,-1.5273381977809493,0.0005355865280015962,75.42483735188
66.65499122104791,0.021848955961225384,0.11529215705698205,3.036724430450036,0.9634368199363776,-0.9540931847758538,0.0005954633237585905,71.64491589653161
66.65499122104791,0.021848955961225384,0.11529215705698205,3.036724430450036,0.9634368199363776,-0.9540931847758538,0.0005954633237585905,71.64491589653161
66.65499122104791,0.021848955961225384,0.11529215705698205,3.036724430450036,0.9634368199363776,-0.9540931847758538,0.0005954633237585905,71.64491589653161
66.65499122104791,0.021848955961225384,0.11529215705698205,3.036724430450036,0.9634368199363776,-0.9540931847758538,0.0005954633237585905,71.64491589653161
66.65499122104791,0.021848955961225384,0.11529215705698205,3.036724430450036,0.9634368199363776,-0.9540931847758538,0.0005954633237585905,71.64491589653161
79.84594522609905,0.021461295993650868,0.12028650432433263,3.05447238869648,0.9523722287851072,-1.4751158891893823,0.00048051719073130794,71.06598334050581
79.84594522609905,0.021461295993650868,0.12028650432433263,3.05447238869648,0.9523722287851072,-1.4751158891893823,0.00048051719073130794,71.06598334050581
79.84594522609905,0.021461295993650868,0.12028650432433263,3.05447238869648,0.9523722287851072,-1.4751158891893823,0.00048051719073130794,71.06598334050581
74.60975119776633,0.021472467422473066,0.12051024370440676,3.054905353862045,0.9538783655371278,-1.3333131517844938,0.00045043885154249304,74.00380841736795
71.57322265823743,0.021981043065021407,0.11662252210619309,3.0436428782647686,0.9636482953990105,-1.126904227887583,0.0005115839515285471,74.44571830494002
71.57322265823743,0.021981043065021407,0.11662252210619309,3.0436428782647686,0.9636482953990105,-1.126904227887583,0.0005115839515285471,74.44571830494002
71.57322265823743,0.021981043065021407,0.11662252210619309,3.0436428782647686,0.9636482953990105,-1.126904227887583,0.0005115839515285471,74.44571830494002
71.57322265823743,0.021981043065021407,0.11662252210619309,3.0436428782647686,0.9636482953990105,-1.126904227887583,0.0005115839515285471,74.44571830494002
71.57322265823743,0.021981043065021407,0.11662252210619309,3.0436428782647686,0.9636482953990105,-1.126904227887583,0.0005115839515285471,74.44571830494002
71.57322265823743,0.021981043065021407,0.11662252210619309,3.0436428782647686,0.9636482953990105,-1.126904227887583,0.0005115839515285471,74.44571830494002
71.57322265823743,0.021981043065021407,0.11662252210619309,3.0436428782647686,0.9636482953990105,-1.126904227887583,0.0005115839515285471,74.44571830494002
71.57322265823743,0.021981043065021407,0.11662252210619309,3.0436428782647686,0.9636482953990105,-1.126904227887583,0.0005115839515285471,74.44571830494002
71.57322265823743,0.021981043065021407,0.11662252210619309,3.0436428782647686,0.9636482953990105,-1.126904227887583,0.0005115839515285471,74.44571830494002
69.07497473975818,0.021739173015026838,0.12028409404447124,3.0537502953463442,0.9570696977844015,-1.1312046496524686,0.000489275967405306,80.87462511836365
71.43359150481007,0.022175028410565487,0.11906204365795871,3.053748773480151,0.9645969537358792,-1.15102993198022,0.0005038783561315529,81.45171984712921
71.43359150481007,0.022175028410565487,0.11906204365795871,3.053748773480151,0.9645969537358792,-1.15102993198022,0.0005038783561315529,81.45171984712921
71.43359150481007,0.022175028410565487,0.11906204365795871,3.053748773480151,0.9645969537358792,-1.15102993198022,0.0005038783561315529,81.45171984712921
71.43359150481007,0.022175028410565487,0.11906204365795871,3.053748773480151,0.9645969537358792,-1.15102993198022,0.0005038783561315529,81.45171984712921
71.43359150481007,0.022175028410565487,0.11906204365795871,3.053748773480151,0.9645969537358792,-1.15102993198022,0.0005038783561315529,81.45171984712921
71.43359150481007,0.022175028410565487,0.11906204365795871,3.053748773480151,0.9645969537358792,-1.15102993198022,0.0005038783561315529,81.45171984712921
71.43359150481007,0.022175028410565487,0.11906204365795871,3.053748773480151,0.9645969537358792,-1.15102993198022,0.0005038783561315529,81.45171984712921
68.7687413993725,0.021459537232494198,0.12479798158714876,3.0679083656530084,0.9498846438334029,-1.1876863018616262,0.00040841534084892946,75.50624883839613
68.7687413993725,0.021459537232494198,0.12479798158714876,3.0679083656530084,0.9498846438334029,-1.1876863018616262,0.00040841534084892946,75.50624883839613
68.7687413993725,0.021459537232494198,0.12479798158714876,3.0679083656530084,0.9498846438334029,-1.1876863018616262,0.00040841534084892946,75.50624883839613
68.7687413993725,0.021459537232494198,0.12479798158714876,3.0679083656530084,0.9498846438334029,-1.1876863018616262,0.00040841534084892946,75.50624883839613
68.7687413993725,0.021459537232494198,0.12479798158714876,3.0679083656530084,0.9498846438334029,-1.1876863018616262,0.00040841534084892946,75.50624883839613
68.7687413993725,0.021459537232494198,0.12479798158714876,3.0679083656530084,0.9498846438334029,-1.1876863018616262,0.00040841534084892946,75.50624883839613
68.7687413993725,0.021459537232494198,0.12479798158714876,3.0679083656530084,0.9498846438334029,-1.1876863018616262,0.00040841534084892946,75.50624883839613
68.7687413993725,0.021459537232494198,0.12479798158714876,3.0679083656530084,0.9498846438334029,-1.1876863018616262,0.00040841534084892946,75.50624883839613
68.7687413993725,0.021459537232494198,0.12479798158714876,3.0679083656530084,0.9498846438334029,-1.1876863018616262,0.00040841534084892946,75.50624883839613
68.7687413993725,0.021459537232494198,0.12479798158714876,3.0679083656530084,0.9498846438334029,-1.1876863018616262,0.00040841534084892946,75.50624883839613
68.7687413993725,0.021459537232494198,0.12479798158714876,3.0679083656530084,0.9498846438334029,-1.1876863018616262,0.00040841534084892946,75.50624883839613
68.7687413993725,0.021459537232494198,0.12479798158714876,3.0679083656530084,0.9498846438334029,-1.1876863018616262,0.00040841534084892946,75.50624883839613
68.7687413993725,0.021459537232494198,0.12479798158714876,3.0679083656530084,0.9498846438334029,-1.1876863018616262,0.00040841534084892946,75.50624883839613
68.7687413993725,0.021459537232494198,0.12479798158714876,3.0679083656530084,0.9498846438334029,-1.1876863018616262,0.00040841534084892946,75.50624883839613
68.7687413993725,0.021459537232494198,0.12479798158714876,3.0679083656530084,0.9498846438334029,-1.1876863018616262,0.00040841534084892946,75.50624883839613
68.7687413993725,0.021459537232494198,0.12479798158714876,3.0679083656530084,0.9498846438334029,-1.1876863018616262,0.00040841534084892946,75.50624883839613
68.7687413993725,0.021459537232494198,0.12479798158714876,3.0679083656530084,0.9498846438334029,-1.1876863018616262,0.00040841534084892946,75.50624883839613
68.7687413993725,0.021459537232494198,0.12479798158714876,3.0679083656530084,0.9498846438334029,-1.1876863018616262,0.00040841534084892946,75.50624883839613
68.7687413993725,0.021459537232494198,0.12479798158714876,3.0679083656530084,0.9498846438334029,-1.1876863018616262,0.00040841534084892946,75.50624883839613
68.7687413993725,0.021459537232494198,0.12479798158714876,3.0679083656530084,0.9498846438334029,-1.1876863018616262,0.00040841534084892946,75.50624883839613
68.7687413993725,0.021459537232494198,0.12479798158714876,3.0679083656530084,0.9498846438334029,-1.1876863018616262,0.00040841534084892946,75.50624883839613
68.7687413993725,0.021459537232494198,0.12479798158714876,3.0679083656530084,0.9498846438334029,-1.1876863018616262,0.00040841534084892946,75.50624883839613
68.7687413993725,0.021459537232494198,0.12479798158714876,3.0679083656530084,0.9498846438334029,-1.1876863018616262,0.00040841534084892946,75.50624883839613
68.7687413993725,0.021459537232494198,0.12479798158714876,3.0679083656530084,0.9498846438334029,-1.1876863018616262,0.00040841534084892946,75.50624883839613
68.7687413993725,0.021459537232494198,0.12479798158714876,3.0679083656530084,0.9498846438334029,-1.1876863018616262,0.00040841534084892946,75.50624883839613
68.7687413993725,0.021459537232494198,0.12479798158714876,3.0679083656530084,0.9498846438334029,-1.1876863018616262,0.00040841534084892946,75.50624883839613
68.7687413993725,0.021459537232494198,0.12479798158714876,3.0679083656530084,0.9498846438334029,-1.1876863018616262,0.00040841534084892946,75.50624883839613
68.7687413993725,0.021459537232494198,0.12479798158714876,3.0679083656530084,0.9498846438334029,-1.1876863018616262,0.00040841534084892946,75.50624883839613
68.7687413993725,0.021459537232494198,0.12479798158714876,3.0679083656530084,0.9498846438334029,-1.1876863018616262,0.00040841534084892946,75.50624883839613
68.7687413993725,0.021459537232494198,0.12479798158714876,3.0679083656530084,0.9498846438334029,-1.1876863018616262,0.00040841534084892946,75.50624883839613
68.7687413993725,0.021459537232494198,0.12479798158714876,3.0679083656530084,0.9498846438334029,-1.1876863018616262,0.00040841534084892946,75.50624883839613
68.7687413993725,0.021459537232494198,0.12479798158714876,3.0679083656530084,0.9498846438334029,-1.1876863018616262,0.00040841534084892946,75.50624883839613
68.7687413993725,0.021459537232494198,0.12479798158714876,3.0679083656530084,0.9498846438334029,-1.1876863018616262,0.00040841534084892946,75.50624883839613
68.7687413993725,0.021459537232494198,0.12479798158714876,3.0679083656530084,0.9498846438334029,-1.1876863018616262,0.00040841534084892946,75.50624883839613
68.7687413993725,0.021459537232494198,0.12479798158714876,3.0679083656530084,0.9498846438334029,-1.1876863018616262,0.00040841534084892946,75.50624883839613
68.7687413993725,0.021459537232494198,0.12479798158714876,3.0679083656530084,0.9498846438334029,-1.1876863018616262,0.00040841534084892946,75.50624883839613
68.7687413993725,0.021459537232494198,0.12479798158714876,3.0679083656530084,0.9498846438334029,-1.1876863018616262,0.00040841534084892946,75.50624883839613
64.28073845158562,0.021868052794540967,0.11991730823173252,3.055265527080879,0.9655406167554661,-0.9446618474258296,0.0004193157673246447,78.18622810417543
64.28073845158562,0.021868052794540967,0.11991730823173252,3.055265527080879,0.9655406167554661,-0.9446618474258296,0.0004193157673246447,78.18622810417543
64.28073845158562,0.021868052794540967,0.11991730823173252,3.055265527080879,0.9655406167554661,-0.9446618474258296,0.0004193157673246447,78.18622810417543
64.28715406191347,0.022092664548992544,0.11907717893603645,3.0533342297776334,0.9662574099080332,-0.9218237998824861,0.0004459599809655016,80.5724763268595
64.28715406191347,0.022092664548992544,0.11907717893603645,3.0533342297776334,0.9662574099080332,-0.9218237998824861,0.0004459599809655016,80.5724763268595
64.28715406191347,0.022092664548992544,0.11907717893603645,3.0533342297776334,0.9662574099080332,-0.9218237998824861,0.0004459599809655016,80.5724763268595
71.0039952258592,0.02201128527728099,0.11807327246672847,3.0505888694861905,0.9658943898187183,-1.1250804832421208,0.0004689336829645229,75.49976887039206
71.0039952258592,0.02201128527728099,0.11807327246672847,3.0505888694861905,0.9658943898187183,-1.1250804832421208,0.0004689336829645229,75.49976887039206
71.0039952258592,0.02201128527728099,0.11807327246672847,3.0505888694861905,0.9658943898187183,-1.1250804832421208,0.0004689336829645229,75.49976887039206
71.0039952258592,0.02201128527728099,0.11807327246672847,3.0505888694861905,0.9658943898187183,-1.1250804832421208,0.0004689336829645229,75.49976887039206
71.0039952258592,0.02201128527728099,0.11807327246672847,3.0505888694861905,0.9658943898187183,-1.1250804832421208,0.0004689336829645229,75.49976887039206
71.0039952258592,0.02201128527728099,0.11807327246672847,3.0505888694861905,0.9658943898187183,-1.1250804832421208,0.0004689336829645229,75.49976887039206
71.0039952258592,0.02201128527728099,0.11807327246672847,3.0505888694861905,0.9658943898187183,-1.1250804832421208,0.0004689336829645229,75.49976887039206
71.0039952258592,0.02201128527728099,0.11807327246672847,3.0505888694861905,0.9658943898187183,-1.1250804832421208,0.0004689336829645229,75.49976887039206
71.0039952258592,0.02201128527728099,0.11807327246672847,3.0505888694861905,0.9658943898187183,-1.1250804832421208,0.0004689336829645229,75.49976887039206
71.0039952258592,0.02201128527728099,0.11807327246672847,3.0505888694861905,0.9658943898187183,-1.1250804832421208,0.0004689336829645229,75.49976887039206
71.0039952258592,0.02201128527728099,0.11807327246672847,3.0505888694861905,0.9658943898187183,-1.1250804832421208,0.0004689336829645229,75.49976887039206
71.0039952258592,0.02201128527728099,0.11807327246672847,3.0505888694861905,0.9658943898187183,-1.1250804832421208,0.0004689336829645229,75.49976887039206
71.0039952258592,0.02201128527728099,0.11807327246672847,3.0505888694861905,0.9658943898187183,-1.1250804832421208,0.0004689336829645229,75.49976887039206
71.0039952258592,0.02201128527728099,0.11807327246672847,3.0505888694861905,0.9658943898187183,-1.1250804832421208,0.0004689336829645229,75.49976887039206
71.0039952258592,0.02201128527728099,0.11807327246672847,3.0505888694861905,0.9658943898187183,-1.1250804832421208,0.0004689336829645229,75.49976887039206
71.0039952258592,0.02201128527728099,0.11807327246672847,3.0505888694861905,0.9658943898187183,-1.1250804832421208,0.0004689336829645229,75.49976887039206
71.0039952258592,0.02201128527728099,0.11807327246672847,3.0505888694861905,0.9658943898187183,-1.1250804832421208,0.0004689336829645229,75.49976887039206
71.0039952258592,0.02201128527728099,0.11807327246672847,3.0505888694861905,0.9658943898187183,-1.1250804832421208,0.0004689336829645229,75.49976887039206
71.0039952258592,0.02201128527728099,0.11807327246672847,3.0505888694861905,0.9658943898187183,-1.1250804832421208,0.0004689336829645229,75.49976887039206
71.0039952258592,0.02201128527728099,0.11807327246672847,3.0505888694861905,0.9658943898187183,-1.1250804832421208,0.0004689336829645229,75.49976887039206
71.0039952258592,0.02201128527728099,0.11807327246672847,3.0505888694861905,0.9658943898187183,-1.1250804832421208,0.0004689336829645229,75.49976887039206
71.0039952258592,0.02201128527728099,0.11807327246672847,3.0505888694861905,0.9658943898187183,-1.1250804832421208,0.0004689336829645229,75.49976887039206
71.0039952258592,0.02201128527728099,0.11807327246672847,3.0505888694861905,0.9658943898187183,-1.1250804832421208,0.0004689336829645229,75.49976887039206
71.0039952258592,0.02201128527728099,0.11807327246672847,3.0505888694861905,0.9658943898187183,-1.1250804832421208,0.0004689336829645229,75.49976887039206
71.0039952258592,0.02201128527728099,0.11807327246672847,3.0505888694861905,0.9658943898187183,-1.1250804832421208,0.0004689336829645229,75.49976887039206
76.89123773296089,0.021827499572632404,0.12030906763220575,3.054304174041602,0.9608909643920117,-1.3660643911552186,0.00048550361908489736,71.75317141035337
76.89123773296089,0.021827499572632404,0.12030906763220575,3.054304174041602,0.9608909643920117,-1.3660643911552186,0.00048550361908489736,71.75317141035337
76.89123773296089,0.021827499572632404,0.12030906763220575,3.054304174041602,0.9608909643920117,-1.3660643911552186,0.00048550361908489736,71.75317141035337
76.89123773296089,0.021827499572632404,0.12030906763220575,3.054304174041602,0.9608909643920117,-1.3660643911552186,0.00048550361908489736,71.75317141035337
76.89123773296089,0.021827499572632404,0.12030906763220575,3.054304174041602,0.9608909643920117,-1.3660643911552186,0.00048550361908489736,71.75317141035337
76.89123773296089,0.021827499572632404,0.12030906763220575,3.054304174041602,0.9608909643920117,-1.3660643911552186,0.00048550361908489736,71.75317141035337
76.89123773296089,0.021827499572632404,0.12030906763220575,3.054304174041602,0.9608909643920117,-1.3660643911552186,0.00048550361908489736,71.75317141035337
76.89123773296089,0.021827499572632404,0.12030906763220575,3.054304174041602,0.9608909643920117,-1.3660643911552186,0.00048550361908489736,71.75317141035337
76.89123773296089,0.021827499572632404,0.12030906763220575,3.054304174041602,0.9608909643920117,-1.3660643911552186,0.00048550361908489736,71.75317141035337
76.89123773296089,0.021827499572632404,0.12030906763220575,3.054304174041602,0.9608909643920117,-1.3660643911552186,0.00048550361908489736,71.75317141035337
76.89123773296089,0.021827499572632404,0.12030906763220575,3.054304174041602,0.9608909643920117,-1.3660643911552186,0.00048550361908489736,71.75317141035337
76.89123773296089,0.021827499572632404,0.12030906763220575,3.054304174041602,0.9608909643920117,-1.3660643911552186,0.00048550361908489736,71.75317141035337
76.89123773296089,0.021827499572632404,0.12030906763220575,3.054304174041602,0.9608909643920117,-1.3660643911552186,0.00048550361908489736,71.75317141035337
76.89123773296089,0.021827499572632404,0.12030906763220575,3.054304174041602,0.9608909643920117,-1.3660643911552186,0.00048550361908489736,71.75317141035337
76.89123773296089,0.021827499572632404,0.12030906763220575,3.054304174041602,0.9608909643920117,-1.3660643911552186,0.00048550361908489736,71.75317141035337
84.50196391464605,0.02172529491249131,0.12014079634875068,3.054412725437252,0.9638254471872998,-1.5966244966764422,0.0004342847249985503,74.01131253342936
90.50403679005429,0.02173890636864952,0.11920760816087525,3.050899013040228,0.9696657164305565,-1.7816458901437553,0.00043347473805195065,76.26602231993367
90.50403679005429,0.02173890636864952,0.11920760816087525,3.050899013040228,0.9696657164305565,-1.7816458901437553,0.00043347473805195065,76.26602231993367
90.50403679005429,0.02173890636864952,0.11920760816087525,3.050899013040228,0.9696657164305565,-1.7816458901437553,0.00043347473805195065,76.26602231993367
90.50403679005429,0.02173890636864952,0.11920760816087525,3.050899013040228,0.9696657164305565,-1.7816458901437553,0.00043347473805195065,76.26602231993367
90.50403679005429,0.02173890636864952,0.11920760816087525,3.050899013040228,0.9696657164305565,-1.7816458901437553,0.00043347473805195065,76.26602231993367
84.8719313238275,0.021396144230083628,0.1229718563191816,3.0615168774164925,0.9627801887375319,-1.6882748907361023,0.00042197890458591213,76.24896390398385
84.8719313238275,0.021396144230083628,0.1229718563191816,3.0615168774164925,0.9627801887375319,-1.6882748907361023,0.00042197890458591213,76.24896390398385
84.8719313238275,0.021396144230083628,0.1229718563191816,3.0615168774164925,0.9627801887375319,-1.6882748907361023,0.00042197890458591213,76.24896390398385
84.8719313238275,0.021396144230083628,0.1229718563191816,3.0615168774164925,0.9627801887375319,-1.6882748907361023,0.00042197890458591213,76.24896390398385
84.8719313238275,0.021396144230083628,0.1229718563191816,3.0615168774164925,0.9627801887375319,-1.6882748907361023,0.00042197890458591213,76.24896390398385
84.8719313238275,0.021396144230083628,0.1229718563191816,3.0615168774164925,0.9627801887375319,-1.6882748907361023,0.00042197890458591213,76.24896390398385
84.8719313238275,0.021396144230083628,0.1229718563191816,3.0615168774164925,0.9627801887375319,-1.6882748907361023,0.00042197890458591213,76.24896390398385
84.8719313238275,0.021396144230083628,0.1229718563191816,3.0615168774164925,0.9627801887375319,-1.6882748907361023,0.00042197890458591213,76.24896390398385
84.8719313238275,0.021396144230083628,0.1229718563191816,3.0615168774164925,0.9627801887375319,-1.6882748907361023,0.00042197890458591213,76.24896390398385
84.8719313238275,0.021396144230083628,0.1229718563191816,3.0615168774164925,0.9627801887375319,-1.6882748907361023,0.00042197890458591213,76.24896390398385
84.8719313238275,0.021396144230083628,0.1229718563191816,3.0615168774164925,0.9627801887375319,-1.6882748907361023,0.00042197890458591213,76.24896390398385
84.8719313238275,0.021396144230083628,0.1229718563191816,3.0615168774164925,0.9627801887375319,-1.6882748907361023,0.00042197890458591213,76.24896390398385
84.8719313238275,0.021396144230083628,0.1229718563191816,3.0615168774164925,0.9627801887375319,-1.6882748907361023,0.00042197890458591213,76.24896390398385
74.64887305074221,0.021791407301393496,0.11554566261595484,3.0409018679471504,0.9782381118160202,-1.2107792116879637,0.0005135442167920241,74.12741843619762
80.55200690681731,0.021400007718487456,0.1208528979855248,3.05429651582517,0.9583669910488857,-1.522740778588616,0.0004942138551597365,68.92739543332712
79.18707061049076,0.021522730458725214,0.12069856911762224,3.056205103483405,0.9580315489002429,-1.4587894892236781,0.00047949071537410555,69.1603025369832
80.82104603951359,0.021627415864870502,0.11661358305988102,3.043413440621617,0.9657752192294505,-1.4204912679163235,0.0005264348052361238,69.01979365813042
80.82104603951359,0.021627415864870502,0.11661358305988102,3.043413440621617,0.9657752192294505,-1.4204912679163235,0.0005264348052361238,69.01979365813042
85.71033068817131,0.021495255312148968,0.11841180536739355,3.048146706783943,0.9616801554021206,-1.6114550031745982,0.0004951820910300969,67.77232908095738
85.71033068817131,0.021495255312148968,0.11841180536739355,3.048146706783943,0.9616801554021206,-1.6114550031745982,0.0004951820910300969,67.77232908095738
85.71033068817131,0.021495255312148968,0.11841180536739355,3.048146706783943,0.9616801554021206,-1.6114550031745982,0.0004951820910300969,67.77232908095738
85.71033068817131,0.021495255312148968,0.11841180536739355,3.048146706783943,0.9616801554021206,-1.6114550031745982,0.0004951820910300969,67.77232908095738
85.71033068817131,0.021495255312148968,0.11841180536739355,3.048146706783943,0.9616801554021206,-1.6114550031745982,0.0004951820910300969,67.77232908095738
85.71033068817131,0.021495255312148968,0.11841180536739355,3.048146706783943,0.9616801554021206,-1.6114550031745982,0.0004951820910300969,67.77232908095738
85.71033068817131,0.021495255312148968,0.11841180536739355,3.048146706783943,0.9616801554021206,-1.6114550031745982,0.0004951820910300969,67.77232908095738
85.71033068817131,0.021495255312148968,0.11841180536739355,3.048146706783943,0.9616801554021206,-1.6114550031745982,0.0004951820910300969,67.77232908095738
85.71033068817131,0.021495255312148968,0.11841180536739355,3.048146706783943,0.9616801554021206,-1.6114550031745982,0.0004951820910300969,67.77232908095738
85.71033068817131,0.021495255312148968,0.11841180536739355,3.048146706783943,0.9616801554021206,-1.6114550031745982,0.0004951820910300969,67.77232908095738
85.71033068817131,0.021495255312148968,0.11841180536739355,3.048146706783943,0.9616801554021206,-1.6114550031745982,0.0004951820910300969,67.77232908095738
85.71033068817131,0.021495255312148968,0.11841180536739355,3.048146706783943,0.9616801554021206,-1.6114550031745982,0.0004951820910300969,67.77232908095738
83.57978577325918,0.02144411924933992,0.11901035850459359,3.049931864714706,0.9645531558843525,-1.5855339882985127,0.00045553750468862417,72.40486584343645
83.57978577325918,0.02144411924933992,0.11901035850459359,3.049931864714706,0.9645531558843525,-1.5855339882985127,0.00045553750468862417,72.40486584343645
76.34843639050769,0.021130697863657823,0.12140557095138542,3.055442162787331,0.9518753186275059,-1.4200498494823348,0.00045815062980603853,69.56597860793244
76.34843639050769,0.021130697863657823,0.12140557095138542,3.055442162787331,0.9518753186275059,-1.4200498494823348,0.00045815062980603853,69.56597860793244
76.34843639050769,0.021130697863657823,0.12140557095138542,3.055442162787331,0.9518753186275059,-1.4200498494823348,0.00045815062980603853,69.56597860793244
87.02999067255647,0.021132635572944224,0.12142632564224073,3.0556256541001123,0.9513050956375764,-1.7570960740197954,0.0004644518765199889,68.46471468916221
87.02999067255647,0.021132635572944224,0.12142632564224073,3.0556256541001123,0.9513050956375764,-1.7570960740197954,0.0004644518765199889,68.46471468916221
87.02999067255647,0.021132635572944224,0.12142632564224073,3.0556256541001123,0.9513050956375764,-1.7570960740197954,0.0004644518765199889,68.46471468916221
87.02999067255647,0.021132635572944224,0.12142632564224073,3.0556256541001123,0.9513050956375764,-1.7570960740197954,0.0004644518765199889,68.46471468916221
87.02999067255647,0.021132635572944224,0.12142632564224073,3.0556256541001123,0.9513050956375764,-1.7570960740197954,0.0004644518765199889,68.46471468916221
87.02999067255647,0.021132635572944224,0.12142632564224073,3.0556256541001123,0.9513050956375764,-1.7570960740197954,0.0004644518765199889,68.46471468916221
87.02999067255647,0.021132635572944224,0.12142632564224073,3.0556256541001123,0.9513050956375764,-1.7570960740197954,0.0004644518765199889,68.46471468916221
87.02999067255647,0.021132635572944224,0.12142632564224073,3.0556256541001123,0.9513050956375764,-1.7570960740197954,0.0004644518765199889,68.46471468916221
85.7486119908274,0.021329845879675458,0.12016203002430156,3.050707527033917,0.952009124016328,-1.6729074010225862,0.0005143417896813026,67.76843626788572
85.7486119908274,0.021329845879675458,0.12016203002430156,3.050707527033917,0.952009124016328,-1.6729074010225862,0.0005143417896813026,67.76843626788572
85.7486119908274,0.021329845879675458,0.12016203002430156,3.050707527033917,0.952009124016328,-1.6729074010225862,0.0005143417896813026,67.76843626788572
85.7486119908274,0.021329845879675458,0.12016203002430156,3.050707527033917,0.952009124016328,-1.6729074010225862,0.0005143417896813026,67.76843626788572
85.7486119908274,0.021329845879675458,0.12016203002430156,3.050707527033917,0.952009124016328,-1.6729074010225862,0.0005143417896813026,67.76843626788572
81.79075494619416,0.021207983895753003,0.12102770530135297,3.052914718389298,0.9479531852235823,-1.586280723477481,0.0005008403525444915,69.72835927197858
81.79075494619416,0.021207983895753003,0.12102770530135297,3.052914718389298,0.9479531852235823,-1.586280723477481,0.0005008403525444915,69.72835927197858
81.79075494619416,0.021207983895753003,0.12102770530135297,3.052914718389298,0.9479531852235823,-1.586280723477481,0.0005008403525444915,69.72835927197858
81.79075494619416,0.021207983895753003,0.12102770530135297,3.052914718389298,0.9479531852235823,-1.586280723477481,0.0005008403525444915,69.72835927197858
81.79075494619416,0.021207983895753003,0.12102770530135297,3.052914718389298,0.9479531852235823,-1.586280723477481,0.0005008403525444915,69.72835927197858
81.79075494619416,0.021207983895753003,0.12102770530135297,3.052914718389298,0.9479531852235823,-1.586280723477481,0.0005008403525444915,69.72835927197858
81.79075494619416,0.021207983895753003,0.12102770530135297,3.052914718389298,0.9479531852235823,-1.586280723477481,0.0005008403525444915,69.72835927197858
81.79075494619416,0.021207983895753003,0.12102770530135297,3.052914718389298,0.9479531852235823,-1.586280723477481,0.0005008403525444915,69.72835927197858
78.53074754609806,0.021327919046569523,0.12157468879785836,3.0518736814126193,0.9440522380890252,-1.479545674767062,0.0005657242395638621,70.62027257096007
78.53074754609806,0.021327919046569523,0.12157468879785836,3.0518736814126193,0.9440522380890252,-1.479545674767062,0.0005657242395638621,70.62027257096007
78.53074754609806,0.021327919046569523,0.12157468879785836,3.0518736814126193,0.9440522380890252,-1.479545674767062,0.0005657242395638621,70.62027257096007
91.2737079453845,0.021263880669386056,0.12032086609464906,3.0491903095499646,0.9525738551988873,-1.8361148925352118,0.0005448204832494293,66.28128731674327
91.2737079453845,0.021263880669386056,0.12032086609464906,3.0491903095499646,0.9525738551988873,-1.8361148925352118,0.0005448204832494293,66.28128731674327
91.2737079453845,0.021263880669386056,0.12032086609464906,3.0491903095499646,0.9525738551988873,-1.8361148925352118,0.0005448204832494293,66.28128731674327
87.95732649495854,0.02126764577901888,0.11901165644761753,3.0438522277251114,0.9548045930869334,-1.6989027069580978,0.0005499915607360087,67.71813380538232
90.49089040734921,0.021419649777114007,0.1194488230376695,3.044377296296582,0.9474432236933937,-1.7665914820534496,0.000647802556321225,71.80972629415056
90.49089040734921,0.021419649777114007,0.1194488230376695,3.044377296296582,0.9474432236933937,-1.7665914820534496,0.000647802556321225,71.80972629415056
90.49089040734921,0.021419649777114007,0.1194488230376695,3.044377296296582,0.9474432236933937,-1.7665914820534496,0.000647802556321225,71.80972629415056
90.49089040734921,0.021419649777114007,0.1194488230376695,3.044377296296582,0.9474432236933937,-1.7665914820534496,0.000647802556321225,71.80972629415056
90.49089040734921,0.021419649777114007,0.1194488230376695,3.044377296296582,0.9474432236933937,-1.7665914820534496,0.000647802556321225,71.80972629415056
90.49089040734921,0.021419649777114007,0.1194488230376695,3.044377296296582,0.9474432236933937,-1.7665914820534496,0.000647802556321225,71.80972629415056
90.49089040734921,0.021419649777114007,0.1194488230376695,3.044377296296582,0.9474432236933937,-1.7665914820534496,0.000647802556321225,71.80972629415056
90.49089040734921,0.021419649777114007,0.1194488230376695,3.044377296296582,0.9474432236933937,-1.7665914820534496,0.000647802556321225,71.80972629415056
90.49089040734921,0.021419649777114007,0.1194488230376695,3.044377296296582,0.9474432236933937,-1.7665914820534496,0.000647802556321225,71.80972629415056
90.49089040734921,0.021419649777114007,0.1194488230376695,3.044377296296582,0.9474432236933937,-1.7665914820534496,0.000647802556321225,71.80972629415056
90.49089040734921,0.021419649777114007,0.1194488230376695,3.044377296296582,0.9474432236933937,-1.7665914820534496,0.000647802556321225,71.80972629415056
90.49089040734921,0.021419649777114007,0.1194488230376695,3.044377296296582,0.9474432236933937,-1.7665914820534496,0.000647802556321225,71.80972629415056
90.49089040734921,0.021419649777114007,0.1194488230376695,3.044377296296582,0.9474432236933937,-1.7665914820534496,0.000647802556321225,71.80972629415056
90.49089040734921,0.021419649777114007,0.1194488230376695,3.044377296296582,0.9474432236933937,-1.7665914820534496,0.000647802556321225,71.80972629415056
90.49089040734921,0.021419649777114007,0.1194488230376695,3.044377296296582,0.9474432236933937,-1.7665914820534496,0.000647802556321225,71.80972629415056
90.49089040734921,0.021419649777114007,0.1194488230376695,3.044377296296582,0.9474432236933937,-1.7665914820534496,0.000647802556321225,71.80972629415056
90.49089040734921,0.021419649777114007,0.1194488230376695,3.044377296296582,0.9474432236933937,-1.7665914820534496,0.000647802556321225,71.80972629415056
89.08337746250645,0.021267065015426717,0.11965801454538172,3.0446621717506637,0.9444699704863985,-1.7598456340468016,0.0006127660064092431,72.67704625492223
89.08337746250645,0.021267065015426717,0.11965801454538172,3.0446621717506637,0.9444699704863985,-1.7598456340468016,0.0006127660064092431,72.67704625492223
89.08337746250645,0.021267065015426717,0.11965801454538172,3.0446621717506637,0.9444699704863985,-1.7598456340468016,0.0006127660064092431,72.67704625492223
89.08337746250645,0.021267065015426717,0.11965801454538172,3.0446621717506637,0.9444699704863985,-1.7598456340468016,0.0006127660064092431,72.67704625492223
89.08337746250645,0.021267065015426717,0.11965801454538172,3.0446621717506637,0.9444699704863985,-1.7598456340468016,0.0006127660064092431,72.67704625492223
89.08337746250645,0.021267065015426717,0.11965801454538172,3.0446621717506637,0.9444699704863985,-1.7598456340468016,0.0006127660064092431,72.67704625492223
89.08337746250645,0.021267065015426717,0.11965801454538172,3.0446621717506637,0.9444699704863985,-1.7598456340468016,0.0006127660064092431,72.67704625492223
89.08337746250645,0.021267065015426717,0.11965801454538172,3.0446621717506637,0.9444699704863985,-1.7598456340468016,0.0006127660064092431,72.67704625492223
89.08337746250645,0.021267065015426717,0.11965801454538172,3.0446621717506637,0.9444699704863985,-1.7598456340468016,0.0006127660064092431,72.67704625492223
86.13328847571937,0.020808200784985586,0.12565633500144288,3.0605913793643555,0.9361568535787752,-1.8319739282440786,0.0005152412204189841,76.1798300074081
89.7186574425846,0.021028445785386766,0.1252393467519675,3.065297252935571,0.9360799050822339,-1.9374397506691685,0.0004808721331524214,73.64689132488121
89.7186574425846,0.021028445785386766,0.1252393467519675,3.065297252935571,0.9360799050822339,-1.9374397506691685,0.0004808721331524214,73.64689132488121
89.7186574425846,0.021028445785386766,0.1252393467519675,3.065297252935571,0.9360799050822339,-1.9374397506691685,0.0004808721331524214,73.64689132488121
89.7186574425846,0.021028445785386766,0.1252393467519675,3.065297252935571,0.9360799050822339,-1.9374397506691685,0.0004808721331524214,73.64689132488121
83.94092364632499,0.02107038889560048,0.12374640090451075,3.062465389302173,0.9401959365675508,-1.7205316505409778,0.0004631902534926393,72.45868888096102
83.94092364632499,0.02107038889560048,0.12374640090451075,3.062465389302173,0.9401959365675508,-1.7205316505409778,0.0004631902534926393,72.45868888096102
83.94092364632499,0.02107038889560048,0.12374640090451075,3.062465389302173,0.9401959365675508,-1.7205316505409778,0.0004631902534926393,72.45868888096102
83.94092364632499,0.02107038889560048,0.12374640090451075,3.062465389302173,0.9401959365675508,-1.7205316505409778,0.0004631902534926393,72.45868888096102
83.94092364632499,0.02107038889560048,0.12374640090451075,3.062465389302173,0.9401959365675508,-1.7205316505409778,0.0004631902534926393,72.45868888096102
83.94092364632499,0.02107038889560048,0.12374640090451075,3.062465389302173,0.9401959365675508,-1.7205316505409778,0.0004631902534926393,72.45868888096102
83.94092364632499,0.02107038889560048,0.12374640090451075,3.062465389302173,0.9401959365675508,-1.7205316505409778,0.0004631902534926393,72.45868888096102
83.94092364632499,0.02107038889560048,0.12374640090451075,3.062465389302173,0.9401959365675508,-1.7205316505409778,0.0004631902534926393,72.45868888096102
84.1015444237666,0.020985139557786,0.12535239341634816,3.0646458940255354,0.9435422901949948,-1.771862772516882,0.0004454914011848442,69.03791448687821
84.1015444237666,0.020985139557786,0.12535239341634816,3.0646458940255354,0.9435422901949948,-1.771862772516882,0.0004454914011848442,69.03791448687821
84.1015444237666,0.020985139557786,0.12535239341634816,3.0646458940255354,0.9435422901949948,-1.771862772516882,0.0004454914011848442,69.03791448687821
84.1015444237666,0.020985139557786,0.12535239341634816,3.0646458940255354,0.9435422901949948,-1.771862772516882,0.0004454914011848442,69.03791448687821
84.1015444237666,0.020985139557786,0.12535239341634816,3.0646458940255354,0.9435422901949948,-1.771862772516882,0.0004454914011848442,69.03791448687821
84.1015444237666,0.020985139557786,0.12535239341634816,3.0646458940255354,0.9435422901949948,-1.771862772516882,0.0004454914011848442,69.03791448687821
84.1015444237666,0.020985139557786,0.12535239341634816,3.0646458940255354,0.9435422901949948,-1.771862772516882,0.0004454914011848442,69.03791448687821
84.1015444237666,0.020985139557786,0.12535239341634816,3.0646458940255354,0.9435422901949948,-1.771862772516882,0.0004454914011848442,69.03791448687821
76.3543575221282,0.021252765619141824,0.12186344251929088,3.0532022310098546,0.956004845573023,-1.4181217625766096,0.0005200906480576769,70.6559037850203
76.3543575221282,0.021252765619141824,0.12186344251929088,3.0532022310098546,0.956004845573023,-1.4181217625766096,0.0005200906480576769,70.6559037850203
76.3543575221282,0.021252765619141824,0.12186344251929088,3.0532022310098546,0.956004845573023,-1.4181217625766096,0.0005200906480576769,70.6559037850203
76.3543575221282,0.021252765619141824,0.12186344251929088,3.0532022310098546,0.956004845573023,-1.4181217625766096,0.0005200906480576769,70.6559037850203
89.11366950702458,0.020998659452259018,0.11985245394491256,3.0443245429645995,0.9505687291224442,-1.7785325961791083,0.0005692675484322727,69.87377603472629
89.11366950702458,0.020998659452259018,0.11985245394491256,3.0443245429645995,0.9505687291224442,-1.7785325961791083,0.0005692675484322727,69.87377603472629
89.11366950702458,0.020998659452259018,0.11985245394491256,3.0443245429645995,0.9505687291224442,-1.7785325961791083,0.0005692675484322727,69.87377603472629
89.11366950702458,0.020998659452259018,0.11985245394491256,3.0443245429645995,0.9505687291224442,-1.7785325961791083,0.0005692675484322727,69.87377603472629
89.11366950702458,0.020998659452259018,0.11985245394491256,3.0443245429645995,0.9505687291224442,-1.7785325961791083,0.0005692675484322727,69.87377603472629
89.11366950702458,0.020998659452259018,0.11985245394491256,3.0443245429645995,0.9505687291224442,-1.7785325961791083,0.0005692675484322727,69.87377603472629
89.11366950702458,0.020998659452259018,0.11985245394491256,3.0443245429645995,0.9505687291224442,-1.7785325961791083,0.0005692675484322727,69.87377603472629
89.11366950702458,0.020998659452259018,0.11985245394491256,3.0443245429645995,0.9505687291224442,-1.7785325961791083,0.0005692675484322727,69.87377603472629
89.11366950702458,0.020998659452259018,0.11985245394491256,3.0443245429645995,0.9505687291224442,-1.7785325961791083,0.0005692675484322727,69.87377603472629
89.11366950702458,0.020998659452259018,0.11985245394491256,3.0443245429645995,0.9505687291224442,-1.7785325961791083,0.0005692675484322727,69.87377603472629
87.56859443654557,0.021362679706543562,0.12104166079480201,3.048364501453173,0.9467787493555891,-1.733614879720548,0.0005935787621249976,68.09994707742464
87.56859443654557,0.021362679706543562,0.12104166079480201,3.048364501453173,0.9467787493555891,-1.733614879720548,0.0005935787621249976,68.09994707742464
87.56859443654557,0.021362679706543562,0.12104166079480201,3.048364501453173,0.9467787493555891,-1.733614879720548,0.0005935787621249976,68.09994707742464
87.56859443654557,0.021362679706543562,0.12104166079480201,3.048364501453173,0.9467787493555891,-1.733614879720548,0.0005935787621249976,68.09994707742464
87.56859443654557,0.021362679706543562,0.12104166079480201,3.048364501453173,0.9467787493555891,-1.733614879720548,0.0005935787621249976,68.09994707742464
87.56859443654557,0.021362679706543562,0.12104166079480201,3.048364501453173,0.9467787493555891,-1.733614879720548,0.0005935787621249976,68.09994707742464
87.56859443654557,0.021362679706543562,0.12104166079480201,3.048364501453173,0.9467787493555891,-1.733614879720548,0.0005935787621249976,68.09994707742464
87.56859443654557,0.021362679706543562,0.12104166079480201,3.048364501453173,0.9467787493555891,-1.733614879720548,0.0005935787621249976,68.09994707742464
87.56859443654557,0.021362679706543562,0.12104166079480201,3.048364501453173,0.9467787493555891,-1.733614879720548,0.0005935787621249976,68.09994707742464
87.56859443654557,0.021362679706543562,0.12104166079480201,3.048364501453173,0.9467787493555891,-1.733614879720548,0.0005935787621249976,68.09994707742464
87.56859443654557,0.021362679706543562,0.12104166079480201,3.048364501453173,0.9467787493555891,-1.733614879720548,0.0005935787621249976,68.09994707742464
87.56859443654557,0.021362679706543562,0.12104166079480201,3.048364501453173,0.9467787493555891,-1.733614879720548,0.0005935787621249976,68.09994707742464
87.56859443654557,0.021362679706543562,0.12104166079480201,3.048364501453173,0.9467787493555891,-1.733614879720548,0.0005935787621249976,68.09994707742464
87.56859443654557,0.021362679706543562,0.12104166079480201,3.048364501453173,0.9467787493555891,-1.733614879720548,0.0005935787621249976,68.09994707742464
87.56859443654557,0.021362679706543562,0.12104166079480201,3.048364501453173,0.9467787493555891,-1.733614879720548,0.0005935787621249976,68.09994707742464
87.56859443654557,0.021362679706543562,0.12104166079480201,3.048364501453173,0.9467787493555891,-1.733614879720548,0.0005935787621249976,68.09994707742464
87.56859443654557,0.021362679706543562,0.12104166079480201,3.048364501453173,0.9467787493555891,-1.733614879720548,0.0005935787621249976,68.09994707742464
87.56859443654557,0.021362679706543562,0.12104166079480201,3.048364501453173,0.9467787493555891,-1.733614879720548,0.0005935787621249976,68.09994707742464
87.56859443654557,0.021362679706543562,0.12104166079480201,3.048364501453173,0.9467787493555891,-1.733614879720548,0.0005935787621249976,68.09994707742464
87.56859443654557,0.021362679706543562,0.12104166079480201,3.048364501453173,0.9467787493555891,-1.733614879720548,0.0005935787621249976,68.09994707742464
87.56859443654557,0.021362679706543562,0.12104166079480201,3.048364501453173,0.9467787493555891,-1.733614879720548,0.0005935787621249976,68.09994707742464
87.56859443654557,0.021362679706543562,0.12104166079480201,3.048364501453173,0.9467787493555891,-1.733614879720548,0.0005935787621249976,68.09994707742464
87.56859443654557,0.021362679706543562,0.12104166079480201,3.048364501453173,0.9467787493555891,-1.733614879720548,0.0005935787621249976,68.09994707742464
82.22163028176776,0.021117686081946897,0.11814371990491142,3.035667564802901,0.9520583525221176,-1.5157311548293253,0.0006507016740596611,75.46703139894488
82.22163028176776,0.021117686081946897,0.11814371990491142,3.035667564802901,0.9520583525221176,-1.5157311548293253,0.0006507016740596611,75.46703139894488
80.98978009658121,0.020842565725418673,0.12333447477112999,3.050340463739063,0.938006033092094,-1.6165404870626705,0.0005925783960143062,70.29975102027129
84.43799489799122,0.020908439237564677,0.12127542531006195,3.0473693224686857,0.9490329936895049,-1.6801282861664775,0.0005700753061062437,70.67262960864507
84.43799489799122,0.020908439237564677,0.12127542531006195,3.0473693224686857,0.9490329936895049,-1.6801282861664775,0.0005700753061062437,70.67262960864507
84.43799489799122,0.020908439237564677,0.12127542531006195,3.0473693224686857,0.9490329936895049,-1.6801282861664775,0.0005700753061062437,70.67262960864507
84.43799489799122,0.020908439237564677,0.12127542531006195,3.0473693224686857,0.9490329936895049,-1.6801282861664775,0.0005700753061062437,70.67262960864507
84.43799489799122,0.020908439237564677,0.12127542531006195,3.0473693224686857,0.9490329936895049,-1.6801282861664775,0.0005700753061062437,70.67262960864507
84.43799489799122,0.020908439237564677,0.12127542531006195,3.0473693224686857,0.9490329936895049,-1.6801282861664775,0.0005700753061062437,70.67262960864507
84.43799489799122,0.020908439237564677,0.12127542531006195,3.0473693224686857,0.9490329936895049,-1.6801282861664775,0.0005700753061062437,70.67262960864507
84.43799489799122,0.020908439237564677,0.12127542531006195,3.0473693224686857,0.9490329936895049,-1.6801282861664775,0.0005700753061062437,70.67262960864507
84.43799489799122,0.020908439237564677,0.12127542531006195,3.0473693224686857,0.9490329936895049,-1.6801282861664775,0.0005700753061062437,70.67262960864507
84.43799489799122,0.020908439237564677,0.12127542531006195,3.0473693224686857,0.9490329936895049,-1.6801282861664775,0.0005700753061062437,70.67262960864507
84.43799489799122,0.020908439237564677,0.12127542531006195,3.0473693224686857,0.9490329936895049,-1.6801282861664775,0.0005700753061062437,70.67262960864507
84.43799489799122,0.020908439237564677,0.12127542531006195,3.0473693224686857,0.9490329936895049,-1.6801282861664775,0.0005700753061062437,70.67262960864507
84.43799489799122,0.020908439237564677,0.12127542531006195,3.0473693224686857,0.9490329936895049,-1.6801282861664775,0.0005700753061062437,70.67262960864507
84.43799489799122,0.020908439237564677,0.12127542531006195,3.0473693224686857,0.9490329936895049,-1.6801282861664775,0.0005700753061062437,70.67262960864507
84.43799489799122,0.020908439237564677,0.12127542531006195,3.0473693224686857,0.9490329936895049,-1.6801282861664775,0.0005700753061062437,70.67262960864507
84.43799489799122,0.020908439237564677,0.12127542531006195,3.0473693224686857,0.9490329936895049,-1.6801282861664775,0.0005700753061062437,70.67262960864507
84.43799489799122,0.020908439237564677,0.12127542531006195,3.0473693224686857,0.9490329936895049,-1.6801282861664775,0.0005700753061062437,70.67262960864507
84.43799489799122,0.020908439237564677,0.12127542531006195,3.0473693224686857,0.9490329936895049,-1.6801282861664775,0.0005700753061062437,70.67262960864507
75.07288704452654,0.02076160756199832,0.12049929871673754,3.041260510235372,0.9475471468364186,-1.3454786801013352,0.0006294058279785083,77.30752137042067
80.76177847487543,0.021220523018640247,0.11739002275588792,3.036667195773958,0.9579387567457252,-1.4461022923906244,0.0006020583089309309,71.81247279932857
80.76177847487543,0.021220523018640247,0.11739002275588792,3.036667195773958,0.9579387567457252,-1.4461022923906244,0.0006020583089309309,71.81247279932857
80.76177847487543,0.021220523018640247,0.11739002275588792,3.036667195773958,0.9579387567457252,-1.4461022923906244,0.0006020583089309309,71.81247279932857
80.76177847487543,0.021220523018640247,0.11739002275588792,3.036667195773958,0.9579387567457252,-1.4461022923906244,0.0006020583089309309,71.81247279932857
80.76177847487543,0.021220523018640247,0.11739002275588792,3.036667195773958,0.9579387567457252,-1.4461022923906244,0.0006020583089309309,71.81247279932857
80.76177847487543,0.021220523018640247,0.11739002275588792,3.036667195773958,0.9579387567457252,-1.4461022923906244,0.0006020583089309309,71.81247279932857
80.76177847487543,0.021220523018640247,0.11739002275588792,3.036667195773958,0.9579387567457252,-1.4461022923906244,0.0006020583089309309,71.81247279932857
81.7188170516755,0.022068626657801144,0.11279596677452688,3.0310706110434174,0.9755193214358788,-1.3405787753682503,0.0005935293276493817,72.05540298450985
81.7188170516755,0.022068626657801144,0.11279596677452688,3.0310706110434174,0.9755193214358788,-1.3405787753682503,0.0005935293276493817,72.05540298450985
81.7188170516755,0.022068626657801144,0.11279596677452688,3.0310706110434174,0.9755193214358788,-1.3405787753682503,0.0005935293276493817,72.05540298450985
81.7188170516755,0.022068626657801144,0.11279596677452688,3.0310706110434174,0.9755193214358788,-1.3405787753682503,0.0005935293276493817,72.05540298450985
81.7188170516755,0.022068626657801144,0.11279596677452688,3.0310706110434174,0.9755193214358788,-1.3405787753682503,0.0005935293276493817,72.05540298450985
81.7188170516755,0.022068626657801144,0.11279596677452688,3.0310706110434174,0.9755193214358788,-1.3405787753682503,0.0005935293276493817,72.05540298450985
81.7188170516755,0.022068626657801144,0.11279596677452688,3.0310706110434174,0.9755193214358788,-1.3405787753682503,0.0005935293276493817,72.05540298450985
84.46414101348515,0.021772889868414323,0.11509695947324358,3.0336642485626624,0.9720711076894619,-1.472412847878923,0.0006090326104779476,72.82453197668956
84.46414101348515,0.021772889868414323,0.11509695947324358,3.0336642485626624,0.9720711076894619,-1.472412847878923,0.0006090326104779476,72.82453197668956
86.59360007575395,0.021704225299525304,0.11720083320720275,3.041687351972919,0.967094099792002,-1.5743400834387486,0.0005541600544818863,70.07480894285611
86.59360007575395,0.021704225299525304,0.11720083320720275,3.041687351972919,0.967094099792002,-1.5743400834387486,0.0005541600544818863,70.07480894285611
86.59360007575395,0.021704225299525304,0.11720083320720275,3.041687351972919,0.967094099792002,-1.5743400834387486,0.0005541600544818863,70.07480894285611
86.59360007575395,0.021704225299525304,0.11720083320720275,3.041687351972919,0.967094099792002,-1.5743400834387486,0.0005541600544818863,70.07480894285611
86.59360007575395,0.021704225299525304,0.11720083320720275,3.041687351972919,0.967094099792002,-1.5743400834387486,0.0005541600544818863,70.07480894285611
86.59360007575395,0.021704225299525304,0.11720083320720275,3.041687351972919,0.967094099792002,-1.5743400834387486,0.0005541600544818863,70.07480894285611
86.59360007575395,0.021704225299525304,0.11720083320720275,3.041687351972919,0.967094099792002,-1.5743400834387486,0.0005541600544818863,70.07480894285611
90.68549117646633,0.02182304914144041,0.11646583322493673,3.0413218440495946,0.9737092444265678,-1.6885089669770177,0.0005129935191113768,71.94635626313601
90.68549117646633,0.02182304914144041,0.11646583322493673,3.0413218440495946,0.9737092444265678,-1.6885089669770177,0.0005129935191113768,71.94635626313601
90.68549117646633,0.02182304914144041,0.11646583322493673,3.0413218440495946,0.9737092444265678,-1.6885089669770177,0.0005129935191113768,71.94635626313601
90.68549117646633,0.02182304914144041,0.11646583322493673,3.0413218440495946,0.9737092444265678,-1.6885089669770177,0.0005129935191113768,71.94635626313601
90.68549117646633,0.02182304914144041,0.11646583322493673,3.0413218440495946,0.9737092444265678,-1.6885089669770177,0.0005129935191113768,71.94635626313601
90.68549117646633,0.02182304914144041,0.11646583322493673,3.0413218440495946,0.9737092444265678,-1.6885089669770177,0.0005129935191113768,71.94635626313601
90.68549117646633,0.02182304914144041,0.11646583322493673,3.0413218440495946,0.9737092444265678,-1.6885089669770177,0.0005129935191113768,71.94635626313601
93.48513388551612,0.02190637128847323,0.11768144951311206,3.0463691133118695,0.9692283660066738,-1.7951981329521502,0.0005237215872804766,74.08706587579903
93.48513388551612,0.02190637128847323,0.11768144951311206,3.0463691133118695,0.9692283660066738,-1.7951981329521502,0.0005237215872804766,74.08706587579903
93.48513388551612,0.02190637128847323,0.11768144951311206,3.0463691133118695,0.9692283660066738,-1.7951981329521502,0.0005237215872804766,74.08706587579903
93.48513388551612,0.02190637128847323,0.11768144951311206,3.0463691133118695,0.9692283660066738,-1.7951981329521502,0.0005237215872804766,74.08706587579903
93.48513388551612,0.02190637128847323,0.11768144951311206,3.0463691133118695,0.9692283660066738,-1.7951981329521502,0.0005237215872804766,74.08706587579903
93.48513388551612,0.02190637128847323,0.11768144951311206,3.0463691133118695,0.9692283660066738,-1.7951981329521502,0.0005237215872804766,74.08706587579903
93.48513388551612,0.02190637128847323,0.11768144951311206,3.0463691133118695,0.9692283660066738,-1.7951981329521502,0.0005237215872804766,74.08706587579903
93.48513388551612,0.02190637128847323,0.11768144951311206,3.0463691133118695,0.9692283660066738,-1.7951981329521502,0.0005237215872804766,74.08706587579903
93.48513388551612,0.02190637128847323,0.11768144951311206,3.0463691133118695,0.9692283660066738,-1.7951981329521502,0.0005237215872804766,74.08706587579903
93.48513388551612,0.02190637128847323,0.11768144951311206,3.0463691133118695,0.9692283660066738,-1.7951981329521502,0.0005237215872804766,74.08706587579903
93.48513388551612,0.02190637128847323,0.11768144951311206,3.0463691133118695,0.9692283660066738,-1.7951981329521502,0.0005237215872804766,74.08706587579903
93.48513388551612,0.02190637128847323,0.11768144951311206,3.0463691133118695,0.9692283660066738,-1.7951981329521502,0.0005237215872804766,74.08706587579903
93.48513388551612,0.02190637128847323,0.11768144951311206,3.0463691133118695,0.9692283660066738,-1.7951981329521502,0.0005237215872804766,74.08706587579903
93.48513388551612,0.02190637128847323,0.11768144951311206,3.0463691133118695,0.9692283660066738,-1.7951981329521502,0.0005237215872804766,74.08706587579903
93.48513388551612,0.02190637128847323,0.11768144951311206,3.0463691133118695,0.9692283660066738,-1.7951981329521502,0.0005237215872804766,74.08706587579903
86.5741114959852,0.021352984809267412,0.11803641824242164,3.041211176618209,0.9621911029335718,-1.615775854583009,0.0005782410501622083,69.63630536709536
86.5741114959852,0.021352984809267412,0.11803641824242164,3.041211176618209,0.9621911029335718,-1.615775854583009,0.0005782410501622083,69.63630536709536
86.5741114959852,0.021352984809267412,0.11803641824242164,3.041211176618209,0.9621911029335718,-1.615775854583009,0.0005782410501622083,69.63630536709536
86.5741114959852,0.021352984809267412,0.11803641824242164,3.041211176618209,0.9621911029335718,-1.615775854583009,0.0005782410501622083,69.63630536709536
86.5741114959852,0.021352984809267412,0.11803641824242164,3.041211176618209,0.9621911029335718,-1.615775854583009,0.0005782410501622083,69.63630536709536
86.5741114959852,0.021352984809267412,0.11803641824242164,3.041211176618209,0.9621911029335718,-1.615775854583009,0.0005782410501622083,69.63630536709536
86.5741114959852,0.021352984809267412,0.11803641824242164,3.041211176618209,0.9621911029335718,-1.615775854583009,0.0005782410501622083,69.63630536709536
74.54002773501881,0.021534139141329497,0.11626178096576345,3.032903434416252,0.9618165106842507,-1.2143451051723184,0.0006481501122496418,73.60971738464838
74.54002773501881,0.021534139141329497,0.11626178096576345,3.032903434416252,0.9618165106842507,-1.2143451051723184,0.0006481501122496418,73.60971738464838
74.54002773501881,0.021534139141329497,0.11626178096576345,3.032903434416252,0.9618165106842507,-1.2143451051723184,0.0006481501122496418,73.60971738464838
74.54002773501881,0.021534139141329497,0.11626178096576345,3.032903434416252,0.9618165106842507,-1.2143451051723184,0.0006481501122496418,73.60971738464838
74.54002773501881,0.021534139141329497,0.11626178096576345,3.032903434416252,0.9618165106842507,-1.2143451051723184,0.0006481501122496418,73.60971738464838
74.54002773501881,0.021534139141329497,0.11626178096576345,3.032903434416252,0.9618165106842507,-1.2143451051723184,0.0006481501122496418,73.60971738464838
74.54002773501881,0.021534139141329497,0.11626178096576345,3.032903434416252,0.9618165106842507,-1.2143451051723184,0.0006481501122496418,73.60971738464838
74.54002773501881,0.021534139141329497,0.11626178096576345,3.032903434416252,0.9618165106842507,-1.2143451051723184,0.0006481501122496418,73.60971738464838
74.54002773501881,0.021534139141329497,0.11626178096576345,3.032903434416252,0.9618165106842507,-1.2143451051723184,0.0006481501122496418,73.60971738464838
74.54002773501881,0.021534139141329497,0.11626178096576345,3.032903434416252,0.9618165106842507,-1.2143451051723184,0.0006481501122496418,73.60971738464838
74.54002773501881,0.021534139141329497,0.11626178096576345,3.032903434416252,0.9618165106842507,-1.2143451051723184,0.0006481501122496418,73.60971738464838
72.32526533628864,0.02103359374329689,0.1226928966526685,3.05441737349997,0.9508302831390578,-1.3122728052062942,0.0005187442659894439,71.56166366939559
72.32526533628864,0.02103359374329689,0.1226928966526685,3.05441737349997,0.9508302831390578,-1.3122728052062942,0.0005187442659894439,71.56166366939559
74.9080474597662,0.021221665371409404,0.12154920859501252,3.053167413176715,0.9533332581682366,-1.346382573333126,0.0005153757419129113,66.16993386237246
71.96398373562361,0.020744787248110946,0.12499194801943157,3.0594405181454443,0.9413280213924404,-1.3544623064983163,0.0005059218028638447,68.14780280911883
71.96398373562361,0.020744787248110946,0.12499194801943157,3.0594405181454443,0.9413280213924404,-1.3544623064983163,0.0005059218028638447,68.14780280911883
71.96398373562361,0.020744787248110946,0.12499194801943157,3.0594405181454443,0.9413280213924404,-1.3544623064983163,0.0005059218028638447,68.14780280911883
71.96398373562361,0.020744787248110946,0.12499194801943157,3.0594405181454443,0.9413280213924404,-1.3544623064983163,0.0005059218028638447,68.14780280911883
71.96398373562361,0.020744787248110946,0.12499194801943157,3.0594405181454443,0.9413280213924404,-1.3544623064983163,0.0005059218028638447,68.14780280911883
71.96398373562361,0.020744787248110946,0.12499194801943157,3.0594405181454443,0.9413280213924404,-1.3544623064983163,0.0005059218028638447,68.14780280911883
71.96398373562361,0.020744787248110946,0.12499194801943157,3.0594405181454443,0.9413280213924404,-1.3544623064983163,0.0005059218028638447,68.14780280911883
71.96398373562361,0.020744787248110946,0.12499194801943157,3.0594405181454443,0.9413280213924404,-1.3544623064983163,0.0005059218028638447,68.14780280911883
71.96398373562361,0.020744787248110946,0.12499194801943157,3.0594405181454443,0.9413280213924404,-1.3544623064983163,0.0005059218028638447,68.14780280911883
71.96398373562361,0.020744787248110946,0.12499194801943157,3.0594405181454443,0.9413280213924404,-1.3544623064983163,0.0005059218028638447,68.14780280911883
71.96398373562361,0.020744787248110946,0.12499194801943157,3.0594405181454443,0.9413280213924404,-1.3544623064983163,0.0005059218028638447,68.14780280911883
71.96398373562361,0.020744787248110946,0.12499194801943157,3.0594405181454443,0.9413280213924404,-1.3544623064983163,0.0005059218028638447,68.14780280911883
71.96398373562361,0.020744787248110946,0.12499194801943157,3.0594405181454443,0.9413280213924404,-1.3544623064983163,0.0005059218028638447,68.14780280911883
71.96398373562361,0.020744787248110946,0.12499194801943157,3.0594405181454443,0.9413280213924404,-1.3544623064983163,0.0005059218028638447,68.14780280911883
71.96398373562361,0.020744787248110946,0.12499194801943157,3.0594405181454443,0.9413280213924404,-1.3544623064983163,0.0005059218028638447,68.14780280911883
71.96398373562361,0.020744787248110946,0.12499194801943157,3.0594405181454443,0.9413280213924404,-1.3544623064983163,0.0005059218028638447,68.14780280911883
78.67039105664414,0.021260982911156214,0.11885928397563522,3.0441673554641935,0.9583711571625928,-1.3953390435626631,0.0005799930762097041,69.57609886326902
78.67039105664414,0.021260982911156214,0.11885928397563522,3.0441673554641935,0.9583711571625928,-1.3953390435626631,0.0005799930762097041,69.57609886326902
78.67039105664414,0.021260982911156214,0.11885928397563522,3.0441673554641935,0.9583711571625928,-1.3953390435626631,0.0005799930762097041,69.57609886326902
78.67039105664414,0.021260982911156214,0.11885928397563522,3.0441673554641935,0.9583711571625928,-1.3953390435626631,0.0005799930762097041,69.57609886326902
78.49138290799841,0.021461730435509627,0.11577964799558757,3.037776152711168,0.9615775717611114,-1.3224389451146066,0.0006170954581250543,71.08265412577869
78.49138290799841,0.021461730435509627,0.11577964799558757,3.037776152711168,0.9615775717611114,-1.3224389451146066,0.0006170954581250543,71.08265412577869
78.49138290799841,0.021461730435509627,0.11577964799558757,3.037776152711168,0.9615775717611114,-1.3224389451146066,0.0006170954581250543,71.08265412577869
78.49138290799841,0.021461730435509627,0.11577964799558757,3.037776152711168,0.9615775717611114,-1.3224389451146066,0.0006170954581250543,71.08265412577869
78.49138290799841,0.021461730435509627,0.11577964799558757,3.037776152711168,0.9615775717611114,-1.3224389451146066,0.0006170954581250543,71.08265412577869
78.49138290799841,0.021461730435509627,0.11577964799558757,3.037776152711168,0.9615775717611114,-1.3224389451146066,0.0006170954581250543,71.08265412577869
78.49138290799841,0.021461730435509627,0.11577964799558757,3.037776152711168,0.9615775717611114,-1.3224389451146066,0.0006170954581250543,71.08265412577869
78.49138290799841,0.021461730435509627,0.11577964799558757,3.037776152711168,0.9615775717611114,-1.3224389451146066,0.0006170954581250543,71.08265412577869
78.49138290799841,0.021461730435509627,0.11577964799558757,3.037776152711168,0.9615775717611114,-1.3224389451146066,0.0006170954581250543,71.08265412577869
78.49138290799841,0.021461730435509627,0.11577964799558757,3.037776152711168,0.9615775717611114,-1.3224389451146066,0.0006170954581250543,71.08265412577869
78.49138290799841,0.021461730435509627,0.11577964799558757,3.037776152711168,0.9615775717611114,-1.3224389451146066,0.0006170954581250543,71.08265412577869
78.49138290799841,0.021461730435509627,0.11577964799558757,3.037776152711168,0.9615775717611114,-1.3224389451146066,0.0006170954581250543,71.08265412577869
76.1205468112256,0.021406802676253566,0.12056777413737296,3.054572636310133,0.9552171494455759,-1.3515078955699906,0.0004966511357375739,69.19436138542038
76.1205468112256,0.021406802676253566,0.12056777413737296,3.054572636310133,0.9552171494455759,-1.3515078955699906,0.0004966511357375739,69.19436138542038
76.1205468112256,0.021406802676253566,0.12056777413737296,3.054572636310133,0.9552171494455759,-1.3515078955699906,0.0004966511357375739,69.19436138542038
76.1205468112256,0.021406802676253566,0.12056777413737296,3.054572636310133,0.9552171494455759,-1.3515078955699906,0.0004966511357375739,69.19436138542038
76.1205468112256,0.021406802676253566,0.12056777413737296,3.054572636310133,0.9552171494455759,-1.3515078955699906,0.0004966511357375739,69.19436138542038
76.1205468112256,0.021406802676253566,0.12056777413737296,3.054572636310133,0.9552171494455759,-1.3515078955699906,0.0004966511357375739,69.19436138542038
76.1205468112256,0.021406802676253566,0.12056777413737296,3.054572636310133,0.9552171494455759,-1.3515078955699906,0.0004966511357375739,69.19436138542038
76.1205468112256,0.021406802676253566,0.12056777413737296,3.054572636310133,0.9552171494455759,-1.3515078955699906,0.0004966511357375739,69.19436138542038
76.1205468112256,0.021406802676253566,0.12056777413737296,3.054572636310133,0.9552171494455759,-1.3515078955699906,0.0004966511357375739,69.19436138542038
76.1205468112256,0.021406802676253566,0.12056777413737296,3.054572636310133,0.9552171494455759,-1.3515078955699906,0.0004966511357375739,69.19436138542038
84.79149371728016,0.021164946424379313,0.1231867460208354,3.0605235947729406,0.9512129745198203,-1.7242883031494216,0.00042726861377565656,70.14086104689088
84.79149371728016,0.021164946424379313,0.1231867460208354,3.0605235947729406,0.9512129745198203,-1.7242883031494216,0.00042726861377565656,70.14086104689088
84.79149371728016,0.021164946424379313,0.1231867460208354,3.0605235947729406,0.9512129745198203,-1.7242883031494216,0.00042726861377565656,70.14086104689088
75.86822176811002,0.0210164381913143,0.12271761060253478,3.05657274865175,0.9456469671083091,-1.4155426206802324,0.0005077294400486618,66.77921826454264
75.86822176811002,0.0210164381913143,0.12271761060253478,3.05657274865175,0.9456469671083091,-1.4155426206802324,0.0005077294400486618,66.77921826454264
75.86822176811002,0.0210164381913143,0.12271761060253478,3.05657274865175,0.9456469671083091,-1.4155426206802324,0.0005077294400486618,66.77921826454264
75.86822176811002,0.0210164381913143,0.12271761060253478,3.05657274865175,0.9456469671083091,-1.4155426206802324,0.0005077294400486618,66.77921826454264
75.86822176811002,0.0210164381913143,0.12271761060253478,3.05657274865175,0.9456469671083091,-1.4155426206802324,0.0005077294400486618,66.77921826454264
75.86822176811002,0.0210164381913143,0.12271761060253478,3.05657274865175,0.9456469671083091,-1.4155426206802324,0.0005077294400486618,66.77921826454264
75.86822176811002,0.0210164381913143,0.12271761060253478,3.05657274865175,0.9456469671083091,-1.4155426206802324,0.0005077294400486618,66.77921826454264
75.86822176811002,0.0210164381913143,0.12271761060253478,3.05657274865175,0.9456469671083091,-1.4155426206802324,0.0005077294400486618,66.77921826454264
75.86822176811002,0.0210164381913143,0.12271761060253478,3.05657274865175,0.9456469671083091,-1.4155426206802324,0.0005077294400486618,66.77921826454264
75.86822176811002,0.0210164381913143,0.12271761060253478,3.05657274865175,0.9456469671083091,-1.4155426206802324,0.0005077294400486618,66.77921826454264
75.86822176811002,0.0210164381913143,0.12271761060253478,3.05657274865175,0.9456469671083091,-1.4155426206802324,0.0005077294400486618,66.77921826454264
75.86822176811002,0.0210164381913143,0.12271761060253478,3.05657274865175,0.9456469671083091,-1.4155426206802324,0.0005077294400486618,66.77921826454264
72.32744456380495,0.02079161279055172,0.12349905307478018,3.0542591706961915,0.9415099635824742,-1.3416655866583533,0.0005665138648340907,74.48351225746673
72.32744456380495,0.02079161279055172,0.12349905307478018,3.0542591706961915,0.9415099635824742,-1.3416655866583533,0.0005665138648340907,74.48351225746673
72.32744456380495,0.02079161279055172,0.12349905307478018,3.0542591706961915,0.9415099635824742,-1.3416655866583533,0.0005665138648340907,74.48351225746673
72.32744456380495,0.02079161279055172,0.12349905307478018,3.0542591706961915,0.9415099635824742,-1.3416655866583533,0.0005665138648340907,74.48351225746673
74.74623366424254,0.020554355434264492,0.12412535230211914,3.0514411119599516,0.9342509614654215,-1.4211272087694309,0.0005862114998493213,76.62294148951051
74.74623366424254,0.020554355434264492,0.12412535230211914,3.0514411119599516,0.9342509614654215,-1.4211272087694309,0.0005862114998493213,76.62294148951051
74.74623366424254,0.020554355434264492,0.12412535230211914,3.0514411119599516,0.9342509614654215,-1.4211272087694309,0.0005862114998493213,76.62294148951051
74.74623366424254,0.020554355434264492,0.12412535230211914,3.0514411119599516,0.9342509614654215,-1.4211272087694309,0.0005862114998493213,76.62294148951051
74.74623366424254,0.020554355434264492,0.12412535230211914,3.0514411119599516,0.9342509614654215,-1.4211272087694309,0.0005862114998493213,76.62294148951051
72.66298251177162,0.020730824130828666,0.12287989729153129,3.0431864654126617,0.93194730110622,-1.3257966209364753,0.0006657592295977328,82.45825097255424
72.66298251177162,0.020730824130828666,0.12287989729153129,3.0431864654126617,0.93194730110622,-1.3257966209364753,0.0006657592295977328,82.45825097255424
72.66298251177162,0.020730824130828666,0.12287989729153129,3.0431864654126617,0.93194730110622,-1.3257966209364753,0.0006657592295977328,82.45825097255424
74.44086240234799,0.0208957094719477,0.1208573394682319,3.0391713779338705,0.9423165471491515,-1.3220585636214217,0.0006748142008991587,80.28957291889252
74.44086240234799,0.0208957094719477,0.1208573394682319,3.0391713779338705,0.9423165471491515,-1.3220585636214217,0.0006748142008991587,80.28957291889252
74.44086240234799,0.0208957094719477,0.1208573394682319,3.0391713779338705,0.9423165471491515,-1.3220585636214217,0.0006748142008991587,80.28957291889252
74.44086240234799,0.0208957094719477,0.1208573394682319,3.0391713779338705,0.9423165471491515,-1.3220585636214217,0.0006748142008991587,80.28957291889252
74.44086240234799,0.0208957094719477,0.1208573394682319,3.0391713779338705,0.9423165471491515,-1.3220585636214217,0.0006748142008991587,80.28957291889252
74.44086240234799,0.0208957094719477,0.1208573394682319,3.0391713779338705,0.9423165471491515,-1.3220585636214217,0.0006748142008991587,80.28957291889252
74.44086240234799,0.0208957094719477,0.1208573394682319,3.0391713779338705,0.9423165471491515,-1.3220585636214217,0.0006748142008991587,80.28957291889252
74.44086240234799,0.0208957094719477,0.1208573394682319,3.0391713779338705,0.9423165471491515,-1.3220585636214217,0.0006748142008991587,80.28957291889252
74.44086240234799,0.0208957094719477,0.1208573394682319,3.0391713779338705,0.9423165471491515,-1.3220585636214217,0.0006748142008991587,80.28957291889252
74.44086240234799,0.0208957094719477,0.1208573394682319,3.0391713779338705,0.9423165471491515,-1.3220585636214217,0.0006748142008991587,80.28957291889252
74.44086240234799,0.0208957094719477,0.1208573394682319,3.0391713779338705,0.9423165471491515,-1.3220585636214217,0.0006748142008991587,80.28957291889252
94.11571689169125,0.02119387923709854,0.12243028365413729,3.048103262123082,0.9518004906518551,-1.9439157945860637,0.0005994288310465275,80.33566619266396
86.58640922468003,0.02136877641240066,0.12017487141543189,3.040746061152641,0.9512793010156128,-1.6409095639801516,0.0007142130814074004,82.18897750945928
86.58640922468003,0.02136877641240066,0.12017487141543189,3.040746061152641,0.9512793010156128,-1.6409095639801516,0.0007142130814074004,82.18897750945928
86.58640922468003,0.02136877641240066,0.12017487141543189,3.040746061152641,0.9512793010156128,-1.6409095639801516,0.0007142130814074004,82.18897750945928
86.58640922468003,0.02136877641240066,0.12017487141543189,3.040746061152641,0.9512793010156128,-1.6409095639801516,0.0007142130814074004,82.18897750945928
86.58640922468003,0.02136877641240066,0.12017487141543189,3.040746061152641,0.9512793010156128,-1.6409095639801516,0.0007142130814074004,82.18897750945928
86.58640922468003,0.02136877641240066,0.12017487141543189,3.040746061152641,0.9512793010156128,-1.6409095639801516,0.0007142130814074004,82.18897750945928
86.58640922468003,0.02136877641240066,0.12017487141543189,3.040746061152641,0.9512793010156128,-1.6409095639801516,0.0007142130814074004,82.18897750945928
86.58640922468003,0.02136877641240066,0.12017487141543189,3.040746061152641,0.9512793010156128,-1.6409095639801516,0.0007142130814074004,82.18897750945928
86.58640922468003,0.02136877641240066,0.12017487141543189,3.040746061152641,0.9512793010156128,-1.6409095639801516,0.0007142130814074004,82.18897750945928
86.58640922468003,0.02136877641240066,0.12017487141543189,3.040746061152641,0.9512793010156128,-1.6409095639801516,0.0007142130814074004,82.18897750945928
86.58640922468003,0.02136877641240066,0.12017487141543189,3.040746061152641,0.9512793010156128,-1.6409095639801516,0.0007142130814074004,82.18897750945928
86.58640922468003,0.02136877641240066,0.12017487141543189,3.040746061152641,0.9512793010156128,-1.6409095639801516,0.0007142130814074004,82.18897750945928
86.58640922468003,0.02136877641240066,0.12017487141543189,3.040746061152641,0.9512793010156128,-1.6409095639801516,0.0007142130814074004,82.18897750945928
86.58640922468003,0.02136877641240066,0.12017487141543189,3.040746061152641,0.9512793010156128,-1.6409095639801516,0.0007142130814074004,82.18897750945928
86.58640922468003,0.02136877641240066,0.12017487141543189,3.040746061152641,0.9512793010156128,-1.6409095639801516,0.0007142130814074004,82.18897750945928
86.58640922468003,0.02136877641240066,0.12017487141543189,3.040746061152641,0.9512793010156128,-1.6409095639801516,0.0007142130814074004,82.18897750945928
86.58640922468003,0.02136877641240066,0.12017487141543189,3.040746061152641,0.9512793010156128,-1.6409095639801516,0.0007142130814074004,82.18897750945928
86.58640922468003,0.02136877641240066,0.12017487141543189,3.040746061152641,0.9512793010156128,-1.6409095639801516,0.0007142130814074004,82.18897750945928
86.58640922468003,0.02136877641240066,0.12017487141543189,3.040746061152641,0.9512793010156128,-1.6409095639801516,0.0007142130814074004,82.18897750945928
86.58640922468003,0.02136877641240066,0.12017487141543189,3.040746061152641,0.9512793010156128,-1.6409095639801516,0.0007142130814074004,82.18897750945928
86.58640922468003,0.02136877641240066,0.12017487141543189,3.040746061152641,0.9512793010156128,-1.6409095639801516,0.0007142130814074004,82.18897750945928
86.58640922468003,0.02136877641240066,0.12017487141543189,3.040746061152641,0.9512793010156128,-1.6409095639801516,0.0007142130814074004,82.18897750945928
86.58640922468003,0.02136877641240066,0.12017487141543189,3.040746061152641,0.9512793010156128,-1.6409095639801516,0.0007142130814074004,82.18897750945928
86.58640922468003,0.02136877641240066,0.12017487141543189,3.040746061152641,0.9512793010156128,-1.6409095639801516,0.0007142130814074004,82.18897750945928
86.58640922468003,0.02136877641240066,0.12017487141543189,3.040746061152641,0.9512793010156128,-1.6409095639801516,0.0007142130814074004,82.18897750945928
86.58640922468003,0.02136877641240066,0.12017487141543189,3.040746061152641,0.9512793010156128,-1.6409095639801516,0.0007142130814074004,82.18897750945928
86.58640922468003,0.02136877641240066,0.12017487141543189,3.040746061152641,0.9512793010156128,-1.6409095639801516,0.0007142130814074004,82.18897750945928
70.43710360130584,0.0213746784843886,0.12067879426465672,3.0427609673056133,0.9533245648543415,-1.1590449247104875,0.0006929224750582206,82.241471088809
66.80451722665218,0.021168994610667534,0.12664259245480833,3.060720924986394,0.9314111750256838,-1.1191991704743736,0.0006667916326860968,82.89548648372856
66.80451722665218,0.021168994610667534,0.12664259245480833,3.060720924986394,0.9314111750256838,-1.1191991704743736,0.0006667916326860968,82.89548648372856
63.476413995836566,0.02154778801385086,0.12460802718856619,3.0603094677643456,0.9425781501726385,-0.9625551366923737,0.0006256419815564633,84.38282288826704
62.58295504326334,0.021328707521210986,0.12270734129168545,3.052833499992171,0.9448455945956044,-0.9010267679672668,0.0006483864768576483,73.84160060954446
61.97819635747064,0.021210498642905494,0.12156339435810971,3.049126556710472,0.9497867130319881,-0.8667385426509362,0.0006331819130309849,71.90189475455853
61.97819635747064,0.021210498642905494,0.12156339435810971,3.049126556710472,0.9497867130319881,-0.8667385426509362,0.0006331819130309849,71.90189475455853
61.97819635747064,0.021210498642905494,0.12156339435810971,3.049126556710472,0.9497867130319881,-0.8667385426509362,0.0006331819130309849,71.90189475455853
61.97819635747064,0.021210498642905494,0.12156339435810971,3.049126556710472,0.9497867130319881,-0.8667385426509362,0.0006331819130309849,71.90189475455853
61.97819635747064,0.021210498642905494,0.12156339435810971,3.049126556710472,0.9497867130319881,-0.8667385426509362,0.0006331819130309849,71.90189475455853
61.97819635747064,0.021210498642905494,0.12156339435810971,3.049126556710472,0.9497867130319881,-0.8667385426509362,0.0006331819130309849,71.90189475455853
61.97819635747064,0.021210498642905494,0.12156339435810971,3.049126556710472,0.9497867130319881,-0.8667385426509362,0.0006331819130309849,71.90189475455853
61.97819635747064,0.021210498642905494,0.12156339435810971,3.049126556710472,0.9497867130319881,-0.8667385426509362,0.0006331819130309849,71.90189475455853
61.97819635747064,0.021210498642905494,0.12156339435810971,3.049126556710472,0.9497867130319881,-0.8667385426509362,0.0006331819130309849,71.90189475455853
61.97819635747064,0.021210498642905494,0.12156339435810971,3.049126556710472,0.9497867130319881,-0.8667385426509362,0.0006331819130309849,71.90189475455853
61.97819635747064,0.021210498642905494,0.12156339435810971,3.049126556710472,0.9497867130319881,-0.8667385426509362,0.0006331819130309849,71.90189475455853
61.97819635747064,0.021210498642905494,0.12156339435810971,3.049126556710472,0.9497867130319881,-0.8667385426509362,0.0006331819130309849,71.90189475455853
61.97819635747064,0.021210498642905494,0.12156339435810971,3.049126556710472,0.9497867130319881,-0.8667385426509362,0.0006331819130309849,71.90189475455853
61.97819635747064,0.021210498642905494,0.12156339435810971,3.049126556710472,0.9497867130319881,-0.8667385426509362,0.0006331819130309849,71.90189475455853
61.97819635747064,0.021210498642905494,0.12156339435810971,3.049126556710472,0.9497867130319881,-0.8667385426509362,0.0006331819130309849,71.90189475455853
61.97819635747064,0.021210498642905494,0.12156339435810971,3.049126556710472,0.9497867130319881,-0.8667385426509362,0.0006331819130309849,71.90189475455853
61.97819635747064,0.021210498642905494,0.12156339435810971,3.049126556710472,0.9497867130319881,-0.8667385426509362,0.0006331819130309849,71.90189475455853
61.97819635747064,0.021210498642905494,0.12156339435810971,3.049126556710472,0.9497867130319881,-0.8667385426509362,0.0006331819130309849,71.90189475455853
61.97819635747064,0.021210498642905494,0.12156339435810971,3.049126556710472,0.9497867130319881,-0.8667385426509362,0.0006331819130309849,71.90189475455853
61.97819635747064,0.021210498642905494,0.12156339435810971,3.049126556710472,0.9497867130319881,-0.8667385426509362,0.0006331819130309849,71.90189475455853
61.97819635747064,0.021210498642905494,0.12156339435810971,3.049126556710472,0.9497867130319881,-0.8667385426509362,0.0006331819130309849,71.90189475455853
61.97819635747064,0.021210498642905494,0.12156339435810971,3.049126556710472,0.9497867130319881,-0.8667385426509362,0.0006331819130309849,71.90189475455853
61.97819635747064,0.021210498642905494,0.12156339435810971,3.049126556710472,0.9497867130319881,-0.8667385426509362,0.0006331819130309849,71.90189475455853
61.97819635747064,0.021210498642905494,0.12156339435810971,3.049126556710472,0.9497867130319881,-0.8667385426509362,0.0006331819130309849,71.90189475455853
61.97819635747064,0.021210498642905494,0.12156339435810971,3.049126556710472,0.9497867130319881,-0.8667385426509362,0.0006331819130309849,71.90189475455853
61.97819635747064,0.021210498642905494,0.12156339435810971,3.049126556710472,0.9497867130319881,-0.8667385426509362,0.0006331819130309849,71.90189475455853
61.97819635747064,0.021210498642905494,0.12156339435810971,3.049126556710472,0.9497867130319881,-0.8667385426509362,0.0006331819130309849,71.90189475455853
61.97819635747064,0.021210498642905494,0.12156339435810971,3.049126556710472,0.9497867130319881,-0.8667385426509362,0.0006331819130309849,71.90189475455853
61.97819635747064,0.021210498642905494,0.12156339435810971,3.049126556710472,0.9497867130319881,-0.8667385426509362,0.0006331819130309849,71.90189475455853
61.97819635747064,0.021210498642905494,0.12156339435810971,3.049126556710472,0.9497867130319881,-0.8667385426509362,0.0006331819130309849,71.90189475455853
61.97819635747064,0.021210498642905494,0.12156339435810971,3.049126556710472,0.9497867130319881,-0.8667385426509362,0.0006331819130309849,71.90189475455853
61.97819635747064,0.021210498642905494,0.12156339435810971,3.049126556710472,0.9497867130319881,-0.8667385426509362,0.0006331819130309849,71.90189475455853
61.97819635747064,0.021210498642905494,0.12156339435810971,3.049126556710472,0.9497867130319881,-0.8667385426509362,0.0006331819130309849,71.90189475455853
61.97819635747064,0.021210498642905494,0.12156339435810971,3.049126556710472,0.9497867130319881,-0.8667385426509362,0.0006331819130309849,71.90189475455853
61.97819635747064,0.021210498642905494,0.12156339435810971,3.049126556710472,0.9497867130319881,-0.8667385426509362,0.0006331819130309849,71.90189475455853
62.05573895946071,0.021371509944021094,0.12112319254258375,3.049562440197138,0.9511891614885261,-0.8591374075587966,0.0006075039430072475,70.98010739728328
62.05573895946071,0.021371509944021094,0.12112319254258375,3.049562440197138,0.9511891614885261,-0.8591374075587966,0.0006075039430072475,70.98010739728328
62.05573895946071,0.021371509944021094,0.12112319254258375,3.049562440197138,0.9511891614885261,-0.8591374075587966,0.0006075039430072475,70.98010739728328
62.05573895946071,0.021371509944021094,0.12112319254258375,3.049562440197138,0.9511891614885261,-0.8591374075587966,0.0006075039430072475,70.98010739728328
62.05573895946071,0.021371509944021094,0.12112319254258375,3.049562440197138,0.9511891614885261,-0.8591374075587966,0.0006075039430072475,70.98010739728328
62.05573895946071,0.021371509944021094,0.12112319254258375,3.049562440197138,0.9511891614885261,-0.8591374075587966,0.0006075039430072475,70.98010739728328
62.05573895946071,0.021371509944021094,0.12112319254258375,3.049562440197138,0.9511891614885261,-0.8591374075587966,0.0006075039430072475,70.98010739728328
62.05573895946071,0.021371509944021094,0.12112319254258375,3.049562440197138,0.9511891614885261,-0.8591374075587966,0.0006075039430072475,70.98010739728328
62.05573895946071,0.021371509944021094,0.12112319254258375,3.049562440197138,0.9511891614885261,-0.8591374075587966,0.0006075039430072475,70.98010739728328
62.05573895946071,0.021371509944021094,0.12112319254258375,3.049562440197138,0.9511891614885261,-0.8591374075587966,0.0006075039430072475,70.98010739728328
62.05573895946071,0.021371509944021094,0.12112319254258375,3.049562440197138,0.9511891614885261,-0.8591374075587966,0.0006075039430072475,70.98010739728328
62.05573895946071,0.021371509944021094,0.12112319254258375,3.049562440197138,0.9511891614885261,-0.8591374075587966,0.0006075039430072475,70.98010739728328
62.05573895946071,0.021371509944021094,0.12112319254258375,3.049562440197138,0.9511891614885261,-0.8591374075587966,0.0006075039430072475,70.98010739728328
52.841061380456296,0.021366644860271275,0.11751684226734356,3.0384940537919776,0.956893186200935,-0.4842295958227486,0.0006550865683195941,71.17929568059358
52.841061380456296,0.021366644860271275,0.11751684226734356,3.0384940537919776,0.956893186200935,-0.4842295958227486,0.0006550865683195941,71.17929568059358
52.841061380456296,0.021366644860271275,0.11751684226734356,3.0384940537919776,0.956893186200935,-0.4842295958227486,0.0006550865683195941,71.17929568059358
52.841061380456296,0.021366644860271275,0.11751684226734356,3.0384940537919776,0.956893186200935,-0.4842295958227486,0.0006550865683195941,71.17929568059358
52.841061380456296,0.021366644860271275,0.11751684226734356,3.0384940537919776,0.956893186200935,-0.4842295958227486,0.0006550865683195941,71.17929568059358
52.841061380456296,0.021366644860271275,0.11751684226734356,3.0384940537919776,0.956893186200935,-0.4842295958227486,0.0006550865683195941,71.17929568059358
52.841061380456296,0.021366644860271275,0.11751684226734356,3.0384940537919776,0.956893186200935,-0.4842295958227486,0.0006550865683195941,71.17929568059358
52.841061380456296,0.021366644860271275,0.11751684226734356,3.0384940537919776,0.956893186200935,-0.4842295958227486,0.0006550865683195941,71.17929568059358
52.841061380456296,0.021366644860271275,0.11751684226734356,3.0384940537919776,0.956893186200935,-0.4842295958227486,0.0006550865683195941,71.17929568059358
52.841061380456296,0.021366644860271275,0.11751684226734356,3.0384940537919776,0.956893186200935,-0.4842295958227486,0.0006550865683195941,71.17929568059358
52.841061380456296,0.021366644860271275,0.11751684226734356,3.0384940537919776,0.956893186200935,-0.4842295958227486,0.0006550865683195941,71.17929568059358
52.841061380456296,0.021366644860271275,0.11751684226734356,3.0384940537919776,0.956893186200935,-0.4842295958227486,0.0006550865683195941,71.17929568059358
52.841061380456296,0.021366644860271275,0.11751684226734356,3.0384940537919776,0.956893186200935,-0.4842295958227486,0.0006550865683195941,71.17929568059358
52.841061380456296,0.021366644860271275,0.11751684226734356,3.0384940537919776,0.956893186200935,-0.4842295958227486,0.0006550865683195941,71.17929568059358
52.841061380456296,0.021366644860271275,0.11751684226734356,3.0384940537919776,0.956893186200935,-0.4842295958227486,0.0006550865683195941,71.17929568059358
52.841061380456296,0.021366644860271275,0.11751684226734356,3.0384940537919776,0.956893186200935,-0.4842295958227486,0.0006550865683195941,71.17929568059358
52.841061380456296,0.021366644860271275,0.11751684226734356,3.0384940537919776,0.956893186200935,-0.4842295958227486,0.0006550865683195941,71.17929568059358
52.841061380456296,0.021366644860271275,0.11751684226734356,3.0384940537919776,0.956893186200935,-0.4842295958227486,0.0006550865683195941,71.17929568059358
52.841061380456296,0.021366644860271275,0.11751684226734356,3.0384940537919776,0.956893186200935,-0.4842295958227486,0.0006550865683195941,71.17929568059358
52.841061380456296,0.021366644860271275,0.11751684226734356,3.0384940537919776,0.956893186200935,-0.4842295958227486,0.0006550865683195941,71.17929568059358
52.841061380456296,0.021366644860271275,0.11751684226734356,3.0384940537919776,0.956893186200935,-0.4842295958227486,0.0006550865683195941,71.17929568059358
52.841061380456296,0.021366644860271275,0.11751684226734356,3.0384940537919776,0.956893186200935,-0.4842295958227486,0.0006550865683195941,71.17929568059358
52.841061380456296,0.021366644860271275,0.11751684226734356,3.0384940537919776,0.956893186200935,-0.4842295958227486,0.0006550865683195941,71.17929568059358
52.841061380456296,0.021366644860271275,0.11751684226734356,3.0384940537919776,0.956893186200935,-0.4842295958227486,0.0006550865683195941,71.17929568059358
52.841061380456296,0.021366644860271275,0.11751684226734356,3.0384940537919776,0.956893186200935,-0.4842295958227486,0.0006550865683195941,71.17929568059358
56.81454434285982,0.021064414400102087,0.11985936752593164,3.0432601206496233,0.9477087641766659,-0.6548882221897407,0.0006706426569784444,74.29203400541144
56.81454434285982,0.021064414400102087,0.11985936752593164,3.0432601206496233,0.9477087641766659,-0.6548882221897407,0.0006706426569784444,74.29203400541144
56.81454434285982,0.021064414400102087,0.11985936752593164,3.0432601206496233,0.9477087641766659,-0.6548882221897407,0.0006706426569784444,74.29203400541144
56.81454434285982,0.021064414400102087,0.11985936752593164,3.0432601206496233,0.9477087641766659,-0.6548882221897407,0.0006706426569784444,74.29203400541144
56.81454434285982,0.021064414400102087,0.11985936752593164,3.0432601206496233,0.9477087641766659,-0.6548882221897407,0.0006706426569784444,74.29203400541144
56.81454434285982,0.021064414400102087,0.11985936752593164,3.0432601206496233,0.9477087641766659,-0.6548882221897407,0.0006706426569784444,74.29203400541144
56.81454434285982,0.021064414400102087,0.11985936752593164,3.0432601206496233,0.9477087641766659,-0.6548882221897407,0.0006706426569784444,74.29203400541144
58.36716937662249,0.021062916640189576,0.12076342006523014,3.051372002826665,0.9500421959751749,-0.7313418773443844,0.0005777115384161801,70.52398410854886
58.36716937662249,0.021062916640189576,0.12076342006523014,3.051372002826665,0.9500421959751749,-0.7313418773443844,0.0005777115384161801,70.52398410854886
58.36716937662249,0.021062916640189576,0.12076342006523014,3.051372002826665,0.9500421959751749,-0.7313418773443844,0.0005777115384161801,70.52398410854886
58.36716937662249,0.021062916640189576,0.12076342006523014,3.051372002826665,0.9500421959751749,-0.7313418773443844,0.0005777115384161801,70.52398410854886
58.36716937662249,0.021062916640189576,0.12076342006523014,3.051372002826665,0.9500421959751749,-0.7313418773443844,0.0005777115384161801,70.52398410854886
58.36716937662249,0.021062916640189576,0.12076342006523014,3.051372002826665,0.9500421959751749,-0.7313418773443844,0.0005777115384161801,70.52398410854886
58.36716937662249,0.021062916640189576,0.12076342006523014,3.051372002826665,0.9500421959751749,-0.7313418773443844,0.0005777115384161801,70.52398410854886
58.36716937662249,0.021062916640189576,0.12076342006523014,3.051372002826665,0.9500421959751749,-0.7313418773443844,0.0005777115384161801,70.52398410854886
58.36716937662249,0.021062916640189576,0.12076342006523014,3.051372002826665,0.9500421959751749,-0.7313418773443844,0.0005777115384161801,70.52398410854886
58.36716937662249,0.021062916640189576,0.12076342006523014,3.051372002826665,0.9500421959751749,-0.7313418773443844,0.0005777115384161801,70.52398410854886
58.36716937662249,0.021062916640189576,0.12076342006523014,3.051372002826665,0.9500421959751749,-0.7313418773443844,0.0005777115384161801,70.52398410854886
58.36716937662249,0.021062916640189576,0.12076342006523014,3.051372002826665,0.9500421959751749,-0.7313418773443844,0.0005777115384161801,70.52398410854886
58.36716937662249,0.021062916640189576,0.12076342006523014,3.051372002826665,0.9500421959751749,-0.7313418773443844,0.0005777115384161801,70.52398410854886
58.36716937662249,0.021062916640189576,0.12076342006523014,3.051372002826665,0.9500421959751749,-0.7313418773443844,0.0005777115384161801,70.52398410854886
58.36716937662249,0.021062916640189576,0.12076342006523014,3.051372002826665,0.9500421959751749,-0.7313418773443844,0.0005777115384161801,70.52398410854886
58.36716937662249,0.021062916640189576,0.12076342006523014,3.051372002826665,0.9500421959751749,-0.7313418773443844,0.0005777115384161801,70.52398410854886
58.36716937662249,0.021062916640189576,0.12076342006523014,3.051372002826665,0.9500421959751749,-0.7313418773443844,0.0005777115384161801,70.52398410854886
58.36716937662249,0.021062916640189576,0.12076342006523014,3.051372002826665,0.9500421959751749,-0.7313418773443844,0.0005777115384161801,70.52398410854886
58.36716937662249,0.021062916640189576,0.12076342006523014,3.051372002826665,0.9500421959751749,-0.7313418773443844,0.0005777115384161801,70.52398410854886
58.36716937662249,0.021062916640189576,0.12076342006523014,3.051372002826665,0.9500421959751749,-0.7313418773443844,0.0005777115384161801,70.52398410854886
58.36716937662249,0.021062916640189576,0.12076342006523014,3.051372002826665,0.9500421959751749,-0.7313418773443844,0.0005777115384161801,70.52398410854886
58.36716937662249,0.021062916640189576,0.12076342006523014,3.051372002826665,0.9500421959751749,-0.7313418773443844,0.0005777115384161801,70.52398410854886
58.36716937662249,0.021062916640189576,0.12076342006523014,3.051372002826665,0.9500421959751749,-0.7313418773443844,0.0005777115384161801,70.52398410854886
58.36716937662249,0.021062916640189576,0.12076342006523014,3.051372002826665,0.9500421959751749,-0.7313418773443844,0.0005777115384161801,70.52398410854886
58.36716937662249,0.021062916640189576,0.12076342006523014,3.051372002826665,0.9500421959751749,-0.7313418773443844,0.0005777115384161801,70.52398410854886
58.36716937662249,0.021062916640189576,0.12076342006523014,3.051372002826665,0.9500421959751749,-0.7313418773443844,0.0005777115384161801,70.52398410854886
58.36716937662249,0.021062916640189576,0.12076342006523014,3.051372002826665,0.9500421959751749,-0.7313418773443844,0.0005777115384161801,70.52398410854886
58.36716937662249,0.021062916640189576,0.12076342006523014,3.051372002826665,0.9500421959751749,-0.7313418773443844,0.0005777115384161801,70.52398410854886
58.36716937662249,0.021062916640189576,0.12076342006523014,3.051372002826665,0.9500421959751749,-0.7313418773443844,0.0005777115384161801,70.52398410854886
58.36716937662249,0.021062916640189576,0.12076342006523014,3.051372002826665,0.9500421959751749,-0.7313418773443844,0.0005777115384161801,70.52398410854886
58.36716937662249,0.021062916640189576,0.12076342006523014,3.051372002826665,0.9500421959751749,-0.7313418773443844,0.0005777115384161801,70.52398410854886
58.36716937662249,0.021062916640189576,0.12076342006523014,3.051372002826665,0.9500421959751749,-0.7313418773443844,0.0005777115384161801,70.52398410854886
58.36716937662249,0.021062916640189576,0.12076342006523014,3.051372002826665,0.9500421959751749,-0.7313418773443844,0.0005777115384161801,70.52398410854886
58.10111517839164,0.02112698150128243,0.12282970344081871,3.054928331839885,0.9529532724811554,-0.7517130634121172,0.0005655746697385506,74.72841832589874
58.10111517839164,0.02112698150128243,0.12282970344081871,3.054928331839885,0.9529532724811554,-0.7517130634121172,0.0005655746697385506,74.72841832589874
58.29570009947103,0.020872398135639007,0.12178539206363433,3.053572182007641,0.9581024796916513,-0.7618861894796812,0.0004945005449666475,76.32755566968518
58.29570009947103,0.020872398135639007,0.12178539206363433,3.053572182007641,0.9581024796916513,-0.7618861894796812,0.0004945005449666475,76.32755566968518
58.29570009947103,0.020872398135639007,0.12178539206363433,3.053572182007641,0.9581024796916513,-0.7618861894796812,0.0004945005449666475,76.32755566968518
58.29570009947103,0.020872398135639007,0.12178539206363433,3.053572182007641,0.9581024796916513,-0.7618861894796812,0.0004945005449666475,76.32755566968518
58.29570009947103,0.020872398135639007,0.12178539206363433,3.053572182007641,0.9581024796916513,-0.7618861894796812,0.0004945005449666475,76.32755566968518
58.29570009947103,0.020872398135639007,0.12178539206363433,3.053572182007641,0.9581024796916513,-0.7618861894796812,0.0004945005449666475,76.32755566968518
58.29570009947103,0.020872398135639007,0.12178539206363433,3.053572182007641,0.9581024796916513,-0.7618861894796812,0.0004945005449666475,76.32755566968518
58.29570009947103,0.020872398135639007,0.12178539206363433,3.053572182007641,0.9581024796916513,-0.7618861894796812,0.0004945005449666475,76.32755566968518
58.29570009947103,0.020872398135639007,0.12178539206363433,3.053572182007641,0.9581024796916513,-0.7618861894796812,0.0004945005449666475,76.32755566968518
58.29570009947103,0.020872398135639007,0.12178539206363433,3.053572182007641,0.9581024796916513,-0.7618861894796812,0.0004945005449666475,76.32755566968518
58.29570009947103,0.020872398135639007,0.12178539206363433,3.053572182007641,0.9581024796916513,-0.7618861894796812,0.0004945005449666475,76.32755566968518
58.29570009947103,0.020872398135639007,0.12178539206363433,3.053572182007641,0.9581024796916513,-0.7618861894796812,0.0004945005449666475,76.32755566968518
58.29570009947103,0.020872398135639007,0.12178539206363433,3.053572182007641,0.9581024796916513,-0.7618861894796812,0.0004945005449666475,76.32755566968518
58.29570009947103,0.020872398135639007,0.12178539206363433,3.053572182007641,0.9581024796916513,-0.7618861894796812,0.0004945005449666475,76.32755566968518
58.29570009947103,0.020872398135639007,0.12178539206363433,3.053572182007641,0.9581024796916513,-0.7618861894796812,0.0004945005449666475,76.32755566968518
58.29570009947103,0.020872398135639007,0.12178539206363433,3.053572182007641,0.9581024796916513,-0.7618861894796812,0.0004945005449666475,76.32755566968518
58.29570009947103,0.020872398135639007,0.12178539206363433,3.053572182007641,0.9581024796916513,-0.7618861894796812,0.0004945005449666475,76.32755566968518
58.29570009947103,0.020872398135639007,0.12178539206363433,3.053572182007641,0.9581024796916513,-0.7618861894796812,0.0004945005449666475,76.32755566968518
58.29570009947103,0.020872398135639007,0.12178539206363433,3.053572182007641,0.9581024796916513,-0.7618861894796812,0.0004945005449666475,76.32755566968518
59.614584307792754,0.021077220978383604,0.12071549843506012,3.0534638850552454,0.9606529700401095,-0.7759397239657343,0.00047864919312219645,79.20344571393623
59.614584307792754,0.021077220978383604,0.12071549843506012,3.0534638850552454,0.9606529700401095,-0.7759397239657343,0.00047864919312219645,79.20344571393623
59.614584307792754,0.021077220978383604,0.12071549843506012,3.0534638850552454,0.9606529700401095,-0.7759397239657343,0.00047864919312219645,79.20344571393623
59.614584307792754,0.021077220978383604,0.12071549843506012,3.0534638850552454,0.9606529700401095,-0.7759397239657343,0.00047864919312219645,79.20344571393623
59.614584307792754,0.021077220978383604,0.12071549843506012,3.0534638850552454,0.9606529700401095,-0.7759397239657343,0.00047864919312219645,79.20344571393623
59.614584307792754,0.021077220978383604,0.12071549843506012,3.0534638850552454,0.9606529700401095,-0.7759397239657343,0.00047864919312219645,79.20344571393623
52.90071477060482,0.021503095545100687,0.12030049677115823,3.055343766630013,0.960495863009649,-0.5181780362036137,0.00047572515155619455,80.52003535822656
52.90071477060482,0.021503095545100687,0.12030049677115823,3.055343766630013,0.960495863009649,-0.5181780362036137,0.00047572515155619455,80.52003535822656
52.90071477060482,0.021503095545100687,0.12030049677115823,3.055343766630013,0.960495863009649,-0.5181780362036137,0.00047572515155619455,80.52003535822656
52.90071477060482,0.021503095545100687,0.12030049677115823,3.055343766630013,0.960495863009649,-0.5181780362036137,0.00047572515155619455,80.52003535822656
52.90071477060482,0.021503095545100687,0.12030049677115823,3.055343766630013,0.960495863009649,-0.5181780362036137,0.00047572515155619455,80.52003535822656
52.90071477060482,0.021503095545100687,0.12030049677115823,3.055343766630013,0.960495863009649,-0.5181780362036137,0.00047572515155619455,80.52003535822656
52.90071477060482,0.021503095545100687,0.12030049677115823,3.055343766630013,0.960495863009649,-0.5181780362036137,0.00047572515155619455,80.52003535822656
52.90071477060482,0.021503095545100687,0.12030049677115823,3.055343766630013,0.960495863009649,-0.5181780362036137,0.00047572515155619455,80.52003535822656
52.90071477060482,0.021503095545100687,0.12030049677115823,3.055343766630013,0.960495863009649,-0.5181780362036137,0.00047572515155619455,80.52003535822656
52.90071477060482,0.021503095545100687,0.12030049677115823,3.055343766630013,0.960495863009649,-0.5181780362036137,0.00047572515155619455,80.52003535822656
52.90071477060482,0.021503095545100687,0.12030049677115823,3.055343766630013,0.960495863009649,-0.5181780362036137,0.00047572515155619455,80.52003535822656
52.90071477060482,0.021503095545100687,0.12030049677115823,3.055343766630013,0.960495863009649,-0.5181780362036137,0.00047572515155619455,80.52003535822656
52.90071477060482,0.021503095545100687,0.12030049677115823,3.055343766630013,0.960495863009649,-0.5181780362036137,0.00047572515155619455,80.52003535822656
52.90071477060482,0.021503095545100687,0.12030049677115823,3.055343766630013,0.960495863009649,-0.5181780362036137,0.00047572515155619455,80.52003535822656
52.90071477060482,0.021503095545100687,0.12030049677115823,3.055343766630013,0.960495863009649,-0.5181780362036137,0.00047572515155619455,80.52003535822656
52.90071477060482,0.021503095545100687,0.12030049677115823,3.055343766630013,0.960495863009649,-0.5181780362036137,0.00047572515155619455,80.52003535822656
52.90071477060482,0.021503095545100687,0.12030049677115823,3.055343766630013,0.960495863009649,-0.5181780362036137,0.00047572515155619455,80.52003535822656
52.90071477060482,0.021503095545100687,0.12030049677115823,3.055343766630013,0.960495863009649,-0.5181780362036137,0.00047572515155619455,80.52003535822656
52.90071477060482,0.021503095545100687,0.12030049677115823,3.055343766630013,0.960495863009649,-0.5181780362036137,0.00047572515155619455,80.52003535822656
52.90071477060482,0.021503095545100687,0.12030049677115823,3.055343766630013,0.960495863009649,-0.5181780362036137,0.00047572515155619455,80.52003535822656
52.90071477060482,0.021503095545100687,0.12030049677115823,3.055343766630013,0.960495863009649,-0.5181780362036137,0.00047572515155619455,80.52003535822656
52.90071477060482,0.021503095545100687,0.12030049677115823,3.055343766630013,0.960495863009649,-0.5181780362036137,0.00047572515155619455,80.52003535822656
52.90071477060482,0.021503095545100687,0.12030049677115823,3.055343766630013,0.960495863009649,-0.5181780362036137,0.00047572515155619455,80.52003535822656
52.90071477060482,0.021503095545100687,0.12030049677115823,3.055343766630013,0.960495863009649,-0.5181780362036137,0.00047572515155619455,80.52003535822656
52.90071477060482,0.021503095545100687,0.12030049677115823,3.055343766630013,0.960495863009649,-0.5181780362036137,0.00047572515155619455,80.52003535822656
52.90071477060482,0.021503095545100687,0.12030049677115823,3.055343766630013,0.960495863009649,-0.5181780362036137,0.00047572515155619455,80.52003535822656
52.90071477060482,0.021503095545100687,0.12030049677115823,3.055343766630013,0.960495863009649,-0.5181780362036137,0.00047572515155619455,80.52003535822656
52.90071477060482,0.021503095545100687,0.12030049677115823,3.055343766630013,0.960495863009649,-0.5181780362036137,0.00047572515155619455,80.52003535822656
52.90071477060482,0.021503095545100687,0.12030049677115823,3.055343766630013,0.960495863009649,-0.5181780362036137,0.00047572515155619455,80.52003535822656
52.90071477060482,0.021503095545100687,0.12030049677115823,3.055343766630013,0.960495863009649,-0.5181780362036137,0.00047572515155619455,80.52003535822656
52.90071477060482,0.021503095545100687,0.12030049677115823,3.055343766630013,0.960495863009649,-0.5181780362036137,0.00047572515155619455,80.52003535822656
52.90071477060482,0.021503095545100687,0.12030049677115823,3.055343766630013,0.960495863009649,-0.5181780362036137,0.00047572515155619455,80.52003535822656
56.167198273434224,0.021143237317392937,0.1221665126770422,3.0588601662936616,0.9494838491571863,-0.6536856402974754,0.0004761069322528189,76.87239622298719
56.167198273434224,0.021143237317392937,0.1221665126770422,3.0588601662936616,0.9494838491571863,-0.6536856402974754,0.0004761069322528189,76.87239622298719
56.167198273434224,0.021143237317392937,0.1221665126770422,3.0588601662936616,0.9494838491571863,-0.6536856402974754,0.0004761069322528189,76.87239622298719
56.167198273434224,0.021143237317392937,0.1221665126770422,3.0588601662936616,0.9494838491571863,-0.6536856402974754,0.0004761069322528189,76.87239622298719
56.167198273434224,0.021143237317392937,0.1221665126770422,3.0588601662936616,0.9494838491571863,-0.6536856402974754,0.0004761069322528189,76.87239622298719
56.167198273434224,0.021143237317392937,0.1221665126770422,3.0588601662936616,0.9494838491571863,-0.6536856402974754,0.0004761069322528189,76.87239622298719
56.167198273434224,0.021143237317392937,0.1221665126770422,3.0588601662936616,0.9494838491571863,-0.6536856402974754,0.0004761069322528189,76.87239622298719
56.167198273434224,0.021143237317392937,0.1221665126770422,3.0588601662936616,0.9494838491571863,-0.6536856402974754,0.0004761069322528189,76.87239622298719
56.167198273434224,0.021143237317392937,0.1221665126770422,3.0588601662936616,0.9494838491571863,-0.6536856402974754,0.0004761069322528189,76.87239622298719
56.167198273434224,0.021143237317392937,0.1221665126770422,3.0588601662936616,0.9494838491571863,-0.6536856402974754,0.0004761069322528189,76.87239622298719
56.167198273434224,0.021143237317392937,0.1221665126770422,3.0588601662936616,0.9494838491571863,-0.6536856402974754,0.0004761069322528189,76.87239622298719
56.167198273434224,0.021143237317392937,0.1221665126770422,3.0588601662936616,0.9494838491571863,-0.6536856402974754,0.0004761069322528189,76.87239622298719
56.167198273434224,0.021143237317392937,0.1221665126770422,3.0588601662936616,0.9494838491571863,-0.6536856402974754,0.0004761069322528189,76.87239622298719
56.167198273434224,0.021143237317392937,0.1221665126770422,3.0588601662936616,0.9494838491571863,-0.6536856402974754,0.0004761069322528189,76.87239622298719
56.167198273434224,0.021143237317392937,0.1221665126770422,3.0588601662936616,0.9494838491571863,-0.6536856402974754,0.0004761069322528189,76.87239622298719
56.167198273434224,0.021143237317392937,0.1221665126770422,3.0588601662936616,0.9494838491571863,-0.6536856402974754,0.0004761069322528189,76.87239622298719
56.167198273434224,0.021143237317392937,0.1221665126770422,3.0588601662936616,0.9494838491571863,-0.6536856402974754,0.0004761069322528189,76.87239622298719
56.167198273434224,0.021143237317392937,0.1221665126770422,3.0588601662936616,0.9494838491571863,-0.6536856402974754,0.0004761069322528189,76.87239622298719
56.167198273434224,0.021143237317392937,0.1221665126770422,3.0588601662936616,0.9494838491571863,-0.6536856402974754,0.0004761069322528189,76.87239622298719
56.167198273434224,0.021143237317392937,0.1221665126770422,3.0588601662936616,0.9494838491571863,-0.6536856402974754,0.0004761069322528189,76.87239622298719
55.017571103272395,0.02123944403875839,0.12281852621025693,3.0635219436045107,0.9509122655874394,-0.6304200576833889,0.00039355386295600585,78.18715095889905
55.017571103272395,0.02123944403875839,0.12281852621025693,3.0635219436045107,0.9509122655874394,-0.6304200576833889,0.00039355386295600585,78.18715095889905
55.017571103272395,0.02123944403875839,0.12281852621025693,3.0635219436045107,0.9509122655874394,-0.6304200576833889,0.00039355386295600585,78.18715095889905
55.017571103272395,0.02123944403875839,0.12281852621025693,3.0635219436045107,0.9509122655874394,-0.6304200576833889,0.00039355386295600585,78.18715095889905
55.017571103272395,0.02123944403875839,0.12281852621025693,3.0635219436045107,0.9509122655874394,-0.6304200576833889,0.00039355386295600585,78.18715095889905
55.017571103272395,0.02123944403875839,0.12281852621025693,3.0635219436045107,0.9509122655874394,-0.6304200576833889,0.00039355386295600585,78.18715095889905
55.017571103272395,0.02123944403875839,0.12281852621025693,3.0635219436045107,0.9509122655874394,-0.6304200576833889,0.00039355386295600585,78.18715095889905
55.017571103272395,0.02123944403875839,0.12281852621025693,3.0635219436045107,0.9509122655874394,-0.6304200576833889,0.00039355386295600585,78.18715095889905
55.017571103272395,0.02123944403875839,0.12281852621025693,3.0635219436045107,0.9509122655874394,-0.6304200576833889,0.00039355386295600585,78.18715095889905
55.017571103272395,0.02123944403875839,0.12281852621025693,3.0635219436045107,0.9509122655874394,-0.6304200576833889,0.00039355386295600585,78.18715095889905
55.017571103272395,0.02123944403875839,0.12281852621025693,3.0635219436045107,0.9509122655874394,-0.6304200576833889,0.00039355386295600585,78.18715095889905
55.017571103272395,0.02123944403875839,0.12281852621025693,3.0635219436045107,0.9509122655874394,-0.6304200576833889,0.00039355386295600585,78.18715095889905
55.017571103272395,0.02123944403875839,0.12281852621025693,3.0635219436045107,0.9509122655874394,-0.6304200576833889,0.00039355386295600585,78.18715095889905
55.017571103272395,0.02123944403875839,0.12281852621025693,3.0635219436045107,0.9509122655874394,-0.6304200576833889,0.00039355386295600585,78.18715095889905
55.017571103272395,0.02123944403875839,0.12281852621025693,3.0635219436045107,0.9509122655874394,-0.6304200576833889,0.00039355386295600585,78.18715095889905
55.017571103272395,0.02123944403875839,0.12281852621025693,3.0635219436045107,0.9509122655874394,-0.6304200576833889,0.00039355386295600585,78.18715095889905
55.017571103272395,0.02123944403875839,0.12281852621025693,3.0635219436045107,0.9509122655874394,-0.6304200576833889,0.00039355386295600585,78.18715095889905
55.017571103272395,0.02123944403875839,0.12281852621025693,3.0635219436045107,0.9509122655874394,-0.6304200576833889,0.00039355386295600585,78.18715095889905
55.017571103272395,0.02123944403875839,0.12281852621025693,3.0635219436045107,0.9509122655874394,-0.6304200576833889,0.00039355386295600585,78.18715095889905
55.017571103272395,0.02123944403875839,0.12281852621025693,3.0635219436045107,0.9509122655874394,-0.6304200576833889,0.00039355386295600585,78.18715095889905
57.17464618719663,0.0211497648499679,0.12402949956833523,3.0646928752787077,0.9419253785156553,-0.7189364146599766,0.0004895285103858971,75.12800831245059
57.17464618719663,0.0211497648499679,0.12402949956833523,3.0646928752787077,0.9419253785156553,-0.7189364146599766,0.0004895285103858971,75.12800831245059
57.17464618719663,0.0211497648499679,0.12402949956833523,3.0646928752787077,0.9419253785156553,-0.7189364146599766,0.0004895285103858971,75.12800831245059
57.17464618719663,0.0211497648499679,0.12402949956833523,3.0646928752787077,0.9419253785156553,-0.7189364146599766,0.0004895285103858971,75.12800831245059
57.17464618719663,0.0211497648499679,0.12402949956833523,3.0646928752787077,0.9419253785156553,-0.7189364146599766,0.0004895285103858971,75.12800831245059
57.17464618719663,0.0211497648499679,0.12402949956833523,3.0646928752787077,0.9419253785156553,-0.7189364146599766,0.0004895285103858971,75.12800831245059
57.17464618719663,0.0211497648499679,0.12402949956833523,3.0646928752787077,0.9419253785156553,-0.7189364146599766,0.0004895285103858971,75.12800831245059
57.17464618719663,0.0211497648499679,0.12402949956833523,3.0646928752787077,0.9419253785156553,-0.7189364146599766,0.0004895285103858971,75.12800831245059
57.17464618719663,0.0211497648499679,0.12402949956833523,3.0646928752787077,0.9419253785156553,-0.7189364146599766,0.0004895285103858971,75.12800831245059
57.17464618719663,0.0211497648499679,0.12402949956833523,3.0646928752787077,0.9419253785156553,-0.7189364146599766,0.0004895285103858971,75.12800831245059
57.17464618719663,0.0211497648499679,0.12402949956833523,3.0646928752787077,0.9419253785156553,-0.7189364146599766,0.0004895285103858971,75.12800831245059
57.17464618719663,0.0211497648499679,0.12402949956833523,3.0646928752787077,0.9419253785156553,-0.7189364146599766,0.0004895285103858971,75.12800831245059
60.22725613747819,0.02039090067180915,0.12870122529819356,3.0708984611475376,0.9287725932842262,-0.9418641777606571,0.000469382368962504,72.9384692988595
60.22725613747819,0.02039090067180915,0.12870122529819356,3.0708984611475376,0.9287725932842262,-0.9418641777606571,0.000469382368962504,72.9384692988595
60.22725613747819,0.02039090067180915,0.12870122529819356,3.0708984611475376,0.9287725932842262,-0.9418641777606571,0.000469382368962504,72.9384692988595
60.22725613747819,0.02039090067180915,0.12870122529819356,3.0708984611475376,0.9287725932842262,-0.9418641777606571,0.000469382368962504,72.9384692988595
60.22725613747819,0.02039090067180915,0.12870122529819356,3.0708984611475376,0.9287725932842262,-0.9418641777606571,0.000469382368962504,72.9384692988595
60.22725613747819,0.02039090067180915,0.12870122529819356,3.0708984611475376,0.9287725932842262,-0.9418641777606571,0.000469382368962504,72.9384692988595
60.22725613747819,0.02039090067180915,0.12870122529819356,3.0708984611475376,0.9287725932842262,-0.9418641777606571,0.000469382368962504,72.9384692988595
60.22725613747819,0.02039090067180915,0.12870122529819356,3.0708984611475376,0.9287725932842262,-0.9418641777606571,0.000469382368962504,72.9384692988595
60.22725613747819,0.02039090067180915,0.12870122529819356,3.0708984611475376,0.9287725932842262,-0.9418641777606571,0.000469382368962504,72.9384692988595
60.22725613747819,0.02039090067180915,0.12870122529819356,3.0708984611475376,0.9287725932842262,-0.9418641777606571,0.000469382368962504,72.9384692988595
60.22725613747819,0.02039090067180915,0.12870122529819356,3.0708984611475376,0.9287725932842262,-0.9418641777606571,0.000469382368962504,72.9384692988595
60.22725613747819,0.02039090067180915,0.12870122529819356,3.0708984611475376,0.9287725932842262,-0.9418641777606571,0.000469382368962504,72.9384692988595
60.22725613747819,0.02039090067180915,0.12870122529819356,3.0708984611475376,0.9287725932842262,-0.9418641777606571,0.000469382368962504,72.9384692988595
60.22725613747819,0.02039090067180915,0.12870122529819356,3.0708984611475376,0.9287725932842262,-0.9418641777606571,0.000469382368962504,72.9384692988595
60.22725613747819,0.02039090067180915,0.12870122529819356,3.0708984611475376,0.9287725932842262,-0.9418641777606571,0.000469382368962504,72.9384692988595
60.22725613747819,0.02039090067180915,0.12870122529819356,3.0708984611475376,0.9287725932842262,-0.9418641777606571,0.000469382368962504,72.9384692988595
60.22725613747819,0.02039090067180915,0.12870122529819356,3.0708984611475376,0.9287725932842262,-0.9418641777606571,0.000469382368962504,72.9384692988595
60.22725613747819,0.02039090067180915,0.12870122529819356,3.0708984611475376,0.9287725932842262,-0.9418641777606571,0.000469382368962504,72.9384692988595
60.22725613747819,0.02039090067180915,0.12870122529819356,3.0708984611475376,0.9287725932842262,-0.9418641777606571,0.000469382368962504,72.9384692988595
60.22725613747819,0.02039090067180915,0.12870122529819356,3.0708984611475376,0.9287725932842262,-0.9418641777606571,0.000469382368962504,72.9384692988595
60.22725613747819,0.02039090067180915,0.12870122529819356,3.0708984611475376,0.9287725932842262,-0.9418641777606571,0.000469382368962504,72.9384692988595
60.22725613747819,0.02039090067180915,0.12870122529819356,3.0708984611475376,0.9287725932842262,-0.9418641777606571,0.000469382368962504,72.9384692988595
60.22725613747819,0.02039090067180915,0.12870122529819356,3.0708984611475376,0.9287725932842262,-0.9418641777606571,0.000469382368962504,72.9384692988595
60.22725613747819,0.02039090067180915,0.12870122529819356,3.0708984611475376,0.9287725932842262,-0.9418641777606571,0.000469382368962504,72.9384692988595
60.22725613747819,0.02039090067180915,0.12870122529819356,3.0708984611475376,0.9287725932842262,-0.9418641777606571,0.000469382368962504,72.9384692988595
60.22725613747819,0.02039090067180915,0.12870122529819356,3.0708984611475376,0.9287725932842262,-0.9418641777606571,0.000469382368962504,72.9384692988595
60.22725613747819,0.02039090067180915,0.12870122529819356,3.0708984611475376,0.9287725932842262,-0.9418641777606571,0.000469382368962504,72.9384692988595
60.22725613747819,0.02039090067180915,0.12870122529819356,3.0708984611475376,0.9287725932842262,-0.9418641777606571,0.000469382368962504,72.9384692988595
60.22725613747819,0.02039090067180915,0.12870122529819356,3.0708984611475376,0.9287725932842262,-0.9418641777606571,0.000469382368962504,72.9384692988595
60.22725613747819,0.02039090067180915,0.12870122529819356,3.0708984611475376,0.9287725932842262,-0.9418641777606571,0.000469382368962504,72.9384692988595
60.22725613747819,0.02039090067180915,0.12870122529819356,3.0708984611475376,0.9287725932842262,-0.9418641777606571,0.000469382368962504,72.9384692988595
60.22725613747819,0.02039090067180915,0.12870122529819356,3.0708984611475376,0.9287725932842262,-0.9418641777606571,0.000469382368962504,72.9384692988595
58.19634493547884,0.02057833713031329,0.12648467319046805,3.066985537457259,0.9290930630695674,-0.8154881589565466,0.0004913974193145952,74.58078146421981
58.19634493547884,0.02057833713031329,0.12648467319046805,3.066985537457259,0.9290930630695674,-0.8154881589565466,0.0004913974193145952,74.58078146421981
58.19634493547884,0.02057833713031329,0.12648467319046805,3.066985537457259,0.9290930630695674,-0.8154881589565466,0.0004913974193145952,74.58078146421981
58.19634493547884,0.02057833713031329,0.12648467319046805,3.066985537457259,0.9290930630695674,-0.8154881589565466,0.0004913974193145952,74.58078146421981
58.19634493547884,0.02057833713031329,0.12648467319046805,3.066985537457259,0.9290930630695674,-0.8154881589565466,0.0004913974193145952,74.58078146421981
54.50452347856132,0.020730023140148233,0.12451614508392014,3.059516109572255,0.9423685618015292,-0.6346334439163884,0.0004939606181792507,70.33914425735556
54.50452347856132,0.020730023140148233,0.12451614508392014,3.059516109572255,0.9423685618015292,-0.6346334439163884,0.0004939606181792507,70.33914425735556
54.50452347856132,0.020730023140148233,0.12451614508392014,3.059516109572255,0.9423685618015292,-0.6346334439163884,0.0004939606181792507,70.33914425735556
54.50452347856132,0.020730023140148233,0.12451614508392014,3.059516109572255,0.9423685618015292,-0.6346334439163884,0.0004939606181792507,70.33914425735556
54.50452347856132,0.020730023140148233,0.12451614508392014,3.059516109572255,0.9423685618015292,-0.6346334439163884,0.0004939606181792507,70.33914425735556
54.50452347856132,0.020730023140148233,0.12451614508392014,3.059516109572255,0.9423685618015292,-0.6346334439163884,0.0004939606181792507,70.33914425735556
53.47157257288085,0.020860808934714654,0.12200730452759433,3.051401232753566,0.9471434909097058,-0.5591333470721895,0.0005497419343092832,68.42329940100537
53.47157257288085,0.020860808934714654,0.12200730452759433,3.051401232753566,0.9471434909097058,-0.5591333470721895,0.0005497419343092832,68.42329940100537
53.47157257288085,0.020860808934714654,0.12200730452759433,3.051401232753566,0.9471434909097058,-0.5591333470721895,0.0005497419343092832,68.42329940100537
53.47157257288085,0.020860808934714654,0.12200730452759433,3.051401232753566,0.9471434909097058,-0.5591333470721895,0.0005497419343092832,68.42329940100537
53.47157257288085,0.020860808934714654,0.12200730452759433,3.051401232753566,0.9471434909097058,-0.5591333470721895,0.0005497419343092832,68.42329940100537
53.47157257288085,0.020860808934714654,0.12200730452759433,3.051401232753566,0.9471434909097058,-0.5591333470721895,0.0005497419343092832,68.42329940100537
53.47157257288085,0.020860808934714654,0.12200730452759433,3.051401232753566,0.9471434909097058,-0.5591333470721895,0.0005497419343092832,68.42329940100537
53.47157257288085,0.020860808934714654,0.12200730452759433,3.051401232753566,0.9471434909097058,-0.5591333470721895,0.0005497419343092832,68.42329940100537
53.47157257288085,0.020860808934714654,0.12200730452759433,3.051401232753566,0.9471434909097058,-0.5591333470721895,0.0005497419343092832,68.42329940100537
53.47157257288085,0.020860808934714654,0.12200730452759433,3.051401232753566,0.9471434909097058,-0.5591333470721895,0.0005497419343092832,68.42329940100537
53.47157257288085,0.020860808934714654,0.12200730452759433,3.051401232753566,0.9471434909097058,-0.5591333470721895,0.0005497419343092832,68.42329940100537
53.47157257288085,0.020860808934714654,0.12200730452759433,3.051401232753566,0.9471434909097058,-0.5591333470721895,0.0005497419343092832,68.42329940100537
53.47157257288085,0.020860808934714654,0.12200730452759433,3.051401232753566,0.9471434909097058,-0.5591333470721895,0.0005497419343092832,68.42329940100537
53.47157257288085,0.020860808934714654,0.12200730452759433,3.051401232753566,0.9471434909097058,-0.5591333470721895,0.0005497419343092832,68.42329940100537
53.47157257288085,0.020860808934714654,0.12200730452759433,3.051401232753566,0.9471434909097058,-0.5591333470721895,0.0005497419343092832,68.42329940100537
53.47157257288085,0.020860808934714654,0.12200730452759433,3.051401232753566,0.9471434909097058,-0.5591333470721895,0.0005497419343092832,68.42329940100537
53.47157257288085,0.020860808934714654,0.12200730452759433,3.051401232753566,0.9471434909097058,-0.5591333470721895,0.0005497419343092832,68.42329940100537
53.47157257288085,0.020860808934714654,0.12200730452759433,3.051401232753566,0.9471434909097058,-0.5591333470721895,0.0005497419343092832,68.42329940100537
53.47157257288085,0.020860808934714654,0.12200730452759433,3.051401232753566,0.9471434909097058,-0.5591333470721895,0.0005497419343092832,68.42329940100537
53.47157257288085,0.020860808934714654,0.12200730452759433,3.051401232753566,0.9471434909097058,-0.5591333470721895,0.0005497419343092832,68.42329940100537
53.47157257288085,0.020860808934714654,0.12200730452759433,3.051401232753566,0.9471434909097058,-0.5591333470721895,0.0005497419343092832,68.42329940100537
53.47157257288085,0.020860808934714654,0.12200730452759433,3.051401232753566,0.9471434909097058,-0.5591333470721895,0.0005497419343092832,68.42329940100537
53.47157257288085,0.020860808934714654,0.12200730452759433,3.051401232753566,0.9471434909097058,-0.5591333470721895,0.0005497419343092832,68.42329940100537
53.47157257288085,0.020860808934714654,0.12200730452759433,3.051401232753566,0.9471434909097058,-0.5591333470721895,0.0005497419343092832,68.42329940100537
53.47157257288085,0.020860808934714654,0.12200730452759433,3.051401232753566,0.9471434909097058,-0.5591333470721895,0.0005497419343092832,68.42329940100537
53.47157257288085,0.020860808934714654,0.12200730452759433,3.051401232753566,0.9471434909097058,-0.5591333470721895,0.0005497419343092832,68.42329940100537
53.47157257288085,0.020860808934714654,0.12200730452759433,3.051401232753566,0.9471434909097058,-0.5591333470721895,0.0005497419343092832,68.42329940100537
53.47157257288085,0.020860808934714654,0.12200730452759433,3.051401232753566,0.9471434909097058,-0.5591333470721895,0.0005497419343092832,68.42329940100537
53.47157257288085,0.020860808934714654,0.12200730452759433,3.051401232753566,0.9471434909097058,-0.5591333470721895,0.0005497419343092832,68.42329940100537
53.47157257288085,0.020860808934714654,0.12200730452759433,3.051401232753566,0.9471434909097058,-0.5591333470721895,0.0005497419343092832,68.42329940100537
53.47157257288085,0.020860808934714654,0.12200730452759433,3.051401232753566,0.9471434909097058,-0.5591333470721895,0.0005497419343092832,68.42329940100537
53.47157257288085,0.020860808934714654,0.12200730452759433,3.051401232753566,0.9471434909097058,-0.5591333470721895,0.0005497419343092832,68.42329940100537
53.47157257288085,0.020860808934714654,0.12200730452759433,3.051401232753566,0.9471434909097058,-0.5591333470721895,0.0005497419343092832,68.42329940100537
53.47157257288085,0.020860808934714654,0.12200730452759433,3.051401232753566,0.9471434909097058,-0.5591333470721895,0.0005497419343092832,68.42329940100537
53.47157257288085,0.020860808934714654,0.12200730452759433,3.051401232753566,0.9471434909097058,-0.5591333470721895,0.0005497419343092832,68.42329940100537
53.47157257288085,0.020860808934714654,0.12200730452759433,3.051401232753566,0.9471434909097058,-0.5591333470721895,0.0005497419343092832,68.42329940100537
53.47157257288085,0.020860808934714654,0.12200730452759433,3.051401232753566,0.9471434909097058,-0.5591333470721895,0.0005497419343092832,68.42329940100537
53.47157257288085,0.020860808934714654,0.12200730452759433,3.051401232753566,0.9471434909097058,-0.5591333470721895,0.0005497419343092832,68.42329940100537
53.47157257288085,0.020860808934714654,0.12200730452759433,3.051401232753566,0.9471434909097058,-0.5591333470721895,0.0005497419343092832,68.42329940100537
53.47157257288085,0.020860808934714654,0.12200730452759433,3.051401232753566,0.9471434909097058,-0.5591333470721895,0.0005497419343092832,68.42329940100537
53.47157257288085,0.020860808934714654,0.12200730452759433,3.051401232753566,0.9471434909097058,-0.5591333470721895,0.0005497419343092832,68.42329940100537
53.47157257288085,0.020860808934714654,0.12200730452759433,3.051401232753566,0.9471434909097058,-0.5591333470721895,0.0005497419343092832,68.42329940100537
53.47157257288085,0.020860808934714654,0.12200730452759433,3.051401232753566,0.9471434909097058,-0.5591333470721895,0.0005497419343092832,68.42329940100537
53.47157257288085,0.020860808934714654,0.12200730452759433,3.051401232753566,0.9471434909097058,-0.5591333470721895,0.0005497419343092832,68.42329940100537
53.47157257288085,0.020860808934714654,0.12200730452759433,3.051401232753566,0.9471434909097058,-0.5591333470721895,0.0005497419343092832,68.42329940100537
53.47157257288085,0.020860808934714654,0.12200730452759433,3.051401232753566,0.9471434909097058,-0.5591333470721895,0.0005497419343092832,68.42329940100537
53.47157257288085,0.020860808934714654,0.12200730452759433,3.051401232753566,0.9471434909097058,-0.5591333470721895,0.0005497419343092832,68.42329940100537
53.47157257288085,0.020860808934714654,0.12200730452759433,3.051401232753566,0.9471434909097058,-0.5591333470721895,0.0005497419343092832,68.42329940100537
53.47157257288085,0.020860808934714654,0.12200730452759433,3.051401232753566,0.9471434909097058,-0.5591333470721895,0.0005497419343092832,68.42329940100537
53.47157257288085,0.020860808934714654,0.12200730452759433,3.051401232753566,0.9471434909097058,-0.5591333470721895,0.0005497419343092832,68.42329940100537
53.47157257288085,0.020860808934714654,0.12200730452759433,3.051401232753566,0.9471434909097058,-0.5591333470721895,0.0005497419343092832,68.42329940100537
53.47157257288085,0.020860808934714654,0.12200730452759433,3.051401232753566,0.9471434909097058,-0.5591333470721895,0.0005497419343092832,68.42329940100537
53.47157257288085,0.020860808934714654,0.12200730452759433,3.051401232753566,0.9471434909097058,-0.5591333470721895,0.0005497419343092832,68.42329940100537
53.47157257288085,0.020860808934714654,0.12200730452759433,3.051401232753566,0.9471434909097058,-0.5591333470721895,0.0005497419343092832,68.42329940100537
53.47157257288085,0.020860808934714654,0.12200730452759433,3.051401232753566,0.9471434909097058,-0.5591333470721895,0.0005497419343092832,68.42329940100537
53.47157257288085,0.020860808934714654,0.12200730452759433,3.051401232753566,0.9471434909097058,-0.5591333470721895,0.0005497419343092832,68.42329940100537
53.47157257288085,0.020860808934714654,0.12200730452759433,3.051401232753566,0.9471434909097058,-0.5591333470721895,0.0005497419343092832,68.42329940100537
53.47157257288085,0.020860808934714654,0.12200730452759433,3.051401232753566,0.9471434909097058,-0.5591333470721895,0.0005497419343092832,68.42329940100537
53.47157257288085,0.020860808934714654,0.12200730452759433,3.051401232753566,0.9471434909097058,-0.5591333470721895,0.0005497419343092832,68.42329940100537
53.47157257288085,0.020860808934714654,0.12200730452759433,3.051401232753566,0.9471434909097058,-0.5591333470721895,0.0005497419343092832,68.42329940100537
53.47157257288085,0.020860808934714654,0.12200730452759433,3.051401232753566,0.9471434909097058,-0.5591333470721895,0.0005497419343092832,68.42329940100537
53.47157257288085,0.020860808934714654,0.12200730452759433,3.051401232753566,0.9471434909097058,-0.5591333470721895,0.0005497419343092832,68.42329940100537
53.47157257288085,0.020860808934714654,0.12200730452759433,3.051401232753566,0.9471434909097058,-0.5591333470721895,0.0005497419343092832,68.42329940100537
53.47157257288085,0.020860808934714654,0.12200730452759433,3.051401232753566,0.9471434909097058,-0.5591333470721895,0.0005497419343092832,68.42329940100537
53.47157257288085,0.020860808934714654,0.12200730452759433,3.051401232753566,0.9471434909097058,-0.5591333470721895,0.0005497419343092832,68.42329940100537
53.47157257288085,0.020860808934714654,0.12200730452759433,3.051401232753566,0.9471434909097058,-0.5591333470721895,0.0005497419343092832,68.42329940100537
53.47157257288085,0.020860808934714654,0.12200730452759433,3.051401232753566,0.9471434909097058,-0.5591333470721895,0.0005497419343092832,68.42329940100537
53.47157257288085,0.020860808934714654,0.12200730452759433,3.051401232753566,0.9471434909097058,-0.5591333470721895,0.0005497419343092832,68.42329940100537
53.47157257288085,0.020860808934714654,0.12200730452759433,3.051401232753566,0.9471434909097058,-0.5591333470721895,0.0005497419343092832,68.42329940100537
53.47157257288085,0.020860808934714654,0.12200730452759433,3.051401232753566,0.9471434909097058,-0.5591333470721895,0.0005497419343092832,68.42329940100537
53.47157257288085,0.020860808934714654,0.12200730452759433,3.051401232753566,0.9471434909097058,-0.5591333470721895,0.0005497419343092832,68.42329940100537
53.47157257288085,0.020860808934714654,0.12200730452759433,3.051401232753566,0.9471434909097058,-0.5591333470721895,0.0005497419343092832,68.42329940100537
53.47157257288085,0.020860808934714654,0.12200730452759433,3.051401232753566,0.9471434909097058,-0.5591333470721895,0.0005497419343092832,68.42329940100537
53.47157257288085,0.020860808934714654,0.12200730452759433,3.051401232753566,0.9471434909097058,-0.5591333470721895,0.0005497419343092832,68.42329940100537
53.47157257288085,0.020860808934714654,0.12200730452759433,3.051401232753566,0.9471434909097058,-0.5591333470721895,0.0005497419343092832,68.42329940100537
53.47157257288085,0.020860808934714654,0.12200730452759433,3.051401232753566,0.9471434909097058,-0.5591333470721895,0.0005497419343092832,68.42329940100537
53.47157257288085,0.020860808934714654,0.12200730452759433,3.051401232753566,0.9471434909097058,-0.5591333470721895,0.0005497419343092832,68.42329940100537
53.47157257288085,0.020860808934714654,0.12200730452759433,3.051401232753566,0.9471434909097058,-0.5591333470721895,0.0005497419343092832,68.42329940100537
53.47157257288085,0.020860808934714654,0.12200730452759433,3.051401232753566,0.9471434909097058,-0.5591333470721895,0.0005497419343092832,68.42329940100537
53.47157257288085,0.020860808934714654,0.12200730452759433,3.051401232753566,0.9471434909097058,-0.5591333470721895,0.0005497419343092832,68.42329940100537
55.56431007214753,0.020696956366631786,0.12703984084270845,3.064776914564616,0.9339378363612943,-0.7021343161967648,0.0005242375246585454,69.05302245315572
55.56431007214753,0.020696956366631786,0.12703984084270845,3.064776914564616,0.9339378363612943,-0.7021343161967648,0.0005242375246585454,69.05302245315572
55.56431007214753,0.020696956366631786,0.12703984084270845,3.064776914564616,0.9339378363612943,-0.7021343161967648,0.0005242375246585454,69.05302245315572
55.56431007214753,0.020696956366631786,0.12703984084270845,3.064776914564616,0.9339378363612943,-0.7021343161967648,0.0005242375246585454,69.05302245315572
55.56431007214753,0.020696956366631786,0.12703984084270845,3.064776914564616,0.9339378363612943,-0.7021343161967648,0.0005242375246585454,69.05302245315572
55.56431007214753,0.020696956366631786,0.12703984084270845,3.064776914564616,0.9339378363612943,-0.7021343161967648,0.0005242375246585454,69.05302245315572
55.56431007214753,0.020696956366631786,0.12703984084270845,3.064776914564616,0.9339378363612943,-0.7021343161967648,0.0005242375246585454,69.05302245315572
55.56431007214753,0.020696956366631786,0.12703984084270845,3.064776914564616,0.9339378363612943,-0.7021343161967648,0.0005242375246585454,69.05302245315572
55.56431007214753,0.020696956366631786,0.12703984084270845,3.064776914564616,0.9339378363612943,-0.7021343161967648,0.0005242375246585454,69.05302245315572
55.56431007214753,0.020696956366631786,0.12703984084270845,3.064776914564616,0.9339378363612943,-0.7021343161967648,0.0005242375246585454,69.05302245315572
55.56431007214753,0.020696956366631786,0.12703984084270845,3.064776914564616,0.9339378363612943,-0.7021343161967648,0.0005242375246585454,69.05302245315572
54.22268318167069,0.02081875754203727,0.12595207311004342,3.062502745276948,0.9409012656914623,-0.6186108065662048,0.000536876731417842,68.8227832610614
54.22268318167069,0.02081875754203727,0.12595207311004342,3.062502745276948,0.9409012656914623,-0.6186108065662048,0.000536876731417842,68.8227832610614
54.22268318167069,0.02081875754203727,0.12595207311004342,3.062502745276948,0.9409012656914623,-0.6186108065662048,0.000536876731417842,68.8227832610614
54.22268318167069,0.02081875754203727,0.12595207311004342,3.062502745276948,0.9409012656914623,-0.6186108065662048,0.000536876731417842,68.8227832610614
54.22268318167069,0.02081875754203727,0.12595207311004342,3.062502745276948,0.9409012656914623,-0.6186108065662048,0.000536876731417842,68.8227832610614
54.22268318167069,0.02081875754203727,0.12595207311004342,3.062502745276948,0.9409012656914623,-0.6186108065662048,0.000536876731417842,68.8227832610614
54.22268318167069,0.02081875754203727,0.12595207311004342,3.062502745276948,0.9409012656914623,-0.6186108065662048,0.000536876731417842,68.8227832610614
54.22268318167069,0.02081875754203727,0.12595207311004342,3.062502745276948,0.9409012656914623,-0.6186108065662048,0.000536876731417842,68.8227832610614
54.22268318167069,0.02081875754203727,0.12595207311004342,3.062502745276948,0.9409012656914623,-0.6186108065662048,0.000536876731417842,68.8227832610614
54.22268318167069,0.02081875754203727,0.12595207311004342,3.062502745276948,0.9409012656914623,-0.6186108065662048,0.000536876731417842,68.8227832610614
54.22268318167069,0.02081875754203727,0.12595207311004342,3.062502745276948,0.9409012656914623,-0.6186108065662048,0.000536876731417842,68.8227832610614
54.22268318167069,0.02081875754203727,0.12595207311004342,3.062502745276948,0.9409012656914623,-0.6186108065662048,0.000536876731417842,68.8227832610614
54.22268318167069,0.02081875754203727,0.12595207311004342,3.062502745276948,0.9409012656914623,-0.6186108065662048,0.000536876731417842,68.8227832610614
54.22268318167069,0.02081875754203727,0.12595207311004342,3.062502745276948,0.9409012656914623,-0.6186108065662048,0.000536876731417842,68.8227832610614
54.22268318167069,0.02081875754203727,0.12595207311004342,3.062502745276948,0.9409012656914623,-0.6186108065662048,0.000536876731417842,68.8227832610614
54.22268318167069,0.02081875754203727,0.12595207311004342,3.062502745276948,0.9409012656914623,-0.6186108065662048,0.000536876731417842,68.8227832610614
54.22268318167069,0.02081875754203727,0.12595207311004342,3.062502745276948,0.9409012656914623,-0.6186108065662048,0.000536876731417842,68.8227832610614
54.22268318167069,0.02081875754203727,0.12595207311004342,3.062502745276948,0.9409012656914623,-0.6186108065662048,0.000536876731417842,68.8227832610614
54.22268318167069,0.02081875754203727,0.12595207311004342,3.062502745276948,0.9409012656914623,-0.6186108065662048,0.000536876731417842,68.8227832610614
54.22268318167069,0.02081875754203727,0.12595207311004342,3.062502745276948,0.9409012656914623,-0.6186108065662048,0.000536876731417842,68.8227832610614
54.22268318167069,0.02081875754203727,0.12595207311004342,3.062502745276948,0.9409012656914623,-0.6186108065662048,0.000536876731417842,68.8227832610614
54.22268318167069,0.02081875754203727,0.12595207311004342,3.062502745276948,0.9409012656914623,-0.6186108065662048,0.000536876731417842,68.8227832610614
54.22268318167069,0.02081875754203727,0.12595207311004342,3.062502745276948,0.9409012656914623,-0.6186108065662048,0.000536876731417842,68.8227832610614
54.22268318167069,0.02081875754203727,0.12595207311004342,3.062502745276948,0.9409012656914623,-0.6186108065662048,0.000536876731417842,68.8227832610614
54.22268318167069,0.02081875754203727,0.12595207311004342,3.062502745276948,0.9409012656914623,-0.6186108065662048,0.000536876731417842,68.8227832610614
54.22268318167069,0.02081875754203727,0.12595207311004342,3.062502745276948,0.9409012656914623,-0.6186108065662048,0.000536876731417842,68.8227832610614
54.22268318167069,0.02081875754203727,0.12595207311004342,3.062502745276948,0.9409012656914623,-0.6186108065662048,0.000536876731417842,68.8227832610614
54.22268318167069,0.02081875754203727,0.12595207311004342,3.062502745276948,0.9409012656914623,-0.6186108065662048,0.000536876731417842,68.8227832610614
54.22268318167069,0.02081875754203727,0.12595207311004342,3.062502745276948,0.9409012656914623,-0.6186108065662048,0.000536876731417842,68.8227832610614
54.22268318167069,0.02081875754203727,0.12595207311004342,3.062502745276948,0.9409012656914623,-0.6186108065662048,0.000536876731417842,68.8227832610614
54.22268318167069,0.02081875754203727,0.12595207311004342,3.062502745276948,0.9409012656914623,-0.6186108065662048,0.000536876731417842,68.8227832610614
54.22268318167069,0.02081875754203727,0.12595207311004342,3.062502745276948,0.9409012656914623,-0.6186108065662048,0.000536876731417842,68.8227832610614
54.22268318167069,0.02081875754203727,0.12595207311004342,3.062502745276948,0.9409012656914623,-0.6186108065662048,0.000536876731417842,68.8227832610614
54.22268318167069,0.02081875754203727,0.12595207311004342,3.062502745276948,0.9409012656914623,-0.6186108065662048,0.000536876731417842,68.8227832610614
54.22268318167069,0.02081875754203727,0.12595207311004342,3.062502745276948,0.9409012656914623,-0.6186108065662048,0.000536876731417842,68.8227832610614
54.22268318167069,0.02081875754203727,0.12595207311004342,3.062502745276948,0.9409012656914623,-0.6186108065662048,0.000536876731417842,68.8227832610614
54.22268318167069,0.02081875754203727,0.12595207311004342,3.062502745276948,0.9409012656914623,-0.6186108065662048,0.000536876731417842,68.8227832610614
54.22268318167069,0.02081875754203727,0.12595207311004342,3.062502745276948,0.9409012656914623,-0.6186108065662048,0.000536876731417842,68.8227832610614
54.22268318167069,0.02081875754203727,0.12595207311004342,3.062502745276948,0.9409012656914623,-0.6186108065662048,0.000536876731417842,68.8227832610614
54.22268318167069,0.02081875754203727,0.12595207311004342,3.062502745276948,0.9409012656914623,-0.6186108065662048,0.000536876731417842,68.8227832610614
54.22268318167069,0.02081875754203727,0.12595207311004342,3.062502745276948,0.9409012656914623,-0.6186108065662048,0.000536876731417842,68.8227832610614
54.22268318167069,0.02081875754203727,0.12595207311004342,3.062502745276948,0.9409012656914623,-0.6186108065662048,0.000536876731417842,68.8227832610614
54.22268318167069,0.02081875754203727,0.12595207311004342,3.062502745276948,0.9409012656914623,-0.6186108065662048,0.000536876731417842,68.8227832610614
54.22268318167069,0.02081875754203727,0.12595207311004342,3.062502745276948,0.9409012656914623,-0.6186108065662048,0.000536876731417842,68.8227832610614
54.22268318167069,0.02081875754203727,0.12595207311004342,3.062502745276948,0.9409012656914623,-0.6186108065662048,0.000536876731417842,68.8227832610614
54.22268318167069,0.02081875754203727,0.12595207311004342,3.062502745276948,0.9409012656914623,-0.6186108065662048,0.000536876731417842,68.8227832610614
54.22268318167069,0.02081875754203727,0.12595207311004342,3.062502745276948,0.9409012656914623,-0.6186108065662048,0.000536876731417842,68.8227832610614
54.22268318167069,0.02081875754203727,0.12595207311004342,3.062502745276948,0.9409012656914623,-0.6186108065662048,0.000536876731417842,68.8227832610614
54.22268318167069,0.02081875754203727,0.12595207311004342,3.062502745276948,0.9409012656914623,-0.6186108065662048,0.000536876731417842,68.8227832610614
54.22268318167069,0.02081875754203727,0.12595207311004342,3.062502745276948,0.9409012656914623,-0.6186108065662048,0.000536876731417842,68.8227832610614
54.22268318167069,0.02081875754203727,0.12595207311004342,3.062502745276948,0.9409012656914623,-0.6186108065662048,0.000536876731417842,68.8227832610614
54.22268318167069,0.02081875754203727,0.12595207311004342,3.062502745276948,0.9409012656914623,-0.6186108065662048,0.000536876731417842,68.8227832610614
54.22268318167069,0.02081875754203727,0.12595207311004342,3.062502745276948,0.9409012656914623,-0.6186108065662048,0.000536876731417842,68.8227832610614
54.22268318167069,0.02081875754203727,0.12595207311004342,3.062502745276948,0.9409012656914623,-0.6186108065662048,0.000536876731417842,68.8227832610614
54.22268318167069,0.02081875754203727,0.12595207311004342,3.062502745276948,0.9409012656914623,-0.6186108065662048,0.000536876731417842,68.8227832610614
54.22268318167069,0.02081875754203727,0.12595207311004342,3.062502745276948,0.9409012656914623,-0.6186108065662048,0.000536876731417842,68.8227832610614
54.22268318167069,0.02081875754203727,0.12595207311004342,3.062502745276948,0.9409012656914623,-0.6186108065662048,0.000536876731417842,68.8227832610614
54.22268318167069,0.02081875754203727,0.12595207311004342,3.062502745276948,0.9409012656914623,-0.6186108065662048,0.000536876731417842,68.8227832610614
54.22268318167069,0.02081875754203727,0.12595207311004342,3.062502745276948,0.9409012656914623,-0.6186108065662048,0.000536876731417842,68.8227832610614
54.22268318167069,0.02081875754203727,0.12595207311004342,3.062502745276948,0.9409012656914623,-0.6186108065662048,0.000536876731417842,68.8227832610614
54.22268318167069,0.02081875754203727,0.12595207311004342,3.062502745276948,0.9409012656914623,-0.6186108065662048,0.000536876731417842,68.8227832610614
54.22268318167069,0.02081875754203727,0.12595207311004342,3.062502745276948,0.9409012656914623,-0.6186108065662048,0.000536876731417842,68.8227832610614
54.22268318167069,0.02081875754203727,0.12595207311004342,3.062502745276948,0.9409012656914623,-0.6186108065662048,0.000536876731417842,68.8227832610614
54.22268318167069,0.02081875754203727,0.12595207311004342,3.062502745276948,0.9409012656914623,-0.6186108065662048,0.000536876731417842,68.8227832610614
54.22268318167069,0.02081875754203727,0.12595207311004342,3.062502745276948,0.9409012656914623,-0.6186108065662048,0.000536876731417842,68.8227832610614
54.22268318167069,0.02081875754203727,0.12595207311004342,3.062502745276948,0.9409012656914623,-0.6186108065662048,0.000536876731417842,68.8227832610614
54.22268318167069,0.02081875754203727,0.12595207311004342,3.062502745276948,0.9409012656914623,-0.6186108065662048,0.000536876731417842,68.8227832610614
54.22268318167069,0.02081875754203727,0.12595207311004342,3.062502745276948,0.9409012656914623,-0.6186108065662048,0.000536876731417842,68.8227832610614
54.22268318167069,0.02081875754203727,0.12595207311004342,3.062502745276948,0.9409012656914623,-0.6186108065662048,0.000536876731417842,68.8227832610614
54.22268318167069,0.02081875754203727,0.12595207311004342,3.062502745276948,0.9409012656914623,-0.6186108065662048,0.000536876731417842,68.8227832610614
54.22268318167069,0.02081875754203727,0.12595207311004342,3.062502745276948,0.9409012656914623,-0.6186108065662048,0.000536876731417842,68.8227832610614
54.22268318167069,0.02081875754203727,0.12595207311004342,3.062502745276948,0.9409012656914623,-0.6186108065662048,0.000536876731417842,68.8227832610614
54.22268318167069,0.02081875754203727,0.12595207311004342,3.062502745276948,0.9409012656914623,-0.6186108065662048,0.000536876731417842,68.8227832610614
54.22268318167069,0.02081875754203727,0.12595207311004342,3.062502745276948,0.9409012656914623,-0.6186108065662048,0.000536876731417842,68.8227832610614
54.22268318167069,0.02081875754203727,0.12595207311004342,3.062502745276948,0.9409012656914623,-0.6186108065662048,0.000536876731417842,68.8227832610614
54.22268318167069,0.02081875754203727,0.12595207311004342,3.062502745276948,0.9409012656914623,-0.6186108065662048,0.000536876731417842,68.8227832610614
54.22268318167069,0.02081875754203727,0.12595207311004342,3.062502745276948,0.9409012656914623,-0.6186108065662048,0.000536876731417842,68.8227832610614
54.22268318167069,0.02081875754203727,0.12595207311004342,3.062502745276948,0.9409012656914623,-0.6186108065662048,0.000536876731417842,68.8227832610614
54.22268318167069,0.02081875754203727,0.12595207311004342,3.062502745276948,0.9409012656914623,-0.6186108065662048,0.000536876731417842,68.8227832610614
54.22268318167069,0.02081875754203727,0.12595207311004342,3.062502745276948,0.9409012656914623,-0.6186108065662048,0.000536876731417842,68.8227832610614
54.22268318167069,0.02081875754203727,0.12595207311004342,3.062502745276948,0.9409012656914623,-0.6186108065662048,0.000536876731417842,68.8227832610614
54.22268318167069,0.02081875754203727,0.12595207311004342,3.062502745276948,0.9409012656914623,-0.6186108065662048,0.000536876731417842,68.8227832610614
54.22268318167069,0.02081875754203727,0.12595207311004342,3.062502745276948,0.9409012656914623,-0.6186108065662048,0.000536876731417842,68.8227832610614
54.22268318167069,0.02081875754203727,0.12595207311004342,3.062502745276948,0.9409012656914623,-0.6186108065662048,0.000536876731417842,68.8227832610614
54.22268318167069,0.02081875754203727,0.12595207311004342,3.062502745276948,0.9409012656914623,-0.6186108065662048,0.000536876731417842,68.8227832610614
54.22268318167069,0.02081875754203727,0.12595207311004342,3.062502745276948,0.9409012656914623,-0.6186108065662048,0.000536876731417842,68.8227832610614
54.22268318167069,0.02081875754203727,0.12595207311004342,3.062502745276948,0.9409012656914623,-0.6186108065662048,0.000536876731417842,68.8227832610614
54.22268318167069,0.02081875754203727,0.12595207311004342,3.062502745276948,0.9409012656914623,-0.6186108065662048,0.000536876731417842,68.8227832610614
54.22268318167069,0.02081875754203727,0.12595207311004342,3.062502745276948,0.9409012656914623,-0.6186108065662048,0.000536876731417842,68.8227832610614
54.22268318167069,0.02081875754203727,0.12595207311004342,3.062502745276948,0.9409012656914623,-0.6186108065662048,0.000536876731417842,68.8227832610614
54.22268318167069,0.02081875754203727,0.12595207311004342,3.062502745276948,0.9409012656914623,-0.6186108065662048,0.000536876731417842,68.8227832610614
54.22268318167069,0.02081875754203727,0.12595207311004342,3.062502745276948,0.9409012656914623,-0.6186108065662048,0.000536876731417842,68.8227832610614
54.22268318167069,0.02081875754203727,0.12595207311004342,3.062502745276948,0.9409012656914623,-0.6186108065662048,0.000536876731417842,68.8227832610614
54.22268318167069,0.02081875754203727,0.12595207311004342,3.062502745276948,0.9409012656914623,-0.6186108065662048,0.000536876731417842,68.8227832610614
54.22268318167069,0.02081875754203727,0.12595207311004342,3.062502745276948,0.9409012656914623,-0.6186108065662048,0.000536876731417842,68.8227832610614
54.22268318167069,0.02081875754203727,0.12595207311004342,3.062502745276948,0.9409012656914623,-0.6186108065662048,0.000536876731417842,68.8227832610614
54.22268318167069,0.02081875754203727,0.12595207311004342,3.062502745276948,0.9409012656914623,-0.6186108065662048,0.000536876731417842,68.8227832610614
54.22268318167069,0.02081875754203727,0.12595207311004342,3.062502745276948,0.9409012656914623,-0.6186108065662048,0.000536876731417842,68.8227832610614
54.22268318167069,0.02081875754203727,0.12595207311004342,3.062502745276948,0.9409012656914623,-0.6186108065662048,0.000536876731417842,68.8227832610614
54.22268318167069,0.02081875754203727,0.12595207311004342,3.062502745276948,0.9409012656914623,-0.6186108065662048,0.000536876731417842,68.8227832610614
54.22268318167069,0.02081875754203727,0.12595207311004342,3.062502745276948,0.9409012656914623,-0.6186108065662048,0.000536876731417842,68.8227832610614
55.65301720936752,0.020574862496131167,0.12667274003788517,3.0630768833129105,0.9348363877101388,-0.7026258035503843,0.0005412007230501262,69.62376376166982
55.65301720936752,0.020574862496131167,0.12667274003788517,3.0630768833129105,0.9348363877101388,-0.7026258035503843,0.0005412007230501262,69.62376376166982
55.65301720936752,0.020574862496131167,0.12667274003788517,3.0630768833129105,0.9348363877101388,-0.7026258035503843,0.0005412007230501262,69.62376376166982
55.65301720936752,0.020574862496131167,0.12667274003788517,3.0630768833129105,0.9348363877101388,-0.7026258035503843,0.0005412007230501262,69.62376376166982
55.65301720936752,0.020574862496131167,0.12667274003788517,3.0630768833129105,0.9348363877101388,-0.7026258035503843,0.0005412007230501262,69.62376376166982
55.65301720936752,0.020574862496131167,0.12667274003788517,3.0630768833129105,0.9348363877101388,-0.7026258035503843,0.0005412007230501262,69.62376376166982
55.65301720936752,0.020574862496131167,0.12667274003788517,3.0630768833129105,0.9348363877101388,-0.7026258035503843,0.0005412007230501262,69.62376376166982
55.65301720936752,0.020574862496131167,0.12667274003788517,3.0630768833129105,0.9348363877101388,-0.7026258035503843,0.0005412007230501262,69.62376376166982
55.65301720936752,0.020574862496131167,0.12667274003788517,3.0630768833129105,0.9348363877101388,-0.7026258035503843,0.0005412007230501262,69.62376376166982
55.65301720936752,0.020574862496131167,0.12667274003788517,3.0630768833129105,0.9348363877101388,-0.7026258035503843,0.0005412007230501262,69.62376376166982
55.65301720936752,0.020574862496131167,0.12667274003788517,3.0630768833129105,0.9348363877101388,-0.7026258035503843,0.0005412007230501262,69.62376376166982
55.65301720936752,0.020574862496131167,0.12667274003788517,3.0630768833129105,0.9348363877101388,-0.7026258035503843,0.0005412007230501262,69.62376376166982
55.65301720936752,0.020574862496131167,0.12667274003788517,3.0630768833129105,0.9348363877101388,-0.7026258035503843,0.0005412007230501262,69.62376376166982
55.65301720936752,0.020574862496131167,0.12667274003788517,3.0630768833129105,0.9348363877101388,-0.7026258035503843,0.0005412007230501262,69.62376376166982
55.65301720936752,0.020574862496131167,0.12667274003788517,3.0630768833129105,0.9348363877101388,-0.7026258035503843,0.0005412007230501262,69.62376376166982
55.65301720936752,0.020574862496131167,0.12667274003788517,3.0630768833129105,0.9348363877101388,-0.7026258035503843,0.0005412007230501262,69.62376376166982
55.65301720936752,0.020574862496131167,0.12667274003788517,3.0630768833129105,0.9348363877101388,-0.7026258035503843,0.0005412007230501262,69.62376376166982
55.65301720936752,0.020574862496131167,0.12667274003788517,3.0630768833129105,0.9348363877101388,-0.7026258035503843,0.0005412007230501262,69.62376376166982
55.65301720936752,0.020574862496131167,0.12667274003788517,3.0630768833129105,0.9348363877101388,-0.7026258035503843,0.0005412007230501262,69.62376376166982
55.39051423906505,0.020820130831608635,0.1267292049351786,3.067574347165166,0.934290857296062,-0.6874636336164612,0.0005212487939970239,74.27169498983683
55.39051423906505,0.020820130831608635,0.1267292049351786,3.067574347165166,0.934290857296062,-0.6874636336164612,0.0005212487939970239,74.27169498983683
55.39051423906505,0.020820130831608635,0.1267292049351786,3.067574347165166,0.934290857296062,-0.6874636336164612,0.0005212487939970239,74.27169498983683
55.39051423906505,0.020820130831608635,0.1267292049351786,3.067574347165166,0.934290857296062,-0.6874636336164612,0.0005212487939970239,74.27169498983683
55.39051423906505,0.020820130831608635,0.1267292049351786,3.067574347165166,0.934290857296062,-0.6874636336164612,0.0005212487939970239,74.27169498983683
55.39051423906505,0.020820130831608635,0.1267292049351786,3.067574347165166,0.934290857296062,-0.6874636336164612,0.0005212487939970239,74.27169498983683
55.39051423906505,0.020820130831608635,0.1267292049351786,3.067574347165166,0.934290857296062,-0.6874636336164612,0.0005212487939970239,74.27169498983683
55.39051423906505,0.020820130831608635,0.1267292049351786,3.067574347165166,0.934290857296062,-0.6874636336164612,0.0005212487939970239,74.27169498983683
55.39051423906505,0.020820130831608635,0.1267292049351786,3.067574347165166,0.934290857296062,-0.6874636336164612,0.0005212487939970239,74.27169498983683
55.39051423906505,0.020820130831608635,0.1267292049351786,3.067574347165166,0.934290857296062,-0.6874636336164612,0.0005212487939970239,74.27169498983683
55.39051423906505,0.020820130831608635,0.1267292049351786,3.067574347165166,0.934290857296062,-0.6874636336164612,0.0005212487939970239,74.27169498983683
55.39051423906505,0.020820130831608635,0.1267292049351786,3.067574347165166,0.934290857296062,-0.6874636336164612,0.0005212487939970239,74.27169498983683
55.39051423906505,0.020820130831608635,0.1267292049351786,3.067574347165166,0.934290857296062,-0.6874636336164612,0.0005212487939970239,74.27169498983683
55.39051423906505,0.020820130831608635,0.1267292049351786,3.067574347165166,0.934290857296062,-0.6874636336164612,0.0005212487939970239,74.27169498983683
55.39051423906505,0.020820130831608635,0.1267292049351786,3.067574347165166,0.934290857296062,-0.6874636336164612,0.0005212487939970239,74.27169498983683
55.39051423906505,0.020820130831608635,0.1267292049351786,3.067574347165166,0.934290857296062,-0.6874636336164612,0.0005212487939970239,74.27169498983683
55.39051423906505,0.020820130831608635,0.1267292049351786,3.067574347165166,0.934290857296062,-0.6874636336164612,0.0005212487939970239,74.27169498983683
55.39051423906505,0.020820130831608635,0.1267292049351786,3.067574347165166,0.934290857296062,-0.6874636336164612,0.0005212487939970239,74.27169498983683
55.39051423906505,0.020820130831608635,0.1267292049351786,3.067574347165166,0.934290857296062,-0.6874636336164612,0.0005212487939970239,74.27169498983683
55.39051423906505,0.020820130831608635,0.1267292049351786,3.067574347165166,0.934290857296062,-0.6874636336164612,0.0005212487939970239,74.27169498983683
55.39051423906505,0.020820130831608635,0.1267292049351786,3.067574347165166,0.934290857296062,-0.6874636336164612,0.0005212487939970239,74.27169498983683
55.39051423906505,0.020820130831608635,0.1267292049351786,3.067574347165166,0.934290857296062,-0.6874636336164612,0.0005212487939970239,74.27169498983683
55.39051423906505,0.020820130831608635,0.1267292049351786,3.067574347165166,0.934290857296062,-0.6874636336164612,0.0005212487939970239,74.27169498983683
55.39051423906505,0.020820130831608635,0.1267292049351786,3.067574347165166,0.934290857296062,-0.6874636336164612,0.0005212487939970239,74.27169498983683
55.39051423906505,0.020820130831608635,0.1267292049351786,3.067574347165166,0.934290857296062,-0.6874636336164612,0.0005212487939970239,74.27169498983683
55.39051423906505,0.020820130831608635,0.1267292049351786,3.067574347165166,0.934290857296062,-0.6874636336164612,0.0005212487939970239,74.27169498983683
55.39051423906505,0.020820130831608635,0.1267292049351786,3.067574347165166,0.934290857296062,-0.6874636336164612,0.0005212487939970239,74.27169498983683
55.39051423906505,0.020820130831608635,0.1267292049351786,3.067574347165166,0.934290857296062,-0.6874636336164612,0.0005212487939970239,74.27169498983683
55.39051423906505,0.020820130831608635,0.1267292049351786,3.067574347165166,0.934290857296062,-0.6874636336164612,0.0005212487939970239,74.27169498983683
55.39051423906505,0.020820130831608635,0.1267292049351786,3.067574347165166,0.934290857296062,-0.6874636336164612,0.0005212487939970239,74.27169498983683
55.39051423906505,0.020820130831608635,0.1267292049351786,3.067574347165166,0.934290857296062,-0.6874636336164612,0.0005212487939970239,74.27169498983683
55.39051423906505,0.020820130831608635,0.1267292049351786,3.067574347165166,0.934290857296062,-0.6874636336164612,0.0005212487939970239,74.27169498983683
55.39051423906505,0.020820130831608635,0.1267292049351786,3.067574347165166,0.934290857296062,-0.6874636336164612,0.0005212487939970239,74.27169498983683
55.39051423906505,0.020820130831608635,0.1267292049351786,3.067574347165166,0.934290857296062,-0.6874636336164612,0.0005212487939970239,74.27169498983683
55.39051423906505,0.020820130831608635,0.1267292049351786,3.067574347165166,0.934290857296062,-0.6874636336164612,0.0005212487939970239,74.27169498983683
55.39051423906505,0.020820130831608635,0.1267292049351786,3.067574347165166,0.934290857296062,-0.6874636336164612,0.0005212487939970239,74.27169498983683
55.39051423906505,0.020820130831608635,0.1267292049351786,3.067574347165166,0.934290857296062,-0.6874636336164612,0.0005212487939970239,74.27169498983683
55.39051423906505,0.020820130831608635,0.1267292049351786,3.067574347165166,0.934290857296062,-0.6874636336164612,0.0005212487939970239,74.27169498983683
55.39051423906505,0.020820130831608635,0.1267292049351786,3.067574347165166,0.934290857296062,-0.6874636336164612,0.0005212487939970239,74.27169498983683
55.39051423906505,0.020820130831608635,0.1267292049351786,3.067574347165166,0.934290857296062,-0.6874636336164612,0.0005212487939970239,74.27169498983683
55.39051423906505,0.020820130831608635,0.1267292049351786,3.067574347165166,0.934290857296062,-0.6874636336164612,0.0005212487939970239,74.27169498983683
55.39051423906505,0.020820130831608635,0.1267292049351786,3.067574347165166,0.934290857296062,-0.6874636336164612,0.0005212487939970239,74.27169498983683
55.39051423906505,0.020820130831608635,0.1267292049351786,3.067574347165166,0.934290857296062,-0.6874636336164612,0.0005212487939970239,74.27169498983683
55.39051423906505,0.020820130831608635,0.1267292049351786,3.067574347165166,0.934290857296062,-0.6874636336164612,0.0005212487939970239,74.27169498983683
55.39051423906505,0.020820130831608635,0.1267292049351786,3.067574347165166,0.934290857296062,-0.6874636336164612,0.0005212487939970239,74.27169498983683
55.39051423906505,0.020820130831608635,0.1267292049351786,3.067574347165166,0.934290857296062,-0.6874636336164612,0.0005212487939970239,74.27169498983683
54.73009448487702,0.020707177300030525,0.1259837843301895,3.0633495278138545,0.9284888462841356,-0.6470848422790836,0.0005761899985830778,74.00855448388221
54.73009448487702,0.020707177300030525,0.1259837843301895,3.0633495278138545,0.9284888462841356,-0.6470848422790836,0.0005761899985830778,74.00855448388221
54.73009448487702,0.020707177300030525,0.1259837843301895,3.0633495278138545,0.9284888462841356,-0.6470848422790836,0.0005761899985830778,74.00855448388221
54.73009448487702,0.020707177300030525,0.1259837843301895,3.0633495278138545,0.9284888462841356,-0.6470848422790836,0.0005761899985830778,74.00855448388221
54.73009448487702,0.020707177300030525,0.1259837843301895,3.0633495278138545,0.9284888462841356,-0.6470848422790836,0.0005761899985830778,74.00855448388221
54.73009448487702,0.020707177300030525,0.1259837843301895,3.0633495278138545,0.9284888462841356,-0.6470848422790836,0.0005761899985830778,74.00855448388221
54.73009448487702,0.020707177300030525,0.1259837843301895,3.0633495278138545,0.9284888462841356,-0.6470848422790836,0.0005761899985830778,74.00855448388221
54.73009448487702,0.020707177300030525,0.1259837843301895,3.0633495278138545,0.9284888462841356,-0.6470848422790836,0.0005761899985830778,74.00855448388221
54.73009448487702,0.020707177300030525,0.1259837843301895,3.0633495278138545,0.9284888462841356,-0.6470848422790836,0.0005761899985830778,74.00855448388221
54.73009448487702,0.020707177300030525,0.1259837843301895,3.0633495278138545,0.9284888462841356,-0.6470848422790836,0.0005761899985830778,74.00855448388221
54.73009448487702,0.020707177300030525,0.1259837843301895,3.0633495278138545,0.9284888462841356,-0.6470848422790836,0.0005761899985830778,74.00855448388221
54.73009448487702,0.020707177300030525,0.1259837843301895,3.0633495278138545,0.9284888462841356,-0.6470848422790836,0.0005761899985830778,74.00855448388221
54.73009448487702,0.020707177300030525,0.1259837843301895,3.0633495278138545,0.9284888462841356,-0.6470848422790836,0.0005761899985830778,74.00855448388221
54.73009448487702,0.020707177300030525,0.1259837843301895,3.0633495278138545,0.9284888462841356,-0.6470848422790836,0.0005761899985830778,74.00855448388221
54.73009448487702,0.020707177300030525,0.1259837843301895,3.0633495278138545,0.9284888462841356,-0.6470848422790836,0.0005761899985830778,74.00855448388221
54.73009448487702,0.020707177300030525,0.1259837843301895,3.0633495278138545,0.9284888462841356,-0.6470848422790836,0.0005761899985830778,74.00855448388221
54.73009448487702,0.020707177300030525,0.1259837843301895,3.0633495278138545,0.9284888462841356,-0.6470848422790836,0.0005761899985830778,74.00855448388221
54.73009448487702,0.020707177300030525,0.1259837843301895,3.0633495278138545,0.9284888462841356,-0.6470848422790836,0.0005761899985830778,74.00855448388221
54.73009448487702,0.020707177300030525,0.1259837843301895,3.0633495278138545,0.9284888462841356,-0.6470848422790836,0.0005761899985830778,74.00855448388221
54.73009448487702,0.020707177300030525,0.1259837843301895,3.0633495278138545,0.9284888462841356,-0.6470848422790836,0.0005761899985830778,74.00855448388221
54.73009448487702,0.020707177300030525,0.1259837843301895,3.0633495278138545,0.9284888462841356,-0.6470848422790836,0.0005761899985830778,74.00855448388221
54.73009448487702,0.020707177300030525,0.1259837843301895,3.0633495278138545,0.9284888462841356,-0.6470848422790836,0.0005761899985830778,74.00855448388221
54.73009448487702,0.020707177300030525,0.1259837843301895,3.0633495278138545,0.9284888462841356,-0.6470848422790836,0.0005761899985830778,74.00855448388221
54.73009448487702,0.020707177300030525,0.1259837843301895,3.0633495278138545,0.9284888462841356,-0.6470848422790836,0.0005761899985830778,74.00855448388221
54.73009448487702,0.020707177300030525,0.1259837843301895,3.0633495278138545,0.9284888462841356,-0.6470848422790836,0.0005761899985830778,74.00855448388221
54.73009448487702,0.020707177300030525,0.1259837843301895,3.0633495278138545,0.9284888462841356,-0.6470848422790836,0.0005761899985830778,74.00855448388221
54.73009448487702,0.020707177300030525,0.1259837843301895,3.0633495278138545,0.9284888462841356,-0.6470848422790836,0.0005761899985830778,74.00855448388221
54.73009448487702,0.020707177300030525,0.1259837843301895,3.0633495278138545,0.9284888462841356,-0.6470848422790836,0.0005761899985830778,74.00855448388221
54.73009448487702,0.020707177300030525,0.1259837843301895,3.0633495278138545,0.9284888462841356,-0.6470848422790836,0.0005761899985830778,74.00855448388221
54.73009448487702,0.020707177300030525,0.1259837843301895,3.0633495278138545,0.9284888462841356,-0.6470848422790836,0.0005761899985830778,74.00855448388221
54.66893983687882,0.02076055062034585,0.12525127619227774,3.059086243587508,0.931668939290126,-0.6393786138068221,0.0006037924490562395,73.206967071776
54.66893983687882,0.02076055062034585,0.12525127619227774,3.059086243587508,0.931668939290126,-0.6393786138068221,0.0006037924490562395,73.206967071776
54.66893983687882,0.02076055062034585,0.12525127619227774,3.059086243587508,0.931668939290126,-0.6393786138068221,0.0006037924490562395,73.206967071776
54.66893983687882,0.02076055062034585,0.12525127619227774,3.059086243587508,0.931668939290126,-0.6393786138068221,0.0006037924490562395,73.206967071776
54.66893983687882,0.02076055062034585,0.12525127619227774,3.059086243587508,0.931668939290126,-0.6393786138068221,0.0006037924490562395,73.206967071776
54.66893983687882,0.02076055062034585,0.12525127619227774,3.059086243587508,0.931668939290126,-0.6393786138068221,0.0006037924490562395,73.206967071776
54.96956900367293,0.020813879986048014,0.12513797608478933,3.0603800399957617,0.9365588146796082,-0.6335525109523418,0.0006006040090042323,72.40100383365709
54.96956900367293,0.020813879986048014,0.12513797608478933,3.0603800399957617,0.9365588146796082,-0.6335525109523418,0.0006006040090042323,72.40100383365709
54.96956900367293,0.020813879986048014,0.12513797608478933,3.0603800399957617,0.9365588146796082,-0.6335525109523418,0.0006006040090042323,72.40100383365709
54.96956900367293,0.020813879986048014,0.12513797608478933,3.0603800399957617,0.9365588146796082,-0.6335525109523418,0.0006006040090042323,72.40100383365709
54.96956900367293,0.020813879986048014,0.12513797608478933,3.0603800399957617,0.9365588146796082,-0.6335525109523418,0.0006006040090042323,72.40100383365709
54.96956900367293,0.020813879986048014,0.12513797608478933,3.0603800399957617,0.9365588146796082,-0.6335525109523418,0.0006006040090042323,72.40100383365709
54.96956900367293,0.020813879986048014,0.12513797608478933,3.0603800399957617,0.9365588146796082,-0.6335525109523418,0.0006006040090042323,72.40100383365709
54.96956900367293,0.020813879986048014,0.12513797608478933,3.0603800399957617,0.9365588146796082,-0.6335525109523418,0.0006006040090042323,72.40100383365709
54.96956900367293,0.020813879986048014,0.12513797608478933,3.0603800399957617,0.9365588146796082,-0.6335525109523418,0.0006006040090042323,72.40100383365709
54.96956900367293,0.020813879986048014,0.12513797608478933,3.0603800399957617,0.9365588146796082,-0.6335525109523418,0.0006006040090042323,72.40100383365709
54.96956900367293,0.020813879986048014,0.12513797608478933,3.0603800399957617,0.9365588146796082,-0.6335525109523418,0.0006006040090042323,72.40100383365709
54.96956900367293,0.020813879986048014,0.12513797608478933,3.0603800399957617,0.9365588146796082,-0.6335525109523418,0.0006006040090042323,72.40100383365709
54.96956900367293,0.020813879986048014,0.12513797608478933,3.0603800399957617,0.9365588146796082,-0.6335525109523418,0.0006006040090042323,72.40100383365709
54.96956900367293,0.020813879986048014,0.12513797608478933,3.0603800399957617,0.9365588146796082,-0.6335525109523418,0.0006006040090042323,72.40100383365709
56.798123975897724,0.020672975793870316,0.1270553380031072,3.0668715501842407,0.9388686972846787,-0.7684944589013732,0.0004955623371075627,75.93717246027256
56.798123975897724,0.020672975793870316,0.1270553380031072,3.0668715501842407,0.9388686972846787,-0.7684944589013732,0.0004955623371075627,75.93717246027256
56.798123975897724,0.020672975793870316,0.1270553380031072,3.0668715501842407,0.9388686972846787,-0.7684944589013732,0.0004955623371075627,75.93717246027256
56.798123975897724,0.020672975793870316,0.1270553380031072,3.0668715501842407,0.9388686972846787,-0.7684944589013732,0.0004955623371075627,75.93717246027256
59.0078808101236,0.020855923566859023,0.12653952021877246,3.0665151464781273,0.9456152836544013,-0.8148682029095344,0.0005080854023256027,80.01521060771532
59.0078808101236,0.020855923566859023,0.12653952021877246,3.0665151464781273,0.9456152836544013,-0.8148682029095344,0.0005080854023256027,80.01521060771532
59.0078808101236,0.020855923566859023,0.12653952021877246,3.0665151464781273,0.9456152836544013,-0.8148682029095344,0.0005080854023256027,80.01521060771532
59.0078808101236,0.020855923566859023,0.12653952021877246,3.0665151464781273,0.9456152836544013,-0.8148682029095344,0.0005080854023256027,80.01521060771532
59.0078808101236,0.020855923566859023,0.12653952021877246,3.0665151464781273,0.9456152836544013,-0.8148682029095344,0.0005080854023256027,80.01521060771532
55.96253989319613,0.0212646630194955,0.12461526764795575,3.0648326194832674,0.9496222020388886,-0.6645926759950571,0.000505871647610079,73.55569505223387
55.96253989319613,0.0212646630194955,0.12461526764795575,3.0648326194832674,0.9496222020388886,-0.6645926759950571,0.000505871647610079,73.55569505223387
55.96253989319613,0.0212646630194955,0.12461526764795575,3.0648326194832674,0.9496222020388886,-0.6645926759950571,0.000505871647610079,73.55569505223387
55.96253989319613,0.0212646630194955,0.12461526764795575,3.0648326194832674,0.9496222020388886,-0.6645926759950571,0.000505871647610079,73.55569505223387
55.96253989319613,0.0212646630194955,0.12461526764795575,3.0648326194832674,0.9496222020388886,-0.6645926759950571,0.000505871647610079,73.55569505223387
55.96253989319613,0.0212646630194955,0.12461526764795575,3.0648326194832674,0.9496222020388886,-0.6645926759950571,0.000505871647610079,73.55569505223387
55.96253989319613,0.0212646630194955,0.12461526764795575,3.0648326194832674,0.9496222020388886,-0.6645926759950571,0.000505871647610079,73.55569505223387
55.96253989319613,0.0212646630194955,0.12461526764795575,3.0648326194832674,0.9496222020388886,-0.6645926759950571,0.000505871647610079,73.55569505223387
55.96253989319613,0.0212646630194955,0.12461526764795575,3.0648326194832674,0.9496222020388886,-0.6645926759950571,0.000505871647610079,73.55569505223387
55.96253989319613,0.0212646630194955,0.12461526764795575,3.0648326194832674,0.9496222020388886,-0.6645926759950571,0.000505871647610079,73.55569505223387
55.96253989319613,0.0212646630194955,0.12461526764795575,3.0648326194832674,0.9496222020388886,-0.6645926759950571,0.000505871647610079,73.55569505223387
55.96253989319613,0.0212646630194955,0.12461526764795575,3.0648326194832674,0.9496222020388886,-0.6645926759950571,0.000505871647610079,73.55569505223387
55.96253989319613,0.0212646630194955,0.12461526764795575,3.0648326194832674,0.9496222020388886,-0.6645926759950571,0.000505871647610079,73.55569505223387
55.96253989319613,0.0212646630194955,0.12461526764795575,3.0648326194832674,0.9496222020388886,-0.6645926759950571,0.000505871647610079,73.55569505223387
55.96253989319613,0.0212646630194955,0.12461526764795575,3.0648326194832674,0.9496222020388886,-0.6645926759950571,0.000505871647610079,73.55569505223387
55.96253989319613,0.0212646630194955,0.12461526764795575,3.0648326194832674,0.9496222020388886,-0.6645926759950571,0.000505871647610079,73.55569505223387
55.96253989319613,0.0212646630194955,0.12461526764795575,3.0648326194832674,0.9496222020388886,-0.6645926759950571,0.000505871647610079,73.55569505223387
55.96253989319613,0.0212646630194955,0.12461526764795575,3.0648326194832674,0.9496222020388886,-0.6645926759950571,0.000505871647610079,73.55569505223387
55.96253989319613,0.0212646630194955,0.12461526764795575,3.0648326194832674,0.9496222020388886,-0.6645926759950571,0.000505871647610079,73.55569505223387
55.96253989319613,0.0212646630194955,0.12461526764795575,3.0648326194832674,0.9496222020388886,-0.6645926759950571,0.000505871647610079,73.55569505223387
55.96253989319613,0.0212646630194955,0.12461526764795575,3.0648326194832674,0.9496222020388886,-0.6645926759950571,0.000505871647610079,73.55569505223387
55.96253989319613,0.0212646630194955,0.12461526764795575,3.0648326194832674,0.9496222020388886,-0.6645926759950571,0.000505871647610079,73.55569505223387
55.96253989319613,0.0212646630194955,0.12461526764795575,3.0648326194832674,0.9496222020388886,-0.6645926759950571,0.000505871647610079,73.55569505223387
55.96253989319613,0.0212646630194955,0.12461526764795575,3.0648326194832674,0.9496222020388886,-0.6645926759950571,0.000505871647610079,73.55569505223387
55.96253989319613,0.0212646630194955,0.12461526764795575,3.0648326194832674,0.9496222020388886,-0.6645926759950571,0.000505871647610079,73.55569505223387
55.96253989319613,0.0212646630194955,0.12461526764795575,3.0648326194832674,0.9496222020388886,-0.6645926759950571,0.000505871647610079,73.55569505223387
55.96253989319613,0.0212646630194955,0.12461526764795575,3.0648326194832674,0.9496222020388886,-0.6645926759950571,0.000505871647610079,73.55569505223387
55.96253989319613,0.0212646630194955,0.12461526764795575,3.0648326194832674,0.9496222020388886,-0.6645926759950571,0.000505871647610079,73.55569505223387
55.96253989319613,0.0212646630194955,0.12461526764795575,3.0648326194832674,0.9496222020388886,-0.6645926759950571,0.000505871647610079,73.55569505223387
55.96253989319613,0.0212646630194955,0.12461526764795575,3.0648326194832674,0.9496222020388886,-0.6645926759950571,0.000505871647610079,73.55569505223387
55.96253989319613,0.0212646630194955,0.12461526764795575,3.0648326194832674,0.9496222020388886,-0.6645926759950571,0.000505871647610079,73.55569505223387
55.96253989319613,0.0212646630194955,0.12461526764795575,3.0648326194832674,0.9496222020388886,-0.6645926759950571,0.000505871647610079,73.55569505223387
55.96253989319613,0.0212646630194955,0.12461526764795575,3.0648326194832674,0.9496222020388886,-0.6645926759950571,0.000505871647610079,73.55569505223387
55.96253989319613,0.0212646630194955,0.12461526764795575,3.0648326194832674,0.9496222020388886,-0.6645926759950571,0.000505871647610079,73.55569505223387
55.96253989319613,0.0212646630194955,0.12461526764795575,3.0648326194832674,0.9496222020388886,-0.6645926759950571,0.000505871647610079,73.55569505223387
55.96253989319613,0.0212646630194955,0.12461526764795575,3.0648326194832674,0.9496222020388886,-0.6645926759950571,0.000505871647610079,73.55569505223387
55.96253989319613,0.0212646630194955,0.12461526764795575,3.0648326194832674,0.9496222020388886,-0.6645926759950571,0.000505871647610079,73.55569505223387
55.96253989319613,0.0212646630194955,0.12461526764795575,3.0648326194832674,0.9496222020388886,-0.6645926759950571,0.000505871647610079,73.55569505223387
55.96253989319613,0.0212646630194955,0.12461526764795575,3.0648326194832674,0.9496222020388886,-0.6645926759950571,0.000505871647610079,73.55569505223387
55.96253989319613,0.0212646630194955,0.12461526764795575,3.0648326194832674,0.9496222020388886,-0.6645926759950571,0.000505871647610079,73.55569505223387
55.96253989319613,0.0212646630194955,0.12461526764795575,3.0648326194832674,0.9496222020388886,-0.6645926759950571,0.000505871647610079,73.55569505223387
55.96253989319613,0.0212646630194955,0.12461526764795575,3.0648326194832674,0.9496222020388886,-0.6645926759950571,0.000505871647610079,73.55569505223387
55.96253989319613,0.0212646630194955,0.12461526764795575,3.0648326194832674,0.9496222020388886,-0.6645926759950571,0.000505871647610079,73.55569505223387
55.96253989319613,0.0212646630194955,0.12461526764795575,3.0648326194832674,0.9496222020388886,-0.6645926759950571,0.000505871647610079,73.55569505223387
55.96253989319613,0.0212646630194955,0.12461526764795575,3.0648326194832674,0.9496222020388886,-0.6645926759950571,0.000505871647610079,73.55569505223387
55.96253989319613,0.0212646630194955,0.12461526764795575,3.0648326194832674,0.9496222020388886,-0.6645926759950571,0.000505871647610079,73.55569505223387
55.96253989319613,0.0212646630194955,0.12461526764795575,3.0648326194832674,0.9496222020388886,-0.6645926759950571,0.000505871647610079,73.55569505223387
55.96253989319613,0.0212646630194955,0.12461526764795575,3.0648326194832674,0.9496222020388886,-0.6645926759950571,0.000505871647610079,73.55569505223387
55.96253989319613,0.0212646630194955,0.12461526764795575,3.0648326194832674,0.9496222020388886,-0.6645926759950571,0.000505871647610079,73.55569505223387
55.96253989319613,0.0212646630194955,0.12461526764795575,3.0648326194832674,0.9496222020388886,-0.6645926759950571,0.000505871647610079,73.55569505223387
55.96253989319613,0.0212646630194955,0.12461526764795575,3.0648326194832674,0.9496222020388886,-0.6645926759950571,0.000505871647610079,73.55569505223387
55.96253989319613,0.0212646630194955,0.12461526764795575,3.0648326194832674,0.9496222020388886,-0.6645926759950571,0.000505871647610079,73.55569505223387
55.96253989319613,0.0212646630194955,0.12461526764795575,3.0648326194832674,0.9496222020388886,-0.6645926759950571,0.000505871647610079,73.55569505223387
55.96253989319613,0.0212646630194955,0.12461526764795575,3.0648326194832674,0.9496222020388886,-0.6645926759950571,0.000505871647610079,73.55569505223387
55.96253989319613,0.0212646630194955,0.12461526764795575,3.0648326194832674,0.9496222020388886,-0.6645926759950571,0.000505871647610079,73.55569505223387
55.96253989319613,0.0212646630194955,0.12461526764795575,3.0648326194832674,0.9496222020388886,-0.6645926759950571,0.000505871647610079,73.55569505223387
55.96253989319613,0.0212646630194955,0.12461526764795575,3.0648326194832674,0.9496222020388886,-0.6645926759950571,0.000505871647610079,73.55569505223387
53.694688923010496,0.021111411418781097,0.1224869866104503,3.05955559125397,0.9565347868543532,-0.5600316564882001,0.0004722781423194936,73.15925172918803
53.694688923010496,0.021111411418781097,0.1224869866104503,3.05955559125397,0.9565347868543532,-0.5600316564882001,0.0004722781423194936,73.15925172918803
53.694688923010496,0.021111411418781097,0.1224869866104503,3.05955559125397,0.9565347868543532,-0.5600316564882001,0.0004722781423194936,73.15925172918803
53.694688923010496,0.021111411418781097,0.1224869866104503,3.05955559125397,0.9565347868543532,-0.5600316564882001,0.0004722781423194936,73.15925172918803
53.694688923010496,0.021111411418781097,0.1224869866104503,3.05955559125397,0.9565347868543532,-0.5600316564882001,0.0004722781423194936,73.15925172918803
53.694688923010496,0.021111411418781097,0.1224869866104503,3.05955559125397,0.9565347868543532,-0.5600316564882001,0.0004722781423194936,73.15925172918803
53.694688923010496,0.021111411418781097,0.1224869866104503,3.05955559125397,0.9565347868543532,-0.5600316564882001,0.0004722781423194936,73.15925172918803
53.694688923010496,0.021111411418781097,0.1224869866104503,3.05955559125397,0.9565347868543532,-0.5600316564882001,0.0004722781423194936,73.15925172918803
53.694688923010496,0.021111411418781097,0.1224869866104503,3.05955559125397,0.9565347868543532,-0.5600316564882001,0.0004722781423194936,73.15925172918803
53.694688923010496,0.021111411418781097,0.1224869866104503,3.05955559125397,0.9565347868543532,-0.5600316564882001,0.0004722781423194936,73.15925172918803
53.694688923010496,0.021111411418781097,0.1224869866104503,3.05955559125397,0.9565347868543532,-0.5600316564882001,0.0004722781423194936,73.15925172918803
53.694688923010496,0.021111411418781097,0.1224869866104503,3.05955559125397,0.9565347868543532,-0.5600316564882001,0.0004722781423194936,73.15925172918803
53.694688923010496,0.021111411418781097,0.1224869866104503,3.05955559125397,0.9565347868543532,-0.5600316564882001,0.0004722781423194936,73.15925172918803
53.694688923010496,0.021111411418781097,0.1224869866104503,3.05955559125397,0.9565347868543532,-0.5600316564882001,0.0004722781423194936,73.15925172918803
53.694688923010496,0.021111411418781097,0.1224869866104503,3.05955559125397,0.9565347868543532,-0.5600316564882001,0.0004722781423194936,73.15925172918803
51.183692539995654,0.021157606800599353,0.12176333220867107,3.055830342652949,0.9547493964400012,-0.44310016779308137,0.0005108709550755099,73.25615104305962
51.183692539995654,0.021157606800599353,0.12176333220867107,3.055830342652949,0.9547493964400012,-0.44310016779308137,0.0005108709550755099,73.25615104305962
51.183692539995654,0.021157606800599353,0.12176333220867107,3.055830342652949,0.9547493964400012,-0.44310016779308137,0.0005108709550755099,73.25615104305962
51.183692539995654,0.021157606800599353,0.12176333220867107,3.055830342652949,0.9547493964400012,-0.44310016779308137,0.0005108709550755099,73.25615104305962
51.183692539995654,0.021157606800599353,0.12176333220867107,3.055830342652949,0.9547493964400012,-0.44310016779308137,0.0005108709550755099,73.25615104305962
51.183692539995654,0.021157606800599353,0.12176333220867107,3.055830342652949,0.9547493964400012,-0.44310016779308137,0.0005108709550755099,73.25615104305962
51.183692539995654,0.021157606800599353,0.12176333220867107,3.055830342652949,0.9547493964400012,-0.44310016779308137,0.0005108709550755099,73.25615104305962
51.183692539995654,0.021157606800599353,0.12176333220867107,3.055830342652949,0.9547493964400012,-0.44310016779308137,0.0005108709550755099,73.25615104305962
51.183692539995654,0.021157606800599353,0.12176333220867107,3.055830342652949,0.9547493964400012,-0.44310016779308137,0.0005108709550755099,73.25615104305962
51.183692539995654,0.021157606800599353,0.12176333220867107,3.055830342652949,0.9547493964400012,-0.44310016779308137,0.0005108709550755099,73.25615104305962
51.183692539995654,0.021157606800599353,0.12176333220867107,3.055830342652949,0.9547493964400012,-0.44310016779308137,0.0005108709550755099,73.25615104305962
51.183692539995654,0.021157606800599353,0.12176333220867107,3.055830342652949,0.9547493964400012,-0.44310016779308137,0.0005108709550755099,73.25615104305962
51.183692539995654,0.021157606800599353,0.12176333220867107,3.055830342652949,0.9547493964400012,-0.44310016779308137,0.0005108709550755099,73.25615104305962
51.183692539995654,0.021157606800599353,0.12176333220867107,3.055830342652949,0.9547493964400012,-0.44310016779308137,0.0005108709550755099,73.25615104305962
51.183692539995654,0.021157606800599353,0.12176333220867107,3.055830342652949,0.9547493964400012,-0.44310016779308137,0.0005108709550755099,73.25615104305962
51.183692539995654,0.021157606800599353,0.12176333220867107,3.055830342652949,0.9547493964400012,-0.44310016779308137,0.0005108709550755099,73.25615104305962
51.183692539995654,0.021157606800599353,0.12176333220867107,3.055830342652949,0.9547493964400012,-0.44310016779308137,0.0005108709550755099,73.25615104305962
51.183692539995654,0.021157606800599353,0.12176333220867107,3.055830342652949,0.9547493964400012,-0.44310016779308137,0.0005108709550755099,73.25615104305962
55.768581372014964,0.02042876001631645,0.12715522258773426,3.066202668124166,0.9325129575681441,-0.7128327641891553,0.00047386525115183985,74.84182237196693
55.768581372014964,0.02042876001631645,0.12715522258773426,3.066202668124166,0.9325129575681441,-0.7128327641891553,0.00047386525115183985,74.84182237196693
55.768581372014964,0.02042876001631645,0.12715522258773426,3.066202668124166,0.9325129575681441,-0.7128327641891553,0.00047386525115183985,74.84182237196693
55.768581372014964,0.02042876001631645,0.12715522258773426,3.066202668124166,0.9325129575681441,-0.7128327641891553,0.00047386525115183985,74.84182237196693
55.768581372014964,0.02042876001631645,0.12715522258773426,3.066202668124166,0.9325129575681441,-0.7128327641891553,0.00047386525115183985,74.84182237196693
55.768581372014964,0.02042876001631645,0.12715522258773426,3.066202668124166,0.9325129575681441,-0.7128327641891553,0.00047386525115183985,74.84182237196693
55.768581372014964,0.02042876001631645,0.12715522258773426,3.066202668124166,0.9325129575681441,-0.7128327641891553,0.00047386525115183985,74.84182237196693
55.768581372014964,0.02042876001631645,0.12715522258773426,3.066202668124166,0.9325129575681441,-0.7128327641891553,0.00047386525115183985,74.84182237196693
55.768581372014964,0.02042876001631645,0.12715522258773426,3.066202668124166,0.9325129575681441,-0.7128327641891553,0.00047386525115183985,74.84182237196693
55.768581372014964,0.02042876001631645,0.12715522258773426,3.066202668124166,0.9325129575681441,-0.7128327641891553,0.00047386525115183985,74.84182237196693
55.768581372014964,0.02042876001631645,0.12715522258773426,3.066202668124166,0.9325129575681441,-0.7128327641891553,0.00047386525115183985,74.84182237196693
55.768581372014964,0.02042876001631645,0.12715522258773426,3.066202668124166,0.9325129575681441,-0.7128327641891553,0.00047386525115183985,74.84182237196693
55.768581372014964,0.02042876001631645,0.12715522258773426,3.066202668124166,0.9325129575681441,-0.7128327641891553,0.00047386525115183985,74.84182237196693
55.768581372014964,0.02042876001631645,0.12715522258773426,3.066202668124166,0.9325129575681441,-0.7128327641891553,0.00047386525115183985,74.84182237196693
55.768581372014964,0.02042876001631645,0.12715522258773426,3.066202668124166,0.9325129575681441,-0.7128327641891553,0.00047386525115183985,74.84182237196693
55.768581372014964,0.02042876001631645,0.12715522258773426,3.066202668124166,0.9325129575681441,-0.7128327641891553,0.00047386525115183985,74.84182237196693
55.768581372014964,0.02042876001631645,0.12715522258773426,3.066202668124166,0.9325129575681441,-0.7128327641891553,0.00047386525115183985,74.84182237196693
55.768581372014964,0.02042876001631645,0.12715522258773426,3.066202668124166,0.9325129575681441,-0.7128327641891553,0.00047386525115183985,74.84182237196693
55.768581372014964,0.02042876001631645,0.12715522258773426,3.066202668124166,0.9325129575681441,-0.7128327641891553,0.00047386525115183985,74.84182237196693
55.768581372014964,0.02042876001631645,0.12715522258773426,3.066202668124166,0.9325129575681441,-0.7128327641891553,0.00047386525115183985,74.84182237196693
55.768581372014964,0.02042876001631645,0.12715522258773426,3.066202668124166,0.9325129575681441,-0.7128327641891553,0.00047386525115183985,74.84182237196693
55.768581372014964,0.02042876001631645,0.12715522258773426,3.066202668124166,0.9325129575681441,-0.7128327641891553,0.00047386525115183985,74.84182237196693
55.768581372014964,0.02042876001631645,0.12715522258773426,3.066202668124166,0.9325129575681441,-0.7128327641891553,0.00047386525115183985,74.84182237196693
55.768581372014964,0.02042876001631645,0.12715522258773426,3.066202668124166,0.9325129575681441,-0.7128327641891553,0.00047386525115183985,74.84182237196693
55.768581372014964,0.02042876001631645,0.12715522258773426,3.066202668124166,0.9325129575681441,-0.7128327641891553,0.00047386525115183985,74.84182237196693
55.768581372014964,0.02042876001631645,0.12715522258773426,3.066202668124166,0.9325129575681441,-0.7128327641891553,0.00047386525115183985,74.84182237196693
55.768581372014964,0.02042876001631645,0.12715522258773426,3.066202668124166,0.9325129575681441,-0.7128327641891553,0.00047386525115183985,74.84182237196693
55.768581372014964,0.02042876001631645,0.12715522258773426,3.066202668124166,0.9325129575681441,-0.7128327641891553,0.00047386525115183985,74.84182237196693
55.768581372014964,0.02042876001631645,0.12715522258773426,3.066202668124166,0.9325129575681441,-0.7128327641891553,0.00047386525115183985,74.84182237196693
55.768581372014964,0.02042876001631645,0.12715522258773426,3.066202668124166,0.9325129575681441,-0.7128327641891553,0.00047386525115183985,74.84182237196693
55.768581372014964,0.02042876001631645,0.12715522258773426,3.066202668124166,0.9325129575681441,-0.7128327641891553,0.00047386525115183985,74.84182237196693
55.768581372014964,0.02042876001631645,0.12715522258773426,3.066202668124166,0.9325129575681441,-0.7128327641891553,0.00047386525115183985,74.84182237196693
55.768581372014964,0.02042876001631645,0.12715522258773426,3.066202668124166,0.9325129575681441,-0.7128327641891553,0.00047386525115183985,74.84182237196693
55.768581372014964,0.02042876001631645,0.12715522258773426,3.066202668124166,0.9325129575681441,-0.7128327641891553,0.00047386525115183985,74.84182237196693
55.768581372014964,0.02042876001631645,0.12715522258773426,3.066202668124166,0.9325129575681441,-0.7128327641891553,0.00047386525115183985,74.84182237196693
55.768581372014964,0.02042876001631645,0.12715522258773426,3.066202668124166,0.9325129575681441,-0.7128327641891553,0.00047386525115183985,74.84182237196693
55.768581372014964,0.02042876001631645,0.12715522258773426,3.066202668124166,0.9325129575681441,-0.7128327641891553,0.00047386525115183985,74.84182237196693
55.768581372014964,0.02042876001631645,0.12715522258773426,3.066202668124166,0.9325129575681441,-0.7128327641891553,0.00047386525115183985,74.84182237196693
56.45427960063854,0.020197890334483794,0.1287805013882333,3.0664918050023835,0.9249777792990606,-0.7790808548749772,0.0004992113738873901,75.84516305700356
56.45427960063854,0.020197890334483794,0.1287805013882333,3.0664918050023835,0.9249777792990606,-0.7790808548749772,0.0004992113738873901,75.84516305700356
56.45427960063854,0.020197890334483794,0.1287805013882333,3.0664918050023835,0.9249777792990606,-0.7790808548749772,0.0004992113738873901,75.84516305700356
56.45427960063854,0.020197890334483794,0.1287805013882333,3.0664918050023835,0.9249777792990606,-0.7790808548749772,0.0004992113738873901,75.84516305700356
56.45427960063854,0.020197890334483794,0.1287805013882333,3.0664918050023835,0.9249777792990606,-0.7790808548749772,0.0004992113738873901,75.84516305700356
55.17120013479845,0.02056625529445274,0.12585895111890216,3.061318936893971,0.9372247505559939,-0.6815475866925896,0.0005006292021332876,70.82402241688324
55.17120013479845,0.02056625529445274,0.12585895111890216,3.061318936893971,0.9372247505559939,-0.6815475866925896,0.0005006292021332876,70.82402241688324
55.17120013479845,0.02056625529445274,0.12585895111890216,3.061318936893971,0.9372247505559939,-0.6815475866925896,0.0005006292021332876,70.82402241688324
55.17120013479845,0.02056625529445274,0.12585895111890216,3.061318936893971,0.9372247505559939,-0.6815475866925896,0.0005006292021332876,70.82402241688324
55.17120013479845,0.02056625529445274,0.12585895111890216,3.061318936893971,0.9372247505559939,-0.6815475866925896,0.0005006292021332876,70.82402241688324
55.17120013479845,0.02056625529445274,0.12585895111890216,3.061318936893971,0.9372247505559939,-0.6815475866925896,0.0005006292021332876,70.82402241688324
55.17120013479845,0.02056625529445274,0.12585895111890216,3.061318936893971,0.9372247505559939,-0.6815475866925896,0.0005006292021332876,70.82402241688324
55.17120013479845,0.02056625529445274,0.12585895111890216,3.061318936893971,0.9372247505559939,-0.6815475866925896,0.0005006292021332876,70.82402241688324
55.17120013479845,0.02056625529445274,0.12585895111890216,3.061318936893971,0.9372247505559939,-0.6815475866925896,0.0005006292021332876,70.82402241688324
55.17120013479845,0.02056625529445274,0.12585895111890216,3.061318936893971,0.9372247505559939,-0.6815475866925896,0.0005006292021332876,70.82402241688324
55.17120013479845,0.02056625529445274,0.12585895111890216,3.061318936893971,0.9372247505559939,-0.6815475866925896,0.0005006292021332876,70.82402241688324
55.17120013479845,0.02056625529445274,0.12585895111890216,3.061318936893971,0.9372247505559939,-0.6815475866925896,0.0005006292021332876,70.82402241688324
55.17120013479845,0.02056625529445274,0.12585895111890216,3.061318936893971,0.9372247505559939,-0.6815475866925896,0.0005006292021332876,70.82402241688324
55.17120013479845,0.02056625529445274,0.12585895111890216,3.061318936893971,0.9372247505559939,-0.6815475866925896,0.0005006292021332876,70.82402241688324
55.17120013479845,0.02056625529445274,0.12585895111890216,3.061318936893971,0.9372247505559939,-0.6815475866925896,0.0005006292021332876,70.82402241688324
55.17120013479845,0.02056625529445274,0.12585895111890216,3.061318936893971,0.9372247505559939,-0.6815475866925896,0.0005006292021332876,70.82402241688324
55.17120013479845,0.02056625529445274,0.12585895111890216,3.061318936893971,0.9372247505559939,-0.6815475866925896,0.0005006292021332876,70.82402241688324
55.17120013479845,0.02056625529445274,0.12585895111890216,3.061318936893971,0.9372247505559939,-0.6815475866925896,0.0005006292021332876,70.82402241688324
55.17120013479845,0.02056625529445274,0.12585895111890216,3.061318936893971,0.9372247505559939,-0.6815475866925896,0.0005006292021332876,70.82402241688324
55.17120013479845,0.02056625529445274,0.12585895111890216,3.061318936893971,0.9372247505559939,-0.6815475866925896,0.0005006292021332876,70.82402241688324
55.17120013479845,0.02056625529445274,0.12585895111890216,3.061318936893971,0.9372247505559939,-0.6815475866925896,0.0005006292021332876,70.82402241688324
55.17120013479845,0.02056625529445274,0.12585895111890216,3.061318936893971,0.9372247505559939,-0.6815475866925896,0.0005006292021332876,70.82402241688324
55.17120013479845,0.02056625529445274,0.12585895111890216,3.061318936893971,0.9372247505559939,-0.6815475866925896,0.0005006292021332876,70.82402241688324
58.30079000597696,0.02054528564800065,0.12945732377270397,3.072715759749403,0.9319749760120146,-0.8568228808309607,0.0004576585062593395,71.26142821866313
58.30079000597696,0.02054528564800065,0.12945732377270397,3.072715759749403,0.9319749760120146,-0.8568228808309607,0.0004576585062593395,71.26142821866313
58.30079000597696,0.02054528564800065,0.12945732377270397,3.072715759749403,0.9319749760120146,-0.8568228808309607,0.0004576585062593395,71.26142821866313
58.30079000597696,0.02054528564800065,0.12945732377270397,3.072715759749403,0.9319749760120146,-0.8568228808309607,0.0004576585062593395,71.26142821866313
58.30079000597696,0.02054528564800065,0.12945732377270397,3.072715759749403,0.9319749760120146,-0.8568228808309607,0.0004576585062593395,71.26142821866313
58.30079000597696,0.02054528564800065,0.12945732377270397,3.072715759749403,0.9319749760120146,-0.8568228808309607,0.0004576585062593395,71.26142821866313
58.30079000597696,0.02054528564800065,0.12945732377270397,3.072715759749403,0.9319749760120146,-0.8568228808309607,0.0004576585062593395,71.26142821866313
58.30079000597696,0.02054528564800065,0.12945732377270397,3.072715759749403,0.9319749760120146,-0.8568228808309607,0.0004576585062593395,71.26142821866313
58.30079000597696,0.02054528564800065,0.12945732377270397,3.072715759749403,0.9319749760120146,-0.8568228808309607,0.0004576585062593395,71.26142821866313
58.30079000597696,0.02054528564800065,0.12945732377270397,3.072715759749403,0.9319749760120146,-0.8568228808309607,0.0004576585062593395,71.26142821866313
58.30079000597696,0.02054528564800065,0.12945732377270397,3.072715759749403,0.9319749760120146,-0.8568228808309607,0.0004576585062593395,71.26142821866313
58.30079000597696,0.02054528564800065,0.12945732377270397,3.072715759749403,0.9319749760120146,-0.8568228808309607,0.0004576585062593395,71.26142821866313
58.30079000597696,0.02054528564800065,0.12945732377270397,3.072715759749403,0.9319749760120146,-0.8568228808309607,0.0004576585062593395,71.26142821866313
58.30079000597696,0.02054528564800065,0.12945732377270397,3.072715759749403,0.9319749760120146,-0.8568228808309607,0.0004576585062593395,71.26142821866313
58.30079000597696,0.02054528564800065,0.12945732377270397,3.072715759749403,0.9319749760120146,-0.8568228808309607,0.0004576585062593395,71.26142821866313
58.30079000597696,0.02054528564800065,0.12945732377270397,3.072715759749403,0.9319749760120146,-0.8568228808309607,0.0004576585062593395,71.26142821866313
58.30079000597696,0.02054528564800065,0.12945732377270397,3.072715759749403,0.9319749760120146,-0.8568228808309607,0.0004576585062593395,71.26142821866313
58.30079000597696,0.02054528564800065,0.12945732377270397,3.072715759749403,0.9319749760120146,-0.8568228808309607,0.0004576585062593395,71.26142821866313
58.30079000597696,0.02054528564800065,0.12945732377270397,3.072715759749403,0.9319749760120146,-0.8568228808309607,0.0004576585062593395,71.26142821866313
58.30079000597696,0.02054528564800065,0.12945732377270397,3.072715759749403,0.9319749760120146,-0.8568228808309607,0.0004576585062593395,71.26142821866313
58.30079000597696,0.02054528564800065,0.12945732377270397,3.072715759749403,0.9319749760120146,-0.8568228808309607,0.0004576585062593395,71.26142821866313
58.30079000597696,0.02054528564800065,0.12945732377270397,3.072715759749403,0.9319749760120146,-0.8568228808309607,0.0004576585062593395,71.26142821866313
58.30079000597696,0.02054528564800065,0.12945732377270397,3.072715759749403,0.9319749760120146,-0.8568228808309607,0.0004576585062593395,71.26142821866313
58.30079000597696,0.02054528564800065,0.12945732377270397,3.072715759749403,0.9319749760120146,-0.8568228808309607,0.0004576585062593395,71.26142821866313
58.30079000597696,0.02054528564800065,0.12945732377270397,3.072715759749403,0.9319749760120146,-0.8568228808309607,0.0004576585062593395,71.26142821866313
58.30079000597696,0.02054528564800065,0.12945732377270397,3.072715759749403,0.9319749760120146,-0.8568228808309607,0.0004576585062593395,71.26142821866313
58.30079000597696,0.02054528564800065,0.12945732377270397,3.072715759749403,0.9319749760120146,-0.8568228808309607,0.0004576585062593395,71.26142821866313
58.30079000597696,0.02054528564800065,0.12945732377270397,3.072715759749403,0.9319749760120146,-0.8568228808309607,0.0004576585062593395,71.26142821866313
58.59535247721235,0.020659189489974916,0.12888235942569531,3.072073666077406,0.9368249206498022,-0.8696497693238708,0.0004331938414278932,71.09771836978679
58.59535247721235,0.020659189489974916,0.12888235942569531,3.072073666077406,0.9368249206498022,-0.8696497693238708,0.0004331938414278932,71.09771836978679
58.59535247721235,0.020659189489974916,0.12888235942569531,3.072073666077406,0.9368249206498022,-0.8696497693238708,0.0004331938414278932,71.09771836978679
58.59535247721235,0.020659189489974916,0.12888235942569531,3.072073666077406,0.9368249206498022,-0.8696497693238708,0.0004331938414278932,71.09771836978679
58.59535247721235,0.020659189489974916,0.12888235942569531,3.072073666077406,0.9368249206498022,-0.8696497693238708,0.0004331938414278932,71.09771836978679
58.59535247721235,0.020659189489974916,0.12888235942569531,3.072073666077406,0.9368249206498022,-0.8696497693238708,0.0004331938414278932,71.09771836978679
58.59535247721235,0.020659189489974916,0.12888235942569531,3.072073666077406,0.9368249206498022,-0.8696497693238708,0.0004331938414278932,71.09771836978679
58.59535247721235,0.020659189489974916,0.12888235942569531,3.072073666077406,0.9368249206498022,-0.8696497693238708,0.0004331938414278932,71.09771836978679
58.59535247721235,0.020659189489974916,0.12888235942569531,3.072073666077406,0.9368249206498022,-0.8696497693238708,0.0004331938414278932,71.09771836978679
58.87767530811443,0.020760980678968866,0.1283981075786543,3.0729251746312927,0.9405375198098206,-0.8726628909817525,0.0004414533670282615,73.35609259709311
58.87767530811443,0.020760980678968866,0.1283981075786543,3.0729251746312927,0.9405375198098206,-0.8726628909817525,0.0004414533670282615,73.35609259709311
58.87767530811443,0.020760980678968866,0.1283981075786543,3.0729251746312927,0.9405375198098206,-0.8726628909817525,0.0004414533670282615,73.35609259709311
58.87767530811443,0.020760980678968866,0.1283981075786543,3.0729251746312927,0.9405375198098206,-0.8726628909817525,0.0004414533670282615,73.35609259709311
58.87767530811443,0.020760980678968866,0.1283981075786543,3.0729251746312927,0.9405375198098206,-0.8726628909817525,0.0004414533670282615,73.35609259709311
58.87767530811443,0.020760980678968866,0.1283981075786543,3.0729251746312927,0.9405375198098206,-0.8726628909817525,0.0004414533670282615,73.35609259709311
58.87767530811443,0.020760980678968866,0.1283981075786543,3.0729251746312927,0.9405375198098206,-0.8726628909817525,0.0004414533670282615,73.35609259709311
58.87767530811443,0.020760980678968866,0.1283981075786543,3.0729251746312927,0.9405375198098206,-0.8726628909817525,0.0004414533670282615,73.35609259709311
58.87767530811443,0.020760980678968866,0.1283981075786543,3.0729251746312927,0.9405375198098206,-0.8726628909817525,0.0004414533670282615,73.35609259709311
58.87767530811443,0.020760980678968866,0.1283981075786543,3.0729251746312927,0.9405375198098206,-0.8726628909817525,0.0004414533670282615,73.35609259709311
58.87767530811443,0.020760980678968866,0.1283981075786543,3.0729251746312927,0.9405375198098206,-0.8726628909817525,0.0004414533670282615,73.35609259709311
58.87767530811443,0.020760980678968866,0.1283981075786543,3.0729251746312927,0.9405375198098206,-0.8726628909817525,0.0004414533670282615,73.35609259709311
58.87767530811443,0.020760980678968866,0.1283981075786543,3.0729251746312927,0.9405375198098206,-0.8726628909817525,0.0004414533670282615,73.35609259709311
58.87767530811443,0.020760980678968866,0.1283981075786543,3.0729251746312927,0.9405375198098206,-0.8726628909817525,0.0004414533670282615,73.35609259709311
51.544414311319265,0.021517355116438305,0.1202700524771614,3.046998427055803,0.9599406273519246,-0.44447166899297064,0.0005661331178659558,74.03452407078585
51.544414311319265,0.021517355116438305,0.1202700524771614,3.046998427055803,0.9599406273519246,-0.44447166899297064,0.0005661331178659558,74.03452407078585
51.544414311319265,0.021517355116438305,0.1202700524771614,3.046998427055803,0.9599406273519246,-0.44447166899297064,0.0005661331178659558,74.03452407078585
51.544414311319265,0.021517355116438305,0.1202700524771614,3.046998427055803,0.9599406273519246,-0.44447166899297064,0.0005661331178659558,74.03452407078585
51.544414311319265,0.021517355116438305,0.1202700524771614,3.046998427055803,0.9599406273519246,-0.44447166899297064,0.0005661331178659558,74.03452407078585
51.544414311319265,0.021517355116438305,0.1202700524771614,3.046998427055803,0.9599406273519246,-0.44447166899297064,0.0005661331178659558,74.03452407078585
51.544414311319265,0.021517355116438305,0.1202700524771614,3.046998427055803,0.9599406273519246,-0.44447166899297064,0.0005661331178659558,74.03452407078585
51.544414311319265,0.021517355116438305,0.1202700524771614,3.046998427055803,0.9599406273519246,-0.44447166899297064,0.0005661331178659558,74.03452407078585
51.544414311319265,0.021517355116438305,0.1202700524771614,3.046998427055803,0.9599406273519246,-0.44447166899297064,0.0005661331178659558,74.03452407078585
51.544414311319265,0.021517355116438305,0.1202700524771614,3.046998427055803,0.9599406273519246,-0.44447166899297064,0.0005661331178659558,74.03452407078585
51.544414311319265,0.021517355116438305,0.1202700524771614,3.046998427055803,0.9599406273519246,-0.44447166899297064,0.0005661331178659558,74.03452407078585
51.544414311319265,0.021517355116438305,0.1202700524771614,3.046998427055803,0.9599406273519246,-0.44447166899297064,0.0005661331178659558,74.03452407078585
51.544414311319265,0.021517355116438305,0.1202700524771614,3.046998427055803,0.9599406273519246,-0.44447166899297064,0.0005661331178659558,74.03452407078585
51.544414311319265,0.021517355116438305,0.1202700524771614,3.046998427055803,0.9599406273519246,-0.44447166899297064,0.0005661331178659558,74.03452407078585
51.544414311319265,0.021517355116438305,0.1202700524771614,3.046998427055803,0.9599406273519246,-0.44447166899297064,0.0005661331178659558,74.03452407078585
51.544414311319265,0.021517355116438305,0.1202700524771614,3.046998427055803,0.9599406273519246,-0.44447166899297064,0.0005661331178659558,74.03452407078585
51.544414311319265,0.021517355116438305,0.1202700524771614,3.046998427055803,0.9599406273519246,-0.44447166899297064,0.0005661331178659558,74.03452407078585
51.544414311319265,0.021517355116438305,0.1202700524771614,3.046998427055803,0.9599406273519246,-0.44447166899297064,0.0005661331178659558,74.03452407078585
51.544414311319265,0.021517355116438305,0.1202700524771614,3.046998427055803,0.9599406273519246,-0.44447166899297064,0.0005661331178659558,74.03452407078585
51.544414311319265,0.021517355116438305,0.1202700524771614,3.046998427055803,0.9599406273519246,-0.44447166899297064,0.0005661331178659558,74.03452407078585
51.544414311319265,0.021517355116438305,0.1202700524771614,3.046998427055803,0.9599406273519246,-0.44447166899297064,0.0005661331178659558,74.03452407078585
51.544414311319265,0.021517355116438305,0.1202700524771614,3.046998427055803,0.9599406273519246,-0.44447166899297064,0.0005661331178659558,74.03452407078585
51.544414311319265,0.021517355116438305,0.1202700524771614,3.046998427055803,0.9599406273519246,-0.44447166899297064,0.0005661331178659558,74.03452407078585
51.544414311319265,0.021517355116438305,0.1202700524771614,3.046998427055803,0.9599406273519246,-0.44447166899297064,0.0005661331178659558,74.03452407078585
51.544414311319265,0.021517355116438305,0.1202700524771614,3.046998427055803,0.9599406273519246,-0.44447166899297064,0.0005661331178659558,74.03452407078585
51.544414311319265,0.021517355116438305,0.1202700524771614,3.046998427055803,0.9599406273519246,-0.44447166899297064,0.0005661331178659558,74.03452407078585
51.544414311319265,0.021517355116438305,0.1202700524771614,3.046998427055803,0.9599406273519246,-0.44447166899297064,0.0005661331178659558,74.03452407078585
51.544414311319265,0.021517355116438305,0.1202700524771614,3.046998427055803,0.9599406273519246,-0.44447166899297064,0.0005661331178659558,74.03452407078585
51.544414311319265,0.021517355116438305,0.1202700524771614,3.046998427055803,0.9599406273519246,-0.44447166899297064,0.0005661331178659558,74.03452407078585
51.544414311319265,0.021517355116438305,0.1202700524771614,3.046998427055803,0.9599406273519246,-0.44447166899297064,0.0005661331178659558,74.03452407078585
51.544414311319265,0.021517355116438305,0.1202700524771614,3.046998427055803,0.9599406273519246,-0.44447166899297064,0.0005661331178659558,74.03452407078585
51.544414311319265,0.021517355116438305,0.1202700524771614,3.046998427055803,0.9599406273519246,-0.44447166899297064,0.0005661331178659558,74.03452407078585
51.544414311319265,0.021517355116438305,0.1202700524771614,3.046998427055803,0.9599406273519246,-0.44447166899297064,0.0005661331178659558,74.03452407078585
51.544414311319265,0.021517355116438305,0.1202700524771614,3.046998427055803,0.9599406273519246,-0.44447166899297064,0.0005661331178659558,74.03452407078585
51.544414311319265,0.021517355116438305,0.1202700524771614,3.046998427055803,0.9599406273519246,-0.44447166899297064,0.0005661331178659558,74.03452407078585
51.544414311319265,0.021517355116438305,0.1202700524771614,3.046998427055803,0.9599406273519246,-0.44447166899297064,0.0005661331178659558,74.03452407078585
51.544414311319265,0.021517355116438305,0.1202700524771614,3.046998427055803,0.9599406273519246,-0.44447166899297064,0.0005661331178659558,74.03452407078585
51.544414311319265,0.021517355116438305,0.1202700524771614,3.046998427055803,0.9599406273519246,-0.44447166899297064,0.0005661331178659558,74.03452407078585
51.544414311319265,0.021517355116438305,0.1202700524771614,3.046998427055803,0.9599406273519246,-0.44447166899297064,0.0005661331178659558,74.03452407078585
51.544414311319265,0.021517355116438305,0.1202700524771614,3.046998427055803,0.9599406273519246,-0.44447166899297064,0.0005661331178659558,74.03452407078585
51.544414311319265,0.021517355116438305,0.1202700524771614,3.046998427055803,0.9599406273519246,-0.44447166899297064,0.0005661331178659558,74.03452407078585
56.959095039210425,0.02062248312693994,0.12662918723904235,3.0602468760853707,0.9355639261592548,-0.7711962241950977,0.000558430173733296,75.90714283625535
56.959095039210425,0.02062248312693994,0.12662918723904235,3.0602468760853707,0.9355639261592548,-0.7711962241950977,0.000558430173733296,75.90714283625535
57.90189801247959,0.02052614794313822,0.12867286304198655,3.0701446383316835,0.9326878827393168,-0.8194330620713214,0.0005185831341214945,71.60556224784605
57.90189801247959,0.02052614794313822,0.12867286304198655,3.0701446383316835,0.9326878827393168,-0.8194330620713214,0.0005185831341214945,71.60556224784605
57.90189801247959,0.02052614794313822,0.12867286304198655,3.0701446383316835,0.9326878827393168,-0.8194330620713214,0.0005185831341214945,71.60556224784605
57.90189801247959,0.02052614794313822,0.12867286304198655,3.0701446383316835,0.9326878827393168,-0.8194330620713214,0.0005185831341214945,71.60556224784605
57.90189801247959,0.02052614794313822,0.12867286304198655,3.0701446383316835,0.9326878827393168,-0.8194330620713214,0.0005185831341214945,71.60556224784605
57.90189801247959,0.02052614794313822,0.12867286304198655,3.0701446383316835,0.9326878827393168,-0.8194330620713214,0.0005185831341214945,71.60556224784605
57.90189801247959,0.02052614794313822,0.12867286304198655,3.0701446383316835,0.9326878827393168,-0.8194330620713214,0.0005185831341214945,71.60556224784605
57.90189801247959,0.02052614794313822,0.12867286304198655,3.0701446383316835,0.9326878827393168,-0.8194330620713214,0.0005185831341214945,71.60556224784605
57.90189801247959,0.02052614794313822,0.12867286304198655,3.0701446383316835,0.9326878827393168,-0.8194330620713214,0.0005185831341214945,71.60556224784605
57.90189801247959,0.02052614794313822,0.12867286304198655,3.0701446383316835,0.9326878827393168,-0.8194330620713214,0.0005185831341214945,71.60556224784605
57.90189801247959,0.02052614794313822,0.12867286304198655,3.0701446383316835,0.9326878827393168,-0.8194330620713214,0.0005185831341214945,71.60556224784605
57.90189801247959,0.02052614794313822,0.12867286304198655,3.0701446383316835,0.9326878827393168,-0.8194330620713214,0.0005185831341214945,71.60556224784605
57.90189801247959,0.02052614794313822,0.12867286304198655,3.0701446383316835,0.9326878827393168,-0.8194330620713214,0.0005185831341214945,71.60556224784605
57.90189801247959,0.02052614794313822,0.12867286304198655,3.0701446383316835,0.9326878827393168,-0.8194330620713214,0.0005185831341214945,71.60556224784605
57.90189801247959,0.02052614794313822,0.12867286304198655,3.0701446383316835,0.9326878827393168,-0.8194330620713214,0.0005185831341214945,71.60556224784605
57.90189801247959,0.02052614794313822,0.12867286304198655,3.0701446383316835,0.9326878827393168,-0.8194330620713214,0.0005185831341214945,71.60556224784605
57.90189801247959,0.02052614794313822,0.12867286304198655,3.0701446383316835,0.9326878827393168,-0.8194330620713214,0.0005185831341214945,71.60556224784605
57.90189801247959,0.02052614794313822,0.12867286304198655,3.0701446383316835,0.9326878827393168,-0.8194330620713214,0.0005185831341214945,71.60556224784605
57.90189801247959,0.02052614794313822,0.12867286304198655,3.0701446383316835,0.9326878827393168,-0.8194330620713214,0.0005185831341214945,71.60556224784605
57.90189801247959,0.02052614794313822,0.12867286304198655,3.0701446383316835,0.9326878827393168,-0.8194330620713214,0.0005185831341214945,71.60556224784605
57.90189801247959,0.02052614794313822,0.12867286304198655,3.0701446383316835,0.9326878827393168,-0.8194330620713214,0.0005185831341214945,71.60556224784605
57.90189801247959,0.02052614794313822,0.12867286304198655,3.0701446383316835,0.9326878827393168,-0.8194330620713214,0.0005185831341214945,71.60556224784605
57.90189801247959,0.02052614794313822,0.12867286304198655,3.0701446383316835,0.9326878827393168,-0.8194330620713214,0.0005185831341214945,71.60556224784605
57.90189801247959,0.02052614794313822,0.12867286304198655,3.0701446383316835,0.9326878827393168,-0.8194330620713214,0.0005185831341214945,71.60556224784605
57.90189801247959,0.02052614794313822,0.12867286304198655,3.0701446383316835,0.9326878827393168,-0.8194330620713214,0.0005185831341214945,71.60556224784605
57.90189801247959,0.02052614794313822,0.12867286304198655,3.0701446383316835,0.9326878827393168,-0.8194330620713214,0.0005185831341214945,71.60556224784605
57.90189801247959,0.02052614794313822,0.12867286304198655,3.0701446383316835,0.9326878827393168,-0.8194330620713214,0.0005185831341214945,71.60556224784605
57.90189801247959,0.02052614794313822,0.12867286304198655,3.0701446383316835,0.9326878827393168,-0.8194330620713214,0.0005185831341214945,71.60556224784605
57.90189801247959,0.02052614794313822,0.12867286304198655,3.0701446383316835,0.9326878827393168,-0.8194330620713214,0.0005185831341214945,71.60556224784605
57.90189801247959,0.02052614794313822,0.12867286304198655,3.0701446383316835,0.9326878827393168,-0.8194330620713214,0.0005185831341214945,71.60556224784605
57.90189801247959,0.02052614794313822,0.12867286304198655,3.0701446383316835,0.9326878827393168,-0.8194330620713214,0.0005185831341214945,71.60556224784605
57.90189801247959,0.02052614794313822,0.12867286304198655,3.0701446383316835,0.9326878827393168,-0.8194330620713214,0.0005185831341214945,71.60556224784605
57.90189801247959,0.02052614794313822,0.12867286304198655,3.0701446383316835,0.9326878827393168,-0.8194330620713214,0.0005185831341214945,71.60556224784605
57.90189801247959,0.02052614794313822,0.12867286304198655,3.0701446383316835,0.9326878827393168,-0.8194330620713214,0.0005185831341214945,71.60556224784605
57.90189801247959,0.02052614794313822,0.12867286304198655,3.0701446383316835,0.9326878827393168,-0.8194330620713214,0.0005185831341214945,71.60556224784605
57.90189801247959,0.02052614794313822,0.12867286304198655,3.0701446383316835,0.9326878827393168,-0.8194330620713214,0.0005185831341214945,71.60556224784605
57.90189801247959,0.02052614794313822,0.12867286304198655,3.0701446383316835,0.9326878827393168,-0.8194330620713214,0.0005185831341214945,71.60556224784605
57.90189801247959,0.02052614794313822,0.12867286304198655,3.0701446383316835,0.9326878827393168,-0.8194330620713214,0.0005185831341214945,71.60556224784605
57.90189801247959,0.02052614794313822,0.12867286304198655,3.0701446383316835,0.9326878827393168,-0.8194330620713214,0.0005185831341214945,71.60556224784605
57.90189801247959,0.02052614794313822,0.12867286304198655,3.0701446383316835,0.9326878827393168,-0.8194330620713214,0.0005185831341214945,71.60556224784605
57.90189801247959,0.02052614794313822,0.12867286304198655,3.0701446383316835,0.9326878827393168,-0.8194330620713214,0.0005185831341214945,71.60556224784605
57.90189801247959,0.02052614794313822,0.12867286304198655,3.0701446383316835,0.9326878827393168,-0.8194330620713214,0.0005185831341214945,71.60556224784605
57.90189801247959,0.02052614794313822,0.12867286304198655,3.0701446383316835,0.9326878827393168,-0.8194330620713214,0.0005185831341214945,71.60556224784605
57.90189801247959,0.02052614794313822,0.12867286304198655,3.0701446383316835,0.9326878827393168,-0.8194330620713214,0.0005185831341214945,71.60556224784605
57.90189801247959,0.02052614794313822,0.12867286304198655,3.0701446383316835,0.9326878827393168,-0.8194330620713214,0.0005185831341214945,71.60556224784605
57.90189801247959,0.02052614794313822,0.12867286304198655,3.0701446383316835,0.9326878827393168,-0.8194330620713214,0.0005185831341214945,71.60556224784605
57.90189801247959,0.02052614794313822,0.12867286304198655,3.0701446383316835,0.9326878827393168,-0.8194330620713214,0.0005185831341214945,71.60556224784605
57.90189801247959,0.02052614794313822,0.12867286304198655,3.0701446383316835,0.9326878827393168,-0.8194330620713214,0.0005185831341214945,71.60556224784605
57.90189801247959,0.02052614794313822,0.12867286304198655,3.0701446383316835,0.9326878827393168,-0.8194330620713214,0.0005185831341214945,71.60556224784605
57.90189801247959,0.02052614794313822,0.12867286304198655,3.0701446383316835,0.9326878827393168,-0.8194330620713214,0.0005185831341214945,71.60556224784605
57.90189801247959,0.02052614794313822,0.12867286304198655,3.0701446383316835,0.9326878827393168,-0.8194330620713214,0.0005185831341214945,71.60556224784605
57.90189801247959,0.02052614794313822,0.12867286304198655,3.0701446383316835,0.9326878827393168,-0.8194330620713214,0.0005185831341214945,71.60556224784605
57.90189801247959,0.02052614794313822,0.12867286304198655,3.0701446383316835,0.9326878827393168,-0.8194330620713214,0.0005185831341214945,71.60556224784605
57.90189801247959,0.02052614794313822,0.12867286304198655,3.0701446383316835,0.9326878827393168,-0.8194330620713214,0.0005185831341214945,71.60556224784605
57.90189801247959,0.02052614794313822,0.12867286304198655,3.0701446383316835,0.9326878827393168,-0.8194330620713214,0.0005185831341214945,71.60556224784605
57.90189801247959,0.02052614794313822,0.12867286304198655,3.0701446383316835,0.9326878827393168,-0.8194330620713214,0.0005185831341214945,71.60556224784605
56.09676913038528,0.02101715098075194,0.12642058016856003,3.0653585895220004,0.9428879666504997,-0.6873899077962157,0.00055889145848044,74.83450548671345
56.09676913038528,0.02101715098075194,0.12642058016856003,3.0653585895220004,0.9428879666504997,-0.6873899077962157,0.00055889145848044,74.83450548671345
56.09676913038528,0.02101715098075194,0.12642058016856003,3.0653585895220004,0.9428879666504997,-0.6873899077962157,0.00055889145848044,74.83450548671345
56.09676913038528,0.02101715098075194,0.12642058016856003,3.0653585895220004,0.9428879666504997,-0.6873899077962157,0.00055889145848044,74.83450548671345
56.09676913038528,0.02101715098075194,0.12642058016856003,3.0653585895220004,0.9428879666504997,-0.6873899077962157,0.00055889145848044,74.83450548671345
56.09676913038528,0.02101715098075194,0.12642058016856003,3.0653585895220004,0.9428879666504997,-0.6873899077962157,0.00055889145848044,74.83450548671345
56.09676913038528,0.02101715098075194,0.12642058016856003,3.0653585895220004,0.9428879666504997,-0.6873899077962157,0.00055889145848044,74.83450548671345
56.09676913038528,0.02101715098075194,0.12642058016856003,3.0653585895220004,0.9428879666504997,-0.6873899077962157,0.00055889145848044,74.83450548671345
56.09676913038528,0.02101715098075194,0.12642058016856003,3.0653585895220004,0.9428879666504997,-0.6873899077962157,0.00055889145848044,74.83450548671345
56.09676913038528,0.02101715098075194,0.12642058016856003,3.0653585895220004,0.9428879666504997,-0.6873899077962157,0.00055889145848044,74.83450548671345
56.40968059872226,0.021064273553858134,0.12505324221903816,3.062713295425562,0.945029052349303,-0.6951420536960224,0.000570262204402384,75.3302043596734
56.40968059872226,0.021064273553858134,0.12505324221903816,3.062713295425562,0.945029052349303,-0.6951420536960224,0.000570262204402384,75.3302043596734
56.40968059872226,0.021064273553858134,0.12505324221903816,3.062713295425562,0.945029052349303,-0.6951420536960224,0.000570262204402384,75.3302043596734
56.40968059872226,0.021064273553858134,0.12505324221903816,3.062713295425562,0.945029052349303,-0.6951420536960224,0.000570262204402384,75.3302043596734
56.40968059872226,0.021064273553858134,0.12505324221903816,3.062713295425562,0.945029052349303,-0.6951420536960224,0.000570262204402384,75.3302043596734
56.40968059872226,0.021064273553858134,0.12505324221903816,3.062713295425562,0.945029052349303,-0.6951420536960224,0.000570262204402384,75.3302043596734
56.40968059872226,0.021064273553858134,0.12505324221903816,3.062713295425562,0.945029052349303,-0.6951420536960224,0.000570262204402384,75.3302043596734
56.40968059872226,0.021064273553858134,0.12505324221903816,3.062713295425562,0.945029052349303,-0.6951420536960224,0.000570262204402384,75.3302043596734
56.40968059872226,0.021064273553858134,0.12505324221903816,3.062713295425562,0.945029052349303,-0.6951420536960224,0.000570262204402384,75.3302043596734
56.40968059872226,0.021064273553858134,0.12505324221903816,3.062713295425562,0.945029052349303,-0.6951420536960224,0.000570262204402384,75.3302043596734
56.40968059872226,0.021064273553858134,0.12505324221903816,3.062713295425562,0.945029052349303,-0.6951420536960224,0.000570262204402384,75.3302043596734
56.40968059872226,0.021064273553858134,0.12505324221903816,3.062713295425562,0.945029052349303,-0.6951420536960224,0.000570262204402384,75.3302043596734
56.40968059872226,0.021064273553858134,0.12505324221903816,3.062713295425562,0.945029052349303,-0.6951420536960224,0.000570262204402384,75.3302043596734
56.40968059872226,0.021064273553858134,0.12505324221903816,3.062713295425562,0.945029052349303,-0.6951420536960224,0.000570262204402384,75.3302043596734
56.40968059872226,0.021064273553858134,0.12505324221903816,3.062713295425562,0.945029052349303,-0.6951420536960224,0.000570262204402384,75.3302043596734
56.40968059872226,0.021064273553858134,0.12505324221903816,3.062713295425562,0.945029052349303,-0.6951420536960224,0.000570262204402384,75.3302043596734
56.40968059872226,0.021064273553858134,0.12505324221903816,3.062713295425562,0.945029052349303,-0.6951420536960224,0.000570262204402384,75.3302043596734
56.40968059872226,0.021064273553858134,0.12505324221903816,3.062713295425562,0.945029052349303,-0.6951420536960224,0.000570262204402384,75.3302043596734
56.40968059872226,0.021064273553858134,0.12505324221903816,3.062713295425562,0.945029052349303,-0.6951420536960224,0.000570262204402384,75.3302043596734
56.40968059872226,0.021064273553858134,0.12505324221903816,3.062713295425562,0.945029052349303,-0.6951420536960224,0.000570262204402384,75.3302043596734
56.40968059872226,0.021064273553858134,0.12505324221903816,3.062713295425562,0.945029052349303,-0.6951420536960224,0.000570262204402384,75.3302043596734
56.40968059872226,0.021064273553858134,0.12505324221903816,3.062713295425562,0.945029052349303,-0.6951420536960224,0.000570262204402384,75.3302043596734
56.40968059872226,0.021064273553858134,0.12505324221903816,3.062713295425562,0.945029052349303,-0.6951420536960224,0.000570262204402384,75.3302043596734
56.40968059872226,0.021064273553858134,0.12505324221903816,3.062713295425562,0.945029052349303,-0.6951420536960224,0.000570262204402384,75.3302043596734
56.40968059872226,0.021064273553858134,0.12505324221903816,3.062713295425562,0.945029052349303,-0.6951420536960224,0.000570262204402384,75.3302043596734
56.40968059872226,0.021064273553858134,0.12505324221903816,3.062713295425562,0.945029052349303,-0.6951420536960224,0.000570262204402384,75.3302043596734
56.40968059872226,0.021064273553858134,0.12505324221903816,3.062713295425562,0.945029052349303,-0.6951420536960224,0.000570262204402384,75.3302043596734
56.40968059872226,0.021064273553858134,0.12505324221903816,3.062713295425562,0.945029052349303,-0.6951420536960224,0.000570262204402384,75.3302043596734
57.91263351858719,0.021227860469475206,0.1258743836674206,3.0697993676744586,0.9511726766034868,-0.757108206360948,0.0004892145326401793,80.75014547944647
57.91263351858719,0.021227860469475206,0.1258743836674206,3.0697993676744586,0.9511726766034868,-0.757108206360948,0.0004892145326401793,80.75014547944647
52.89301145841574,0.02141213525394054,0.12131267322862156,3.055019182919439,0.9591880846247114,-0.511710017347262,0.0005716401888813047,80.77870747898149
52.89301145841574,0.02141213525394054,0.12131267322862156,3.055019182919439,0.9591880846247114,-0.511710017347262,0.0005716401888813047,80.77870747898149
52.89301145841574,0.02141213525394054,0.12131267322862156,3.055019182919439,0.9591880846247114,-0.511710017347262,0.0005716401888813047,80.77870747898149
52.89301145841574,0.02141213525394054,0.12131267322862156,3.055019182919439,0.9591880846247114,-0.511710017347262,0.0005716401888813047,80.77870747898149
52.89301145841574,0.02141213525394054,0.12131267322862156,3.055019182919439,0.9591880846247114,-0.511710017347262,0.0005716401888813047,80.77870747898149
52.89301145841574,0.02141213525394054,0.12131267322862156,3.055019182919439,0.9591880846247114,-0.511710017347262,0.0005716401888813047,80.77870747898149
52.89301145841574,0.02141213525394054,0.12131267322862156,3.055019182919439,0.9591880846247114,-0.511710017347262,0.0005716401888813047,80.77870747898149
52.89301145841574,0.02141213525394054,0.12131267322862156,3.055019182919439,0.9591880846247114,-0.511710017347262,0.0005716401888813047,80.77870747898149
52.89301145841574,0.02141213525394054,0.12131267322862156,3.055019182919439,0.9591880846247114,-0.511710017347262,0.0005716401888813047,80.77870747898149
52.89301145841574,0.02141213525394054,0.12131267322862156,3.055019182919439,0.9591880846247114,-0.511710017347262,0.0005716401888813047,80.77870747898149
52.89301145841574,0.02141213525394054,0.12131267322862156,3.055019182919439,0.9591880846247114,-0.511710017347262,0.0005716401888813047,80.77870747898149
52.89301145841574,0.02141213525394054,0.12131267322862156,3.055019182919439,0.9591880846247114,-0.511710017347262,0.0005716401888813047,80.77870747898149
52.89301145841574,0.02141213525394054,0.12131267322862156,3.055019182919439,0.9591880846247114,-0.511710017347262,0.0005716401888813047,80.77870747898149
52.89301145841574,0.02141213525394054,0.12131267322862156,3.055019182919439,0.9591880846247114,-0.511710017347262,0.0005716401888813047,80.77870747898149
52.89301145841574,0.02141213525394054,0.12131267322862156,3.055019182919439,0.9591880846247114,-0.511710017347262,0.0005716401888813047,80.77870747898149
59.07366973479098,0.020765453822361595,0.123702687390713,3.0571585434306883,0.9481290674050514,-0.7872682303151399,0.0005409396611871621,81.53384673083397
59.07366973479098,0.020765453822361595,0.123702687390713,3.0571585434306883,0.9481290674050514,-0.7872682303151399,0.0005409396611871621,81.53384673083397
59.07366973479098,0.020765453822361595,0.123702687390713,3.0571585434306883,0.9481290674050514,-0.7872682303151399,0.0005409396611871621,81.53384673083397
59.07366973479098,0.020765453822361595,0.123702687390713,3.0571585434306883,0.9481290674050514,-0.7872682303151399,0.0005409396611871621,81.53384673083397
59.07366973479098,0.020765453822361595,0.123702687390713,3.0571585434306883,0.9481290674050514,-0.7872682303151399,0.0005409396611871621,81.53384673083397
59.07366973479098,0.020765453822361595,0.123702687390713,3.0571585434306883,0.9481290674050514,-0.7872682303151399,0.0005409396611871621,81.53384673083397
59.07366973479098,0.020765453822361595,0.123702687390713,3.0571585434306883,0.9481290674050514,-0.7872682303151399,0.0005409396611871621,81.53384673083397
59.07366973479098,0.020765453822361595,0.123702687390713,3.0571585434306883,0.9481290674050514,-0.7872682303151399,0.0005409396611871621,81.53384673083397
59.07366973479098,0.020765453822361595,0.123702687390713,3.0571585434306883,0.9481290674050514,-0.7872682303151399,0.0005409396611871621,81.53384673083397
59.07366973479098,0.020765453822361595,0.123702687390713,3.0571585434306883,0.9481290674050514,-0.7872682303151399,0.0005409396611871621,81.53384673083397
59.07366973479098,0.020765453822361595,0.123702687390713,3.0571585434306883,0.9481290674050514,-0.7872682303151399,0.0005409396611871621,81.53384673083397
59.07366973479098,0.020765453822361595,0.123702687390713,3.0571585434306883,0.9481290674050514,-0.7872682303151399,0.0005409396611871621,81.53384673083397
56.88146920951137,0.021115747613979285,0.12168779732693029,3.05651224082274,0.9618413784913187,-0.6782534097627647,0.0004976831763167383,78.03862822302798
56.88146920951137,0.021115747613979285,0.12168779732693029,3.05651224082274,0.9618413784913187,-0.6782534097627647,0.0004976831763167383,78.03862822302798
56.88146920951137,0.021115747613979285,0.12168779732693029,3.05651224082274,0.9618413784913187,-0.6782534097627647,0.0004976831763167383,78.03862822302798
56.88146920951137,0.021115747613979285,0.12168779732693029,3.05651224082274,0.9618413784913187,-0.6782534097627647,0.0004976831763167383,78.03862822302798
56.88146920951137,0.021115747613979285,0.12168779732693029,3.05651224082274,0.9618413784913187,-0.6782534097627647,0.0004976831763167383,78.03862822302798
56.88146920951137,0.021115747613979285,0.12168779732693029,3.05651224082274,0.9618413784913187,-0.6782534097627647,0.0004976831763167383,78.03862822302798
56.88146920951137,0.021115747613979285,0.12168779732693029,3.05651224082274,0.9618413784913187,-0.6782534097627647,0.0004976831763167383,78.03862822302798
56.88146920951137,0.021115747613979285,0.12168779732693029,3.05651224082274,0.9618413784913187,-0.6782534097627647,0.0004976831763167383,78.03862822302798
56.88146920951137,0.021115747613979285,0.12168779732693029,3.05651224082274,0.9618413784913187,-0.6782534097627647,0.0004976831763167383,78.03862822302798
56.88146920951137,0.021115747613979285,0.12168779732693029,3.05651224082274,0.9618413784913187,-0.6782534097627647,0.0004976831763167383,78.03862822302798
56.88146920951137,0.021115747613979285,0.12168779732693029,3.05651224082274,0.9618413784913187,-0.6782534097627647,0.0004976831763167383,78.03862822302798
56.88146920951137,0.021115747613979285,0.12168779732693029,3.05651224082274,0.9618413784913187,-0.6782534097627647,0.0004976831763167383,78.03862822302798
56.88146920951137,0.021115747613979285,0.12168779732693029,3.05651224082274,0.9618413784913187,-0.6782534097627647,0.0004976831763167383,78.03862822302798
56.88146920951137,0.021115747613979285,0.12168779732693029,3.05651224082274,0.9618413784913187,-0.6782534097627647,0.0004976831763167383,78.03862822302798
56.88146920951137,0.021115747613979285,0.12168779732693029,3.05651224082274,0.9618413784913187,-0.6782534097627647,0.0004976831763167383,78.03862822302798
56.88146920951137,0.021115747613979285,0.12168779732693029,3.05651224082274,0.9618413784913187,-0.6782534097627647,0.0004976831763167383,78.03862822302798
56.88146920951137,0.021115747613979285,0.12168779732693029,3.05651224082274,0.9618413784913187,-0.6782534097627647,0.0004976831763167383,78.03862822302798
56.88146920951137,0.021115747613979285,0.12168779732693029,3.05651224082274,0.9618413784913187,-0.6782534097627647,0.0004976831763167383,78.03862822302798
56.88146920951137,0.021115747613979285,0.12168779732693029,3.05651224082274,0.9618413784913187,-0.6782534097627647,0.0004976831763167383,78.03862822302798
56.88146920951137,0.021115747613979285,0.12168779732693029,3.05651224082274,0.9618413784913187,-0.6782534097627647,0.0004976831763167383,78.03862822302798
56.88146920951137,0.021115747613979285,0.12168779732693029,3.05651224082274,0.9618413784913187,-0.6782534097627647,0.0004976831763167383,78.03862822302798
56.88146920951137,0.021115747613979285,0.12168779732693029,3.05651224082274,0.9618413784913187,-0.6782534097627647,0.0004976831763167383,78.03862822302798
56.88146920951137,0.021115747613979285,0.12168779732693029,3.05651224082274,0.9618413784913187,-0.6782534097627647,0.0004976831763167383,78.03862822302798
56.88146920951137,0.021115747613979285,0.12168779732693029,3.05651224082274,0.9618413784913187,-0.6782534097627647,0.0004976831763167383,78.03862822302798
56.88146920951137,0.021115747613979285,0.12168779732693029,3.05651224082274,0.9618413784913187,-0.6782534097627647,0.0004976831763167383,78.03862822302798
56.88146920951137,0.021115747613979285,0.12168779732693029,3.05651224082274,0.9618413784913187,-0.6782534097627647,0.0004976831763167383,78.03862822302798
56.88146920951137,0.021115747613979285,0.12168779732693029,3.05651224082274,0.9618413784913187,-0.6782534097627647,0.0004976831763167383,78.03862822302798
56.88146920951137,0.021115747613979285,0.12168779732693029,3.05651224082274,0.9618413784913187,-0.6782534097627647,0.0004976831763167383,78.03862822302798
63.23092258769852,0.02083718264015312,0.12607200238915137,3.068034668795503,0.947987912370814,-1.0008734776946526,0.0004516683335706905,74.92806018263373
63.23092258769852,0.02083718264015312,0.12607200238915137,3.068034668795503,0.947987912370814,-1.0008734776946526,0.0004516683335706905,74.92806018263373
63.23092258769852,0.02083718264015312,0.12607200238915137,3.068034668795503,0.947987912370814,-1.0008734776946526,0.0004516683335706905,74.92806018263373
63.23092258769852,0.02083718264015312,0.12607200238915137,3.068034668795503,0.947987912370814,-1.0008734776946526,0.0004516683335706905,74.92806018263373
63.23092258769852,0.02083718264015312,0.12607200238915137,3.068034668795503,0.947987912370814,-1.0008734776946526,0.0004516683335706905,74.92806018263373
63.23092258769852,0.02083718264015312,0.12607200238915137,3.068034668795503,0.947987912370814,-1.0008734776946526,0.0004516683335706905,74.92806018263373
63.23092258769852,0.02083718264015312,0.12607200238915137,3.068034668795503,0.947987912370814,-1.0008734776946526,0.0004516683335706905,74.92806018263373
63.23092258769852,0.02083718264015312,0.12607200238915137,3.068034668795503,0.947987912370814,-1.0008734776946526,0.0004516683335706905,74.92806018263373
63.23092258769852,0.02083718264015312,0.12607200238915137,3.068034668795503,0.947987912370814,-1.0008734776946526,0.0004516683335706905,74.92806018263373
63.23092258769852,0.02083718264015312,0.12607200238915137,3.068034668795503,0.947987912370814,-1.0008734776946526,0.0004516683335706905,74.92806018263373
63.23092258769852,0.02083718264015312,0.12607200238915137,3.068034668795503,0.947987912370814,-1.0008734776946526,0.0004516683335706905,74.92806018263373
63.23092258769852,0.02083718264015312,0.12607200238915137,3.068034668795503,0.947987912370814,-1.0008734776946526,0.0004516683335706905,74.92806018263373
63.23092258769852,0.02083718264015312,0.12607200238915137,3.068034668795503,0.947987912370814,-1.0008734776946526,0.0004516683335706905,74.92806018263373
63.23092258769852,0.02083718264015312,0.12607200238915137,3.068034668795503,0.947987912370814,-1.0008734776946526,0.0004516683335706905,74.92806018263373
63.23092258769852,0.02083718264015312,0.12607200238915137,3.068034668795503,0.947987912370814,-1.0008734776946526,0.0004516683335706905,74.92806018263373
63.23092258769852,0.02083718264015312,0.12607200238915137,3.068034668795503,0.947987912370814,-1.0008734776946526,0.0004516683335706905,74.92806018263373
63.23092258769852,0.02083718264015312,0.12607200238915137,3.068034668795503,0.947987912370814,-1.0008734776946526,0.0004516683335706905,74.92806018263373
63.23092258769852,0.02083718264015312,0.12607200238915137,3.068034668795503,0.947987912370814,-1.0008734776946526,0.0004516683335706905,74.92806018263373
63.23092258769852,0.02083718264015312,0.12607200238915137,3.068034668795503,0.947987912370814,-1.0008734776946526,0.0004516683335706905,74.92806018263373
63.23092258769852,0.02083718264015312,0.12607200238915137,3.068034668795503,0.947987912370814,-1.0008734776946526,0.0004516683335706905,74.92806018263373
63.23092258769852,0.02083718264015312,0.12607200238915137,3.068034668795503,0.947987912370814,-1.0008734776946526,0.0004516683335706905,74.92806018263373
63.23092258769852,0.02083718264015312,0.12607200238915137,3.068034668795503,0.947987912370814,-1.0008734776946526,0.0004516683335706905,74.92806018263373
63.23092258769852,0.02083718264015312,0.12607200238915137,3.068034668795503,0.947987912370814,-1.0008734776946526,0.0004516683335706905,74.92806018263373
63.23092258769852,0.02083718264015312,0.12607200238915137,3.068034668795503,0.947987912370814,-1.0008734776946526,0.0004516683335706905,74.92806018263373
63.23092258769852,0.02083718264015312,0.12607200238915137,3.068034668795503,0.947987912370814,-1.0008734776946526,0.0004516683335706905,74.92806018263373
63.23092258769852,0.02083718264015312,0.12607200238915137,3.068034668795503,0.947987912370814,-1.0008734776946526,0.0004516683335706905,74.92806018263373
63.23092258769852,0.02083718264015312,0.12607200238915137,3.068034668795503,0.947987912370814,-1.0008734776946526,0.0004516683335706905,74.92806018263373
63.23092258769852,0.02083718264015312,0.12607200238915137,3.068034668795503,0.947987912370814,-1.0008734776946526,0.0004516683335706905,74.92806018263373
63.23092258769852,0.02083718264015312,0.12607200238915137,3.068034668795503,0.947987912370814,-1.0008734776946526,0.0004516683335706905,74.92806018263373
63.23092258769852,0.02083718264015312,0.12607200238915137,3.068034668795503,0.947987912370814,-1.0008734776946526,0.0004516683335706905,74.92806018263373
63.23092258769852,0.02083718264015312,0.12607200238915137,3.068034668795503,0.947987912370814,-1.0008734776946526,0.0004516683335706905,74.92806018263373
59.78506025182279,0.020970359185892466,0.12161368564856455,3.053001509704437,0.9528900819289561,-0.7924540889661532,0.0005433113172471431,74.40004252468195
59.78506025182279,0.020970359185892466,0.12161368564856455,3.053001509704437,0.9528900819289561,-0.7924540889661532,0.0005433113172471431,74.40004252468195
59.78506025182279,0.020970359185892466,0.12161368564856455,3.053001509704437,0.9528900819289561,-0.7924540889661532,0.0005433113172471431,74.40004252468195
59.78506025182279,0.020970359185892466,0.12161368564856455,3.053001509704437,0.9528900819289561,-0.7924540889661532,0.0005433113172471431,74.40004252468195
59.78506025182279,0.020970359185892466,0.12161368564856455,3.053001509704437,0.9528900819289561,-0.7924540889661532,0.0005433113172471431,74.40004252468195
59.78506025182279,0.020970359185892466,0.12161368564856455,3.053001509704437,0.9528900819289561,-0.7924540889661532,0.0005433113172471431,74.40004252468195
59.78506025182279,0.020970359185892466,0.12161368564856455,3.053001509704437,0.9528900819289561,-0.7924540889661532,0.0005433113172471431,74.40004252468195
59.78506025182279,0.020970359185892466,0.12161368564856455,3.053001509704437,0.9528900819289561,-0.7924540889661532,0.0005433113172471431,74.40004252468195
59.78506025182279,0.020970359185892466,0.12161368564856455,3.053001509704437,0.9528900819289561,-0.7924540889661532,0.0005433113172471431,74.40004252468195
63.0699584428667,0.02092309082817325,0.12172694415402137,3.05166716908143,0.9487241253252415,-0.9206543349370351,0.0005711582728723258,72.73921979035319
63.0699584428667,0.02092309082817325,0.12172694415402137,3.05166716908143,0.9487241253252415,-0.9206543349370351,0.0005711582728723258,72.73921979035319
63.0699584428667,0.02092309082817325,0.12172694415402137,3.05166716908143,0.9487241253252415,-0.9206543349370351,0.0005711582728723258,72.73921979035319
63.0699584428667,0.02092309082817325,0.12172694415402137,3.05166716908143,0.9487241253252415,-0.9206543349370351,0.0005711582728723258,72.73921979035319
63.0699584428667,0.02092309082817325,0.12172694415402137,3.05166716908143,0.9487241253252415,-0.9206543349370351,0.0005711582728723258,72.73921979035319
63.0699584428667,0.02092309082817325,0.12172694415402137,3.05166716908143,0.9487241253252415,-0.9206543349370351,0.0005711582728723258,72.73921979035319
68.42250815117464,0.020551926451622078,0.12713531410128498,3.0693821341861582,0.9415307158963999,-1.2509712614123751,0.0004142154703846003,78.84216975754319
68.42250815117464,0.020551926451622078,0.12713531410128498,3.0693821341861582,0.9415307158963999,-1.2509712614123751,0.0004142154703846003,78.84216975754319
67.95771676553953,0.020718746589607418,0.12431310679064234,3.064957911270253,0.9404510377267925,-1.1871329825046986,0.00042515087319036236,77.16675182904183
67.95771676553953,0.020718746589607418,0.12431310679064234,3.064957911270253,0.9404510377267925,-1.1871329825046986,0.00042515087319036236,77.16675182904183
67.95771676553953,0.020718746589607418,0.12431310679064234,3.064957911270253,0.9404510377267925,-1.1871329825046986,0.00042515087319036236,77.16675182904183
67.95771676553953,0.020718746589607418,0.12431310679064234,3.064957911270253,0.9404510377267925,-1.1871329825046986,0.00042515087319036236,77.16675182904183
67.95771676553953,0.020718746589607418,0.12431310679064234,3.064957911270253,0.9404510377267925,-1.1871329825046986,0.00042515087319036236,77.16675182904183
67.95771676553953,0.020718746589607418,0.12431310679064234,3.064957911270253,0.9404510377267925,-1.1871329825046986,0.00042515087319036236,77.16675182904183
67.95771676553953,0.020718746589607418,0.12431310679064234,3.064957911270253,0.9404510377267925,-1.1871329825046986,0.00042515087319036236,77.16675182904183
67.95771676553953,0.020718746589607418,0.12431310679064234,3.064957911270253,0.9404510377267925,-1.1871329825046986,0.00042515087319036236,77.16675182904183
67.95771676553953,0.020718746589607418,0.12431310679064234,3.064957911270253,0.9404510377267925,-1.1871329825046986,0.00042515087319036236,77.16675182904183
67.95771676553953,0.020718746589607418,0.12431310679064234,3.064957911270253,0.9404510377267925,-1.1871329825046986,0.00042515087319036236,77.16675182904183
67.95771676553953,0.020718746589607418,0.12431310679064234,3.064957911270253,0.9404510377267925,-1.1871329825046986,0.00042515087319036236,77.16675182904183
67.95771676553953,0.020718746589607418,0.12431310679064234,3.064957911270253,0.9404510377267925,-1.1871329825046986,0.00042515087319036236,77.16675182904183
67.95771676553953,0.020718746589607418,0.12431310679064234,3.064957911270253,0.9404510377267925,-1.1871329825046986,0.00042515087319036236,77.16675182904183
67.95771676553953,0.020718746589607418,0.12431310679064234,3.064957911270253,0.9404510377267925,-1.1871329825046986,0.00042515087319036236,77.16675182904183
67.95771676553953,0.020718746589607418,0.12431310679064234,3.064957911270253,0.9404510377267925,-1.1871329825046986,0.00042515087319036236,77.16675182904183
67.95771676553953,0.020718746589607418,0.12431310679064234,3.064957911270253,0.9404510377267925,-1.1871329825046986,0.00042515087319036236,77.16675182904183
67.95771676553953,0.020718746589607418,0.12431310679064234,3.064957911270253,0.9404510377267925,-1.1871329825046986,0.00042515087319036236,77.16675182904183
67.95771676553953,0.020718746589607418,0.12431310679064234,3.064957911270253,0.9404510377267925,-1.1871329825046986,0.00042515087319036236,77.16675182904183
67.95771676553953,0.020718746589607418,0.12431310679064234,3.064957911270253,0.9404510377267925,-1.1871329825046986,0.00042515087319036236,77.16675182904183
67.95771676553953,0.020718746589607418,0.12431310679064234,3.064957911270253,0.9404510377267925,-1.1871329825046986,0.00042515087319036236,77.16675182904183
67.95771676553953,0.020718746589607418,0.12431310679064234,3.064957911270253,0.9404510377267925,-1.1871329825046986,0.00042515087319036236,77.16675182904183
67.95771676553953,0.020718746589607418,0.12431310679064234,3.064957911270253,0.9404510377267925,-1.1871329825046986,0.00042515087319036236,77.16675182904183
67.95771676553953,0.020718746589607418,0.12431310679064234,3.064957911270253,0.9404510377267925,-1.1871329825046986,0.00042515087319036236,77.16675182904183
67.95771676553953,0.020718746589607418,0.12431310679064234,3.064957911270253,0.9404510377267925,-1.1871329825046986,0.00042515087319036236,77.16675182904183
67.95771676553953,0.020718746589607418,0.12431310679064234,3.064957911270253,0.9404510377267925,-1.1871329825046986,0.00042515087319036236,77.16675182904183
67.95771676553953,0.020718746589607418,0.12431310679064234,3.064957911270253,0.9404510377267925,-1.1871329825046986,0.00042515087319036236,77.16675182904183
67.95771676553953,0.020718746589607418,0.12431310679064234,3.064957911270253,0.9404510377267925,-1.1871329825046986,0.00042515087319036236,77.16675182904183
66.50459384269952,0.020605925266757828,0.1245820238209514,3.06132598480547,0.9344390300468169,-1.153417919100272,0.0004640720641437353,75.78241814685852
66.50459384269952,0.020605925266757828,0.1245820238209514,3.06132598480547,0.9344390300468169,-1.153417919100272,0.0004640720641437353,75.78241814685852
63.55092998508178,0.020940195689200983,0.11870714615636724,3.0404650081909548,0.9507441006241664,-0.922070692601663,0.0005741929423539932,72.60277864402283
63.55092998508178,0.020940195689200983,0.11870714615636724,3.0404650081909548,0.9507441006241664,-0.922070692601663,0.0005741929423539932,72.60277864402283
63.55092998508178,0.020940195689200983,0.11870714615636724,3.0404650081909548,0.9507441006241664,-0.922070692601663,0.0005741929423539932,72.60277864402283
63.55092998508178,0.020940195689200983,0.11870714615636724,3.0404650081909548,0.9507441006241664,-0.922070692601663,0.0005741929423539932,72.60277864402283
63.55092998508178,0.020940195689200983,0.11870714615636724,3.0404650081909548,0.9507441006241664,-0.922070692601663,0.0005741929423539932,72.60277864402283
63.55092998508178,0.020940195689200983,0.11870714615636724,3.0404650081909548,0.9507441006241664,-0.922070692601663,0.0005741929423539932,72.60277864402283
63.55092998508178,0.020940195689200983,0.11870714615636724,3.0404650081909548,0.9507441006241664,-0.922070692601663,0.0005741929423539932,72.60277864402283
63.55092998508178,0.020940195689200983,0.11870714615636724,3.0404650081909548,0.9507441006241664,-0.922070692601663,0.0005741929423539932,72.60277864402283
63.55092998508178,0.020940195689200983,0.11870714615636724,3.0404650081909548,0.9507441006241664,-0.922070692601663,0.0005741929423539932,72.60277864402283
63.55092998508178,0.020940195689200983,0.11870714615636724,3.0404650081909548,0.9507441006241664,-0.922070692601663,0.0005741929423539932,72.60277864402283
63.55092998508178,0.020940195689200983,0.11870714615636724,3.0404650081909548,0.9507441006241664,-0.922070692601663,0.0005741929423539932,72.60277864402283
63.55092998508178,0.020940195689200983,0.11870714615636724,3.0404650081909548,0.9507441006241664,-0.922070692601663,0.0005741929423539932,72.60277864402283
63.55092998508178,0.020940195689200983,0.11870714615636724,3.0404650081909548,0.9507441006241664,-0.922070692601663,0.0005741929423539932,72.60277864402283
63.55092998508178,0.020940195689200983,0.11870714615636724,3.0404650081909548,0.9507441006241664,-0.922070692601663,0.0005741929423539932,72.60277864402283
63.55092998508178,0.020940195689200983,0.11870714615636724,3.0404650081909548,0.9507441006241664,-0.922070692601663,0.0005741929423539932,72.60277864402283
63.55092998508178,0.020940195689200983,0.11870714615636724,3.0404650081909548,0.9507441006241664,-0.922070692601663,0.0005741929423539932,72.60277864402283
63.55092998508178,0.020940195689200983,0.11870714615636724,3.0404650081909548,0.9507441006241664,-0.922070692601663,0.0005741929423539932,72.60277864402283
63.55092998508178,0.020940195689200983,0.11870714615636724,3.0404650081909548,0.9507441006241664,-0.922070692601663,0.0005741929423539932,72.60277864402283
63.55092998508178,0.020940195689200983,0.11870714615636724,3.0404650081909548,0.9507441006241664,-0.922070692601663,0.0005741929423539932,72.60277864402283
63.55092998508178,0.020940195689200983,0.11870714615636724,3.0404650081909548,0.9507441006241664,-0.922070692601663,0.0005741929423539932,72.60277864402283
63.55092998508178,0.020940195689200983,0.11870714615636724,3.0404650081909548,0.9507441006241664,-0.922070692601663,0.0005741929423539932,72.60277864402283
63.55092998508178,0.020940195689200983,0.11870714615636724,3.0404650081909548,0.9507441006241664,-0.922070692601663,0.0005741929423539932,72.60277864402283
61.18480937393272,0.021621627173161333,0.11702112840988296,3.0434691285644146,0.9617120642561111,-0.7941619277190989,0.0005107314079368082,70.94981445725057
61.18480937393272,0.021621627173161333,0.11702112840988296,3.0434691285644146,0.9617120642561111,-0.7941619277190989,0.0005107314079368082,70.94981445725057
61.18480937393272,0.021621627173161333,0.11702112840988296,3.0434691285644146,0.9617120642561111,-0.7941619277190989,0.0005107314079368082,70.94981445725057
61.18480937393272,0.021621627173161333,0.11702112840988296,3.0434691285644146,0.9617120642561111,-0.7941619277190989,0.0005107314079368082,70.94981445725057
61.18480937393272,0.021621627173161333,0.11702112840988296,3.0434691285644146,0.9617120642561111,-0.7941619277190989,0.0005107314079368082,70.94981445725057
61.18480937393272,0.021621627173161333,0.11702112840988296,3.0434691285644146,0.9617120642561111,-0.7941619277190989,0.0005107314079368082,70.94981445725057
61.18480937393272,0.021621627173161333,0.11702112840988296,3.0434691285644146,0.9617120642561111,-0.7941619277190989,0.0005107314079368082,70.94981445725057
61.18480937393272,0.021621627173161333,0.11702112840988296,3.0434691285644146,0.9617120642561111,-0.7941619277190989,0.0005107314079368082,70.94981445725057
61.18480937393272,0.021621627173161333,0.11702112840988296,3.0434691285644146,0.9617120642561111,-0.7941619277190989,0.0005107314079368082,70.94981445725057
61.18480937393272,0.021621627173161333,0.11702112840988296,3.0434691285644146,0.9617120642561111,-0.7941619277190989,0.0005107314079368082,70.94981445725057
61.18480937393272,0.021621627173161333,0.11702112840988296,3.0434691285644146,0.9617120642561111,-0.7941619277190989,0.0005107314079368082,70.94981445725057
61.18480937393272,0.021621627173161333,0.11702112840988296,3.0434691285644146,0.9617120642561111,-0.7941619277190989,0.0005107314079368082,70.94981445725057
61.18480937393272,0.021621627173161333,0.11702112840988296,3.0434691285644146,0.9617120642561111,-0.7941619277190989,0.0005107314079368082,70.94981445725057
61.18480937393272,0.021621627173161333,0.11702112840988296,3.0434691285644146,0.9617120642561111,-0.7941619277190989,0.0005107314079368082,70.94981445725057
61.18480937393272,0.021621627173161333,0.11702112840988296,3.0434691285644146,0.9617120642561111,-0.7941619277190989,0.0005107314079368082,70.94981445725057
61.18480937393272,0.021621627173161333,0.11702112840988296,3.0434691285644146,0.9617120642561111,-0.7941619277190989,0.0005107314079368082,70.94981445725057
61.18480937393272,0.021621627173161333,0.11702112840988296,3.0434691285644146,0.9617120642561111,-0.7941619277190989,0.0005107314079368082,70.94981445725057
61.18480937393272,0.021621627173161333,0.11702112840988296,3.0434691285644146,0.9617120642561111,-0.7941619277190989,0.0005107314079368082,70.94981445725057
61.18480937393272,0.021621627173161333,0.11702112840988296,3.0434691285644146,0.9617120642561111,-0.7941619277190989,0.0005107314079368082,70.94981445725057
61.18480937393272,0.021621627173161333,0.11702112840988296,3.0434691285644146,0.9617120642561111,-0.7941619277190989,0.0005107314079368082,70.94981445725057
61.18480937393272,0.021621627173161333,0.11702112840988296,3.0434691285644146,0.9617120642561111,-0.7941619277190989,0.0005107314079368082,70.94981445725057
61.18480937393272,0.021621627173161333,0.11702112840988296,3.0434691285644146,0.9617120642561111,-0.7941619277190989,0.0005107314079368082,70.94981445725057
61.18480937393272,0.021621627173161333,0.11702112840988296,3.0434691285644146,0.9617120642561111,-0.7941619277190989,0.0005107314079368082,70.94981445725057
61.18480937393272,0.021621627173161333,0.11702112840988296,3.0434691285644146,0.9617120642561111,-0.7941619277190989,0.0005107314079368082,70.94981445725057
61.18480937393272,0.021621627173161333,0.11702112840988296,3.0434691285644146,0.9617120642561111,-0.7941619277190989,0.0005107314079368082,70.94981445725057
61.18480937393272,0.021621627173161333,0.11702112840988296,3.0434691285644146,0.9617120642561111,-0.7941619277190989,0.0005107314079368082,70.94981445725057
61.18480937393272,0.021621627173161333,0.11702112840988296,3.0434691285644146,0.9617120642561111,-0.7941619277190989,0.0005107314079368082,70.94981445725057
61.18480937393272,0.021621627173161333,0.11702112840988296,3.0434691285644146,0.9617120642561111,-0.7941619277190989,0.0005107314079368082,70.94981445725057
61.18480937393272,0.021621627173161333,0.11702112840988296,3.0434691285644146,0.9617120642561111,-0.7941619277190989,0.0005107314079368082,70.94981445725057
66.70872525376339,0.021760899702794826,0.11676225635431961,3.040537336044519,0.9615012187203066,-0.9700479023855227,0.0005279686751472563,76.33650755331595
66.70872525376339,0.021760899702794826,0.11676225635431961,3.040537336044519,0.9615012187203066,-0.9700479023855227,0.0005279686751472563,76.33650755331595
66.70872525376339,0.021760899702794826,0.11676225635431961,3.040537336044519,0.9615012187203066,-0.9700479023855227,0.0005279686751472563,76.33650755331595
66.70872525376339,0.021760899702794826,0.11676225635431961,3.040537336044519,0.9615012187203066,-0.9700479023855227,0.0005279686751472563,76.33650755331595
66.70872525376339,0.021760899702794826,0.11676225635431961,3.040537336044519,0.9615012187203066,-0.9700479023855227,0.0005279686751472563,76.33650755331595
66.70872525376339,0.021760899702794826,0.11676225635431961,3.040537336044519,0.9615012187203066,-0.9700479023855227,0.0005279686751472563,76.33650755331595
66.70872525376339,0.021760899702794826,0.11676225635431961,3.040537336044519,0.9615012187203066,-0.9700479023855227,0.0005279686751472563,76.33650755331595
66.70872525376339,0.021760899702794826,0.11676225635431961,3.040537336044519,0.9615012187203066,-0.9700479023855227,0.0005279686751472563,76.33650755331595
66.70872525376339,0.021760899702794826,0.11676225635431961,3.040537336044519,0.9615012187203066,-0.9700479023855227,0.0005279686751472563,76.33650755331595
66.70872525376339,0.021760899702794826,0.11676225635431961,3.040537336044519,0.9615012187203066,-0.9700479023855227,0.0005279686751472563,76.33650755331595
66.70872525376339,0.021760899702794826,0.11676225635431961,3.040537336044519,0.9615012187203066,-0.9700479023855227,0.0005279686751472563,76.33650755331595
66.70872525376339,0.021760899702794826,0.11676225635431961,3.040537336044519,0.9615012187203066,-0.9700479023855227,0.0005279686751472563,76.33650755331595
66.70872525376339,0.021760899702794826,0.11676225635431961,3.040537336044519,0.9615012187203066,-0.9700479023855227,0.0005279686751472563,76.33650755331595
66.70872525376339,0.021760899702794826,0.11676225635431961,3.040537336044519,0.9615012187203066,-0.9700479023855227,0.0005279686751472563,76.33650755331595
66.70872525376339,0.021760899702794826,0.11676225635431961,3.040537336044519,0.9615012187203066,-0.9700479023855227,0.0005279686751472563,76.33650755331595
66.70872525376339,0.021760899702794826,0.11676225635431961,3.040537336044519,0.9615012187203066,-0.9700479023855227,0.0005279686751472563,76.33650755331595
66.70872525376339,0.021760899702794826,0.11676225635431961,3.040537336044519,0.9615012187203066,-0.9700479023855227,0.0005279686751472563,76.33650755331595
66.70872525376339,0.021760899702794826,0.11676225635431961,3.040537336044519,0.9615012187203066,-0.9700479023855227,0.0005279686751472563,76.33650755331595
66.70872525376339,0.021760899702794826,0.11676225635431961,3.040537336044519,0.9615012187203066,-0.9700479023855227,0.0005279686751472563,76.33650755331595
66.70872525376339,0.021760899702794826,0.11676225635431961,3.040537336044519,0.9615012187203066,-0.9700479023855227,0.0005279686751472563,76.33650755331595
66.70872525376339,0.021760899702794826,0.11676225635431961,3.040537336044519,0.9615012187203066,-0.9700479023855227,0.0005279686751472563,76.33650755331595
66.70872525376339,0.021760899702794826,0.11676225635431961,3.040537336044519,0.9615012187203066,-0.9700479023855227,0.0005279686751472563,76.33650755331595
66.70872525376339,0.021760899702794826,0.11676225635431961,3.040537336044519,0.9615012187203066,-0.9700479023855227,0.0005279686751472563,76.33650755331595
66.70872525376339,0.021760899702794826,0.11676225635431961,3.040537336044519,0.9615012187203066,-0.9700479023855227,0.0005279686751472563,76.33650755331595
66.70872525376339,0.021760899702794826,0.11676225635431961,3.040537336044519,0.9615012187203066,-0.9700479023855227,0.0005279686751472563,76.33650755331595
66.70872525376339,0.021760899702794826,0.11676225635431961,3.040537336044519,0.9615012187203066,-0.9700479023855227,0.0005279686751472563,76.33650755331595
66.70872525376339,0.021760899702794826,0.11676225635431961,3.040537336044519,0.9615012187203066,-0.9700479023855227,0.0005279686751472563,76.33650755331595
67.15100490785234,0.021049617315144247,0.12259814705487393,3.0527118793316084,0.9435207125251631,-1.1322950593917356,0.00047791752737814464,76.69699590574209
71.91762033618949,0.021227042367038488,0.1205309278124545,3.0491229607617623,0.95634806186664,-1.220699762082068,0.0004937627335978618,73.65581481062276
67.2299913996814,0.02065074036622153,0.12843009657030477,3.069163199006928,0.9364554935984194,-1.2518690922709101,0.0004300253701838868,72.24514073764627
67.2299913996814,0.02065074036622153,0.12843009657030477,3.069163199006928,0.9364554935984194,-1.2518690922709101,0.0004300253701838868,72.24514073764627
67.2299913996814,0.02065074036622153,0.12843009657030477,3.069163199006928,0.9364554935984194,-1.2518690922709101,0.0004300253701838868,72.24514073764627
67.2299913996814,0.02065074036622153,0.12843009657030477,3.069163199006928,0.9364554935984194,-1.2518690922709101,0.0004300253701838868,72.24514073764627
67.2299913996814,0.02065074036622153,0.12843009657030477,3.069163199006928,0.9364554935984194,-1.2518690922709101,0.0004300253701838868,72.24514073764627
67.2299913996814,0.02065074036622153,0.12843009657030477,3.069163199006928,0.9364554935984194,-1.2518690922709101,0.0004300253701838868,72.24514073764627
67.2299913996814,0.02065074036622153,0.12843009657030477,3.069163199006928,0.9364554935984194,-1.2518690922709101,0.0004300253701838868,72.24514073764627
67.2299913996814,0.02065074036622153,0.12843009657030477,3.069163199006928,0.9364554935984194,-1.2518690922709101,0.0004300253701838868,72.24514073764627
67.2299913996814,0.02065074036622153,0.12843009657030477,3.069163199006928,0.9364554935984194,-1.2518690922709101,0.0004300253701838868,72.24514073764627
67.2299913996814,0.02065074036622153,0.12843009657030477,3.069163199006928,0.9364554935984194,-1.2518690922709101,0.0004300253701838868,72.24514073764627
67.2299913996814,0.02065074036622153,0.12843009657030477,3.069163199006928,0.9364554935984194,-1.2518690922709101,0.0004300253701838868,72.24514073764627
67.2299913996814,0.02065074036622153,0.12843009657030477,3.069163199006928,0.9364554935984194,-1.2518690922709101,0.0004300253701838868,72.24514073764627
67.2299913996814,0.02065074036622153,0.12843009657030477,3.069163199006928,0.9364554935984194,-1.2518690922709101,0.0004300253701838868,72.24514073764627
67.2299913996814,0.02065074036622153,0.12843009657030477,3.069163199006928,0.9364554935984194,-1.2518690922709101,0.0004300253701838868,72.24514073764627
67.2299913996814,0.02065074036622153,0.12843009657030477,3.069163199006928,0.9364554935984194,-1.2518690922709101,0.0004300253701838868,72.24514073764627
67.2299913996814,0.02065074036622153,0.12843009657030477,3.069163199006928,0.9364554935984194,-1.2518690922709101,0.0004300253701838868,72.24514073764627
67.2299913996814,0.02065074036622153,0.12843009657030477,3.069163199006928,0.9364554935984194,-1.2518690922709101,0.0004300253701838868,72.24514073764627
67.2299913996814,0.02065074036622153,0.12843009657030477,3.069163199006928,0.9364554935984194,-1.2518690922709101,0.0004300253701838868,72.24514073764627
67.35115136765145,0.02043083096540278,0.1278609704505372,3.0656815421973986,0.9296513161434176,-1.2413515958342989,0.000478769294280462,73.76430262459957
67.35115136765145,0.02043083096540278,0.1278609704505372,3.0656815421973986,0.9296513161434176,-1.2413515958342989,0.000478769294280462,73.76430262459957
67.35115136765145,0.02043083096540278,0.1278609704505372,3.0656815421973986,0.9296513161434176,-1.2413515958342989,0.000478769294280462,73.76430262459957
67.35115136765145,0.02043083096540278,0.1278609704505372,3.0656815421973986,0.9296513161434176,-1.2413515958342989,0.000478769294280462,73.76430262459957
67.35115136765145,0.02043083096540278,0.1278609704505372,3.0656815421973986,0.9296513161434176,-1.2413515958342989,0.000478769294280462,73.76430262459957
67.35115136765145,0.02043083096540278,0.1278609704505372,3.0656815421973986,0.9296513161434176,-1.2413515958342989,0.000478769294280462,73.76430262459957
67.35115136765145,0.02043083096540278,0.1278609704505372,3.0656815421973986,0.9296513161434176,-1.2413515958342989,0.000478769294280462,73.76430262459957
67.35115136765145,0.02043083096540278,0.1278609704505372,3.0656815421973986,0.9296513161434176,-1.2413515958342989,0.000478769294280462,73.76430262459957
67.35115136765145,0.02043083096540278,0.1278609704505372,3.0656815421973986,0.9296513161434176,-1.2413515958342989,0.000478769294280462,73.76430262459957
69.31864067752011,0.020675941114142674,0.12751635392648755,3.068693045364627,0.9389526245005019,-1.3173153489390477,0.00043198712382111964,70.22985986479262
69.31864067752011,0.020675941114142674,0.12751635392648755,3.068693045364627,0.9389526245005019,-1.3173153489390477,0.00043198712382111964,70.22985986479262
69.31864067752011,0.020675941114142674,0.12751635392648755,3.068693045364627,0.9389526245005019,-1.3173153489390477,0.00043198712382111964,70.22985986479262
69.31864067752011,0.020675941114142674,0.12751635392648755,3.068693045364627,0.9389526245005019,-1.3173153489390477,0.00043198712382111964,70.22985986479262
69.31864067752011,0.020675941114142674,0.12751635392648755,3.068693045364627,0.9389526245005019,-1.3173153489390477,0.00043198712382111964,70.22985986479262
69.31864067752011,0.020675941114142674,0.12751635392648755,3.068693045364627,0.9389526245005019,-1.3173153489390477,0.00043198712382111964,70.22985986479262
69.31864067752011,0.020675941114142674,0.12751635392648755,3.068693045364627,0.9389526245005019,-1.3173153489390477,0.00043198712382111964,70.22985986479262
69.31864067752011,0.020675941114142674,0.12751635392648755,3.068693045364627,0.9389526245005019,-1.3173153489390477,0.00043198712382111964,70.22985986479262
69.31864067752011,0.020675941114142674,0.12751635392648755,3.068693045364627,0.9389526245005019,-1.3173153489390477,0.00043198712382111964,70.22985986479262
69.31864067752011,0.020675941114142674,0.12751635392648755,3.068693045364627,0.9389526245005019,-1.3173153489390477,0.00043198712382111964,70.22985986479262
69.31864067752011,0.020675941114142674,0.12751635392648755,3.068693045364627,0.9389526245005019,-1.3173153489390477,0.00043198712382111964,70.22985986479262
69.31864067752011,0.020675941114142674,0.12751635392648755,3.068693045364627,0.9389526245005019,-1.3173153489390477,0.00043198712382111964,70.22985986479262
69.31864067752011,0.020675941114142674,0.12751635392648755,3.068693045364627,0.9389526245005019,-1.3173153489390477,0.00043198712382111964,70.22985986479262
69.31864067752011,0.020675941114142674,0.12751635392648755,3.068693045364627,0.9389526245005019,-1.3173153489390477,0.00043198712382111964,70.22985986479262
69.31864067752011,0.020675941114142674,0.12751635392648755,3.068693045364627,0.9389526245005019,-1.3173153489390477,0.00043198712382111964,70.22985986479262
69.31864067752011,0.020675941114142674,0.12751635392648755,3.068693045364627,0.9389526245005019,-1.3173153489390477,0.00043198712382111964,70.22985986479262
69.31864067752011,0.020675941114142674,0.12751635392648755,3.068693045364627,0.9389526245005019,-1.3173153489390477,0.00043198712382111964,70.22985986479262
69.31864067752011,0.020675941114142674,0.12751635392648755,3.068693045364627,0.9389526245005019,-1.3173153489390477,0.00043198712382111964,70.22985986479262
69.31864067752011,0.020675941114142674,0.12751635392648755,3.068693045364627,0.9389526245005019,-1.3173153489390477,0.00043198712382111964,70.22985986479262
69.31864067752011,0.020675941114142674,0.12751635392648755,3.068693045364627,0.9389526245005019,-1.3173153489390477,0.00043198712382111964,70.22985986479262
69.31864067752011,0.020675941114142674,0.12751635392648755,3.068693045364627,0.9389526245005019,-1.3173153489390477,0.00043198712382111964,70.22985986479262
69.31864067752011,0.020675941114142674,0.12751635392648755,3.068693045364627,0.9389526245005019,-1.3173153489390477,0.00043198712382111964,70.22985986479262
69.31864067752011,0.020675941114142674,0.12751635392648755,3.068693045364627,0.9389526245005019,-1.3173153489390477,0.00043198712382111964,70.22985986479262
69.31864067752011,0.020675941114142674,0.12751635392648755,3.068693045364627,0.9389526245005019,-1.3173153489390477,0.00043198712382111964,70.22985986479262
69.31864067752011,0.020675941114142674,0.12751635392648755,3.068693045364627,0.9389526245005019,-1.3173153489390477,0.00043198712382111964,70.22985986479262
69.31864067752011,0.020675941114142674,0.12751635392648755,3.068693045364627,0.9389526245005019,-1.3173153489390477,0.00043198712382111964,70.22985986479262
69.31864067752011,0.020675941114142674,0.12751635392648755,3.068693045364627,0.9389526245005019,-1.3173153489390477,0.00043198712382111964,70.22985986479262
69.31864067752011,0.020675941114142674,0.12751635392648755,3.068693045364627,0.9389526245005019,-1.3173153489390477,0.00043198712382111964,70.22985986479262
69.31864067752011,0.020675941114142674,0.12751635392648755,3.068693045364627,0.9389526245005019,-1.3173153489390477,0.00043198712382111964,70.22985986479262
69.31864067752011,0.020675941114142674,0.12751635392648755,3.068693045364627,0.9389526245005019,-1.3173153489390477,0.00043198712382111964,70.22985986479262
69.31864067752011,0.020675941114142674,0.12751635392648755,3.068693045364627,0.9389526245005019,-1.3173153489390477,0.00043198712382111964,70.22985986479262
69.31864067752011,0.020675941114142674,0.12751635392648755,3.068693045364627,0.9389526245005019,-1.3173153489390477,0.00043198712382111964,70.22985986479262
69.31864067752011,0.020675941114142674,0.12751635392648755,3.068693045364627,0.9389526245005019,-1.3173153489390477,0.00043198712382111964,70.22985986479262
69.31864067752011,0.020675941114142674,0.12751635392648755,3.068693045364627,0.9389526245005019,-1.3173153489390477,0.00043198712382111964,70.22985986479262
69.31864067752011,0.020675941114142674,0.12751635392648755,3.068693045364627,0.9389526245005019,-1.3173153489390477,0.00043198712382111964,70.22985986479262
69.31864067752011,0.020675941114142674,0.12751635392648755,3.068693045364627,0.9389526245005019,-1.3173153489390477,0.00043198712382111964,70.22985986479262
69.31864067752011,0.020675941114142674,0.12751635392648755,3.068693045364627,0.9389526245005019,-1.3173153489390477,0.00043198712382111964,70.22985986479262
69.31864067752011,0.020675941114142674,0.12751635392648755,3.068693045364627,0.9389526245005019,-1.3173153489390477,0.00043198712382111964,70.22985986479262
69.31864067752011,0.020675941114142674,0.12751635392648755,3.068693045364627,0.9389526245005019,-1.3173153489390477,0.00043198712382111964,70.22985986479262
72.90953477076505,0.020425795741070105,0.1261583776336163,3.063355113584934,0.9387265979284578,-1.4258248896084316,0.0004701012771944034,73.50490630008177
72.90953477076505,0.020425795741070105,0.1261583776336163,3.063355113584934,0.9387265979284578,-1.4258248896084316,0.0004701012771944034,73.50490630008177
72.90953477076505,0.020425795741070105,0.1261583776336163,3.063355113584934,0.9387265979284578,-1.4258248896084316,0.0004701012771944034,73.50490630008177
72.90953477076505,0.020425795741070105,0.1261583776336163,3.063355113584934,0.9387265979284578,-1.4258248896084316,0.0004701012771944034,73.50490630008177
72.90953477076505,0.020425795741070105,0.1261583776336163,3.063355113584934,0.9387265979284578,-1.4258248896084316,0.0004701012771944034,73.50490630008177
72.90953477076505,0.020425795741070105,0.1261583776336163,3.063355113584934,0.9387265979284578,-1.4258248896084316,0.0004701012771944034,73.50490630008177
72.90953477076505,0.020425795741070105,0.1261583776336163,3.063355113584934,0.9387265979284578,-1.4258248896084316,0.0004701012771944034,73.50490630008177
72.90953477076505,0.020425795741070105,0.1261583776336163,3.063355113584934,0.9387265979284578,-1.4258248896084316,0.0004701012771944034,73.50490630008177
72.90953477076505,0.020425795741070105,0.1261583776336163,3.063355113584934,0.9387265979284578,-1.4258248896084316,0.0004701012771944034,73.50490630008177
72.90953477076505,0.020425795741070105,0.1261583776336163,3.063355113584934,0.9387265979284578,-1.4258248896084316,0.0004701012771944034,73.50490630008177
72.90953477076505,0.020425795741070105,0.1261583776336163,3.063355113584934,0.9387265979284578,-1.4258248896084316,0.0004701012771944034,73.50490630008177
70.95666179963676,0.02082197881164818,0.12487059022926657,3.06003499684313,0.9416332184188284,-1.3278259055070687,0.0005062613478128249,74.37910299108248
70.95666179963676,0.02082197881164818,0.12487059022926657,3.06003499684313,0.9416332184188284,-1.3278259055070687,0.0005062613478128249,74.37910299108248
70.95666179963676,0.02082197881164818,0.12487059022926657,3.06003499684313,0.9416332184188284,-1.3278259055070687,0.0005062613478128249,74.37910299108248
70.95666179963676,0.02082197881164818,0.12487059022926657,3.06003499684313,0.9416332184188284,-1.3278259055070687,0.0005062613478128249,74.37910299108248
70.95666179963676,0.02082197881164818,0.12487059022926657,3.06003499684313,0.9416332184188284,-1.3278259055070687,0.0005062613478128249,74.37910299108248
70.95666179963676,0.02082197881164818,0.12487059022926657,3.06003499684313,0.9416332184188284,-1.3278259055070687,0.0005062613478128249,74.37910299108248
70.95666179963676,0.02082197881164818,0.12487059022926657,3.06003499684313,0.9416332184188284,-1.3278259055070687,0.0005062613478128249,74.37910299108248
70.95666179963676,0.02082197881164818,0.12487059022926657,3.06003499684313,0.9416332184188284,-1.3278259055070687,0.0005062613478128249,74.37910299108248
70.95666179963676,0.02082197881164818,0.12487059022926657,3.06003499684313,0.9416332184188284,-1.3278259055070687,0.0005062613478128249,74.37910299108248
70.95666179963676,0.02082197881164818,0.12487059022926657,3.06003499684313,0.9416332184188284,-1.3278259055070687,0.0005062613478128249,74.37910299108248
70.95666179963676,0.02082197881164818,0.12487059022926657,3.06003499684313,0.9416332184188284,-1.3278259055070687,0.0005062613478128249,74.37910299108248
78.0190409708262,0.020704994644043934,0.12549585017139947,3.059686751893551,0.9349872307107853,-1.6085275412254707,0.0005172451215310436,71.05086543079577
78.0190409708262,0.020704994644043934,0.12549585017139947,3.059686751893551,0.9349872307107853,-1.6085275412254707,0.0005172451215310436,71.05086543079577
78.0190409708262,0.020704994644043934,0.12549585017139947,3.059686751893551,0.9349872307107853,-1.6085275412254707,0.0005172451215310436,71.05086543079577
78.0190409708262,0.020704994644043934,0.12549585017139947,3.059686751893551,0.9349872307107853,-1.6085275412254707,0.0005172451215310436,71.05086543079577
79.86953958222712,0.020798994039564405,0.12743482130269362,3.067251337044319,0.9366968461440935,-1.6952131038369826,0.0004719346875736345,68.8293750653049
79.86953958222712,0.020798994039564405,0.12743482130269362,3.067251337044319,0.9366968461440935,-1.6952131038369826,0.0004719346875736345,68.8293750653049
79.86953958222712,0.020798994039564405,0.12743482130269362,3.067251337044319,0.9366968461440935,-1.6952131038369826,0.0004719346875736345,68.8293750653049
79.86953958222712,0.020798994039564405,0.12743482130269362,3.067251337044319,0.9366968461440935,-1.6952131038369826,0.0004719346875736345,68.8293750653049
83.85525997452287,0.02087923915646706,0.12738516410048847,3.069471234179724,0.9388367763785497,-1.827487451779838,0.0004616259576911826,68.80506905192263
83.85525997452287,0.02087923915646706,0.12738516410048847,3.069471234179724,0.9388367763785497,-1.827487451779838,0.0004616259576911826,68.80506905192263
83.85525997452287,0.02087923915646706,0.12738516410048847,3.069471234179724,0.9388367763785497,-1.827487451779838,0.0004616259576911826,68.80506905192263
83.85525997452287,0.02087923915646706,0.12738516410048847,3.069471234179724,0.9388367763785497,-1.827487451779838,0.0004616259576911826,68.80506905192263
83.85525997452287,0.02087923915646706,0.12738516410048847,3.069471234179724,0.9388367763785497,-1.827487451779838,0.0004616259576911826,68.80506905192263
83.85525997452287,0.02087923915646706,0.12738516410048847,3.069471234179724,0.9388367763785497,-1.827487451779838,0.0004616259576911826,68.80506905192263
83.85525997452287,0.02087923915646706,0.12738516410048847,3.069471234179724,0.9388367763785497,-1.827487451779838,0.0004616259576911826,68.80506905192263
87.91287968112897,0.02091123318676933,0.12619383345984947,3.0664662322859724,0.9398374243635575,-1.9407622128493496,0.00048811811971204665,68.0628224370232
87.91287968112897,0.02091123318676933,0.12619383345984947,3.0664662322859724,0.9398374243635575,-1.9407622128493496,0.00048811811971204665,68.0628224370232
87.91287968112897,0.02091123318676933,0.12619383345984947,3.0664662322859724,0.9398374243635575,-1.9407622128493496,0.00048811811971204665,68.0628224370232
87.91287968112897,0.02091123318676933,0.12619383345984947,3.0664662322859724,0.9398374243635575,-1.9407622128493496,0.00048811811971204665,68.0628224370232
87.91287968112897,0.02091123318676933,0.12619383345984947,3.0664662322859724,0.9398374243635575,-1.9407622128493496,0.00048811811971204665,68.0628224370232
87.91287968112897,0.02091123318676933,0.12619383345984947,3.0664662322859724,0.9398374243635575,-1.9407622128493496,0.00048811811971204665,68.0628224370232
87.91287968112897,0.02091123318676933,0.12619383345984947,3.0664662322859724,0.9398374243635575,-1.9407622128493496,0.00048811811971204665,68.0628224370232
87.91287968112897,0.02091123318676933,0.12619383345984947,3.0664662322859724,0.9398374243635575,-1.9407622128493496,0.00048811811971204665,68.0628224370232
87.91287968112897,0.02091123318676933,0.12619383345984947,3.0664662322859724,0.9398374243635575,-1.9407622128493496,0.00048811811971204665,68.0628224370232
87.91287968112897,0.02091123318676933,0.12619383345984947,3.0664662322859724,0.9398374243635575,-1.9407622128493496,0.00048811811971204665,68.0628224370232
87.91287968112897,0.02091123318676933,0.12619383345984947,3.0664662322859724,0.9398374243635575,-1.9407622128493496,0.00048811811971204665,68.0628224370232
87.91287968112897,0.02091123318676933,0.12619383345984947,3.0664662322859724,0.9398374243635575,-1.9407622128493496,0.00048811811971204665,68.0628224370232
87.91287968112897,0.02091123318676933,0.12619383345984947,3.0664662322859724,0.9398374243635575,-1.9407622128493496,0.00048811811971204665,68.0628224370232
87.91287968112897,0.02091123318676933,0.12619383345984947,3.0664662322859724,0.9398374243635575,-1.9407622128493496,0.00048811811971204665,68.0628224370232
87.91287968112897,0.02091123318676933,0.12619383345984947,3.0664662322859724,0.9398374243635575,-1.9407622128493496,0.00048811811971204665,68.0628224370232
87.91287968112897,0.02091123318676933,0.12619383345984947,3.0664662322859724,0.9398374243635575,-1.9407622128493496,0.00048811811971204665,68.0628224370232
87.91287968112897,0.02091123318676933,0.12619383345984947,3.0664662322859724,0.9398374243635575,-1.9407622128493496,0.00048811811971204665,68.0628224370232
87.91287968112897,0.02091123318676933,0.12619383345984947,3.0664662322859724,0.9398374243635575,-1.9407622128493496,0.00048811811971204665,68.0628224370232
87.91287968112897,0.02091123318676933,0.12619383345984947,3.0664662322859724,0.9398374243635575,-1.9407622128493496,0.00048811811971204665,68.0628224370232
87.91287968112897,0.02091123318676933,0.12619383345984947,3.0664662322859724,0.9398374243635575,-1.9407622128493496,0.00048811811971204665,68.0628224370232
87.91287968112897,0.02091123318676933,0.12619383345984947,3.0664662322859724,0.9398374243635575,-1.9407622128493496,0.00048811811971204665,68.0628224370232
87.91287968112897,0.02091123318676933,0.12619383345984947,3.0664662322859724,0.9398374243635575,-1.9407622128493496,0.00048811811971204665,68.0628224370232
87.91287968112897,0.02091123318676933,0.12619383345984947,3.0664662322859724,0.9398374243635575,-1.9407622128493496,0.00048811811971204665,68.0628224370232
87.91287968112897,0.02091123318676933,0.12619383345984947,3.0664662322859724,0.9398374243635575,-1.9407622128493496,0.00048811811971204665,68.0628224370232
87.91287968112897,0.02091123318676933,0.12619383345984947,3.0664662322859724,0.9398374243635575,-1.9407622128493496,0.00048811811971204665,68.0628224370232
87.91287968112897,0.02091123318676933,0.12619383345984947,3.0664662322859724,0.9398374243635575,-1.9407622128493496,0.00048811811971204665,68.0628224370232
87.91287968112897,0.02091123318676933,0.12619383345984947,3.0664662322859724,0.9398374243635575,-1.9407622128493496,0.00048811811971204665,68.0628224370232
89.89010276581007,0.02096953766115363,0.126193980482902,3.0673778151630686,0.9400092546365516,-1.9986918275145997,0.0004889561421164196,68.97405617027675
89.89010276581007,0.02096953766115363,0.126193980482902,3.0673778151630686,0.9400092546365516,-1.9986918275145997,0.0004889561421164196,68.97405617027675
89.89010276581007,0.02096953766115363,0.126193980482902,3.0673778151630686,0.9400092546365516,-1.9986918275145997,0.0004889561421164196,68.97405617027675
89.89010276581007,0.02096953766115363,0.126193980482902,3.0673778151630686,0.9400092546365516,-1.9986918275145997,0.0004889561421164196,68.97405617027675
89.89010276581007,0.02096953766115363,0.126193980482902,3.0673778151630686,0.9400092546365516,-1.9986918275145997,0.0004889561421164196,68.97405617027675
89.89010276581007,0.02096953766115363,0.126193980482902,3.0673778151630686,0.9400092546365516,-1.9986918275145997,0.0004889561421164196,68.97405617027675
89.89010276581007,0.02096953766115363,0.126193980482902,3.0673778151630686,0.9400092546365516,-1.9986918275145997,0.0004889561421164196,68.97405617027675
89.89010276581007,0.02096953766115363,0.126193980482902,3.0673778151630686,0.9400092546365516,-1.9986918275145997,0.0004889561421164196,68.97405617027675
89.89010276581007,0.02096953766115363,0.126193980482902,3.0673778151630686,0.9400092546365516,-1.9986918275145997,0.0004889561421164196,68.97405617027675
89.89010276581007,0.02096953766115363,0.126193980482902,3.0673778151630686,0.9400092546365516,-1.9986918275145997,0.0004889561421164196,68.97405617027675
89.89010276581007,0.02096953766115363,0.126193980482902,3.0673778151630686,0.9400092546365516,-1.9986918275145997,0.0004889561421164196,68.97405617027675
89.89010276581007,0.02096953766115363,0.126193980482902,3.0673778151630686,0.9400092546365516,-1.9986918275145997,0.0004889561421164196,68.97405617027675
89.89010276581007,0.02096953766115363,0.126193980482902,3.0673778151630686,0.9400092546365516,-1.9986918275145997,0.0004889561421164196,68.97405617027675
89.89010276581007,0.02096953766115363,0.126193980482902,3.0673778151630686,0.9400092546365516,-1.9986918275145997,0.0004889561421164196,68.97405617027675
89.89010276581007,0.02096953766115363,0.126193980482902,3.0673778151630686,0.9400092546365516,-1.9986918275145997,0.0004889561421164196,68.97405617027675
89.89010276581007,0.02096953766115363,0.126193980482902,3.0673778151630686,0.9400092546365516,-1.9986918275145997,0.0004889561421164196,68.97405617027675
89.89010276581007,0.02096953766115363,0.126193980482902,3.0673778151630686,0.9400092546365516,-1.9986918275145997,0.0004889561421164196,68.97405617027675
89.89010276581007,0.02096953766115363,0.126193980482902,3.0673778151630686,0.9400092546365516,-1.9986918275145997,0.0004889561421164196,68.97405617027675
89.89010276581007,0.02096953766115363,0.126193980482902,3.0673778151630686,0.9400092546365516,-1.9986918275145997,0.0004889561421164196,68.97405617027675
79.4706585812407,0.020590058656690866,0.12706736498861032,3.065099179725687,0.9257109896178841,-1.6749536523663293,0.0005560276430516254,71.52580877215821
79.4706585812407,0.020590058656690866,0.12706736498861032,3.065099179725687,0.9257109896178841,-1.6749536523663293,0.0005560276430516254,71.52580877215821
79.4706585812407,0.020590058656690866,0.12706736498861032,3.065099179725687,0.9257109896178841,-1.6749536523663293,0.0005560276430516254,71.52580877215821
79.4706585812407,0.020590058656690866,0.12706736498861032,3.065099179725687,0.9257109896178841,-1.6749536523663293,0.0005560276430516254,71.52580877215821
79.4706585812407,0.020590058656690866,0.12706736498861032,3.065099179725687,0.9257109896178841,-1.6749536523663293,0.0005560276430516254,71.52580877215821
79.4706585812407,0.020590058656690866,0.12706736498861032,3.065099179725687,0.9257109896178841,-1.6749536523663293,0.0005560276430516254,71.52580877215821
72.437175041654,0.02071619338906129,0.1254535281669734,3.0590015285873458,0.9339941937699925,-1.378438017711087,0.0005979672753754076,73.44230245997346
72.437175041654,0.02071619338906129,0.1254535281669734,3.0590015285873458,0.9339941937699925,-1.378438017711087,0.0005979672753754076,73.44230245997346
72.437175041654,0.02071619338906129,0.1254535281669734,3.0590015285873458,0.9339941937699925,-1.378438017711087,0.0005979672753754076,73.44230245997346
72.437175041654,0.02071619338906129,0.1254535281669734,3.0590015285873458,0.9339941937699925,-1.378438017711087,0.0005979672753754076,73.44230245997346
72.437175041654,0.02071619338906129,0.1254535281669734,3.0590015285873458,0.9339941937699925,-1.378438017711087,0.0005979672753754076,73.44230245997346
72.437175041654,0.02071619338906129,0.1254535281669734,3.0590015285873458,0.9339941937699925,-1.378438017711087,0.0005979672753754076,73.44230245997346
72.437175041654,0.02071619338906129,0.1254535281669734,3.0590015285873458,0.9339941937699925,-1.378438017711087,0.0005979672753754076,73.44230245997346
72.437175041654,0.02071619338906129,0.1254535281669734,3.0590015285873458,0.9339941937699925,-1.378438017711087,0.0005979672753754076,73.44230245997346
72.437175041654,0.02071619338906129,0.1254535281669734,3.0590015285873458,0.9339941937699925,-1.378438017711087,0.0005979672753754076,73.44230245997346
72.437175041654,0.02071619338906129,0.1254535281669734,3.0590015285873458,0.9339941937699925,-1.378438017711087,0.0005979672753754076,73.44230245997346
72.437175041654,0.02071619338906129,0.1254535281669734,3.0590015285873458,0.9339941937699925,-1.378438017711087,0.0005979672753754076,73.44230245997346
70.34244360474763,0.021303582672943612,0.12143710946578679,3.04883822557694,0.9437342365449848,-1.1823877762842085,0.0006471850585926046,72.45556632109297
70.34244360474763,0.021303582672943612,0.12143710946578679,3.04883822557694,0.9437342365449848,-1.1823877762842085,0.0006471850585926046,72.45556632109297
70.34244360474763,0.021303582672943612,0.12143710946578679,3.04883822557694,0.9437342365449848,-1.1823877762842085,0.0006471850585926046,72.45556632109297
69.9793544893558,0.020605253941762082,0.1267225961791281,3.0613666463997236,0.9297794042942283,-1.3138556098067586,0.0005829435727018675,70.52649281448126
