Omega_m,H0,w,Chi_sq,Type
0.3886458364458046,58.76445880897286,-1.429367801541345,10820.585934613995,1
0.3885057274545038,59.11210696235001,-1.3899286830977806,9956.539500839182,1
0.3921868024580236,59.254169323550556,-1.3724197889519996,9518.122093748847,1
0.3973349081689516,59.26536971333906,-1.32856200748949,9103.025954183213,1
0.3931914405724712,59.38633726592292,-1.3123627786643723,8899.046946010589,1
0.39282894073511065,59.50868345252027,-1.2992484070741264,8634.418280360504,1
0.4035799287636007,59.38449098454183,-1.3011936052278636,8616.176499016105,1
0.4038107112318806,59.66239138219872,-1.246483587012614,7872.192251576904,1
0.39822843737271557,59.808943247283395,-1.252371386256375,7797.682564412846,1
0.4027166128252086,59.943613978952875,-1.2473542395842407,7495.368691590836,1
0.40380208806159623,60.189613944654,-1.285913707507311,7348.277840639822,1
0.4084734182658186,60.218164654290746,-1.2627905419049454,7099.988320529761,1
0.4159624024731457,60.154390215217944,-1.2381451163976833,6928.611487121847,1
0.4143681187146799,60.13433531487465,-1.213028604182741,6850.646981140576,1
0.41668949785967224,60.12890877141602,-1.2137895143189052,6824.555328352089,1
0.413699793312522,60.37288622857074,-1.2328541787359926,6650.492202318793,1
0.4095761474893144,60.565642233055975,-1.2033422688535624,6319.276094256644,1
0.4143767164248766,60.96301363807884,-1.247769252419551,5974.326367138769,1
0.4149704115149737,61.086267128190464,-1.2342762200168886,5755.206399679603,1
0.41783485108802876,61.18522717213348,-1.2244881171062652,5554.114383553464,1
0.4196344576602298,61.3318591673364,-1.190467943111764,5214.444727093215,1
0.4146157992806803,61.32134676476027,-1.1644475851648108,5177.287679312412,1
0.41815865680066877,61.51171094325916,-1.1633820745794436,4923.5269375037615,1
0.41675935644299583,61.59124113847445,-1.1401592316462008,4760.30187385212,1
0.4219416958635431,61.66683323899515,-1.1383786225061852,4616.313406486185,1
0.4199273025338364,61.87585688230108,-1.1522334083714756,4484.9546977371465,1
0.4077121792485828,62.342991137585905,-1.1435102940869613,4137.398040020853,1
0.398207763977209,62.435184661840694,-1.0952709083820005,3965.40068315353,1
0.4051588604414002,62.43521327628351,-1.0992521457276894,3911.226387091653,1
0.4040822410467748,62.57777402202008,-1.1266246308220231,3897.4087941265143,1
0.40515819973995176,62.5758118835276,-1.1145014440828442,3843.2164478309774,1
0.40532318935868267,62.73633452016417,-1.120161199320552,3722.490267197719,1
0.41081804393116383,62.927874994716575,-1.1191807822880477,3506.131343575461,1
0.40869245688561606,62.809353581551434,-1.0381956309566531,3349.6117690650053,1
0.40522549370654576,62.943798016603104,-1.0089782496988673,3177.6338049753763,1
0.4065915574293523,62.91471840564003,-0.9908359062087772,3132.478247352237,1
0.4047873066805954,63.01198280793156,-0.9928193993182616,3079.1143492377396,1
0.4063581529381014,62.92073559342054,-0.9493837119905312,3002.862290855016,1
0.40435383532908087,63.14624190898403,-0.9461701508098208,2847.1916777789806,1
0.4065488244198182,63.282791730360756,-0.8747693358070052,2554.9334607460337,1
0.4069880410798602,63.20245612571931,-0.8269543702994407,2485.6535259883713,1
0.40453043470955463,63.30394045988119,-0.8027310731182138,2380.7908812306277,1
0.40749008150894755,63.80315794033331,-0.8137978518387807,2127.5491081394575,1
0.40621622604066543,63.836251140532845,-0.810363092061627,2108.705265013001,1
0.4042431703684391,63.96001578596704,-0.8146350058069647,2062.438514283792,1
0.40879407548476543,63.95986773312584,-0.8161132433990874,2051.414641319985,1
0.41350377738560296,64.06185875845158,-0.804485954329094,1971.4349853774424,1
0.42010142897810937,63.92100396655647,-0.7616066402412361,1952.2348481147828,1
0.4224364851022652,64.09846607840714,-0.7109907704556896,1813.2752803997398,1
0.42795486947041156,64.15291933899205,-0.6863873453747396,1763.1094162786812,1
0.4199148410441374,64.31168611078941,-0.6995783962842463,1730.1733400361536,1
0.4147545829876561,64.59889138487782,-0.6910634034101213,1637.9440503960695,1
0.40879420492106766,64.79247361879303,-0.7081009281864042,1598.7603049812055,1
0.40669573349023147,64.89690228833334,-0.7020262362352727,1567.213382724834,1
0.4029215819846605,65.25280289007587,-0.713493082128395,1485.8848308038835,1
0.396372679324008,65.41501716779919,-0.6097570663610301,1438.0273484649483,1
0.39188486619004215,65.61227355865691,-0.6387083202103331,1403.53858491656,1
0.39294249945924453,65.76571865577695,-0.660340400240534,1379.7910158945406,1
0.39616598373095646,66.10574322324196,-0.6831075376953509,1335.0489960005202,1
0.39387864775323944,66.19475099199411,-0.6590461514937522,1332.6569273724904,1
0.3900099911761626,66.31371057210993,-0.6802096222692392,1311.3833596045806,1
0.3853192175378996,66.53159837492113,-0.7269893439533401,1275.3453509709557,1
0.38476824035566387,67.07671274873114,-0.7575243074082804,1224.849666811017,1
0.382150467214798,67.02880411982848,-0.793622387659848,1216.443226579598,1
0.3722524961770516,67.06320028548802,-0.7832135620436953,1210.204587303941,1
0.3775490808001378,67.24090825460527,-0.7657475877659647,1206.9427632520064,1
0.3756490434660155,67.53882603514616,-0.7833072358159894,1186.571875765651,1
0.37286756462609144,67.64246257291221,-0.8115229198767637,1168.1354855307059,1
0.36398791647848094,67.5789098551454,-0.8336157100364031,1159.3588089799093,1
0.3654799841730399,67.67945368118428,-0.847929364095798,1151.3482677928494,1
0.36348458724563976,67.71813716060267,-0.8221039095072815,1153.7200803421306,2
0.3589081823005465,67.82553940753778,-0.8074776459518401,1151.3521735477866,1
0.36084499483746657,67.98077853943806,-0.8284416702360753,1140.6960041964996,1
0.3574870519588804,68.06119167952941,-0.8777158223322692,1120.978331820711,1
0.35142268137983645,68.35011620425456,-0.8553731640232141,1114.8247040171968,1
0.3556891630885557,68.45781284522003,-0.8676450790164248,1113.323578613506,1
0.34962127870362797,68.25762928674068,-0.9000978853181878,1104.6413006428625,1
0.35242271118014806,68.41711506495196,-0.9285391469633741,1095.145924531283,1
0.3530315381385819,68.71774747610088,-0.9236115119757052,1087.507683132444,1
0.3496253378826604,68.54877257041426,-0.9349006581510246,1087.5535322312498,2
0.35112622785563496,68.66188069515074,-0.941395436877139,1083.205985726866,1
0.3442515212414377,68.74241680424917,-0.9229527000372912,1080.9213168405295,1
0.3416467390204248,68.77810704830459,-0.9542269825114758,1073.9692567904563,1
0.33635613763751293,68.85063787754808,-0.9751515747149629,1070.0068140502917,1
0.3346368076022809,69.14640031965698,-0.9751876289567135,1058.4576532686997,1
0.32570394359870114,69.52044167710078,-0.9925520185534386,1047.3981584560602,1
0.3171131350849608,69.50253714731817,-0.9791810290523225,1046.189690051096,1
0.31479718335194923,69.41252488987271,-0.9718240005525934,1047.5662314988601,2
0.3069757380881404,69.55775138433434,-0.9834204371635962,1043.1248074409418,1
0.30066774839177407,69.87838097569622,-0.969841207518092,1041.9611745646314,1
0.29957009114379707,69.97344797461815,-1.000440057422483,1037.0644750139174,1
0.28735838259143137,70.17844941936569,-1.0201056180085077,1035.635113978719,1
0.28669196021530596,70.13191508934071,-1.013750026139306,1035.8682847317873,2
0.2954133929222798,70.0949058793567,-1.0384928448570676,1036.4537332048478,2
0.299666801966228,70.32634446364571,-1.041569444202248,1035.122522960442,1
0.30247536920223084,70.27281994868235,-1.067123681830726,1034.5662992605862,1
0.301658323864549,70.64029613417358,-1.0931082328412203,1035.2586389609762,2
0.30336082262126496,70.20338492408102,-1.0646113494042628,1035.0185917491879,1
0.30586496335407154,70.13859605543138,-1.0405312802569024,1035.0377225244329,2
0.3061216137904017,69.99496617560592,-1.0293618770456214,1036.0285437572852,2
0.3104469538756577,69.91555009114654,-1.02373278072465,1037.2110553892749,2
0.31734306657907935,69.91599042239811,-1.038070737168943,1037.3954636347974,2
0.3191754544459428,69.99076787658416,-1.07055426991506,1036.1367033159145,1
0.307680381845454,70.3105214252763,-1.0516572569044527,1035.54928627131,1
0.31198270454591104,70.15196870939981,-1.0823555231764386,1035.2869118282056,1
0.30763296015826264,70.12883230559827,-1.0456099166884318,1034.9532728088811,1
0.31259698952030845,70.06270876585201,-1.0425587367289912,1035.853797345795,2
0.3070726235829761,70.22214453166619,-1.0853666974552196,1035.788413408681,1
0.3116716625981165,70.34106425442954,-1.0977409618727723,1033.9443677713734,1
0.314275399822416,70.39083220325605,-1.0855198578976653,1034.2122882240194,2
0.3171313086212227,70.3146416709997,-1.1231853054391108,1035.1480865643064,2
0.31425205290049885,70.34680648035301,-1.1037338717666128,1033.7589549676231,1
0.3176342958991489,70.0869091273285,-1.0926035821881526,1036.1643893987289,2
0.3100898248719587,70.20978310280871,-1.10315272566943,1037.6817423497434,2
0.3144665620940113,70.46546360801528,-1.1067712355191104,1033.5368879098214,1
0.3203534242547578,70.50561612355389,-1.1179154515300205,1033.7225006627523,2
0.3151710548424572,70.18904596088122,-1.088535374882467,1034.5043762018163,2
0.31372876705387404,70.17166557016131,-1.0649976270234893,1034.5502570148585,2
0.31371046956293824,70.20786094000545,-1.0946864404197556,1035.0030751663485,2
0.31430695049775864,70.27125776522273,-1.1035926415305404,1034.6306927793821,1
0.31391000208678027,70.40206233014136,-1.0959483960348122,1033.6109131059397,1
0.2977095566706019,70.2871785416485,-1.0871992544203908,1039.2900853221167,2
0.2995337037284588,70.41816445326022,-1.0639715806197902,1034.4409699750993,1
0.3009036573283264,70.37833599645859,-1.0679861677063287,1034.2734234479638,1
0.30324095338276164,70.27233717449008,-1.0715816551822588,1034.70266207438,2
0.29865766051690645,70.17648107093517,-1.0310656514665066,1034.9467239368096,2
0.2993940233550191,70.07642101807657,-1.0366538887533838,1035.665156314401,2
0.29980878605560735,69.967665658268,-1.0188335939086381,1036.3793712717288,2
0.2954219283963303,69.96576672533902,-1.00422522194953,1036.4654344638157,2
0.29840428604000335,69.91463978452049,-0.9855621299749744,1038.388820195777,2
0.3000179765216749,69.8610144658478,-0.996131424597457,1037.803618944379,1
0.29425351854245874,70.08591165253756,-1.0557120059172616,1040.391726645664,2
0.29208322153454325,70.18626006309312,-1.0685684284686334,1041.7230443915757,2
0.29777788552666806,70.43393638669325,-1.0477095560975263,1035.5276463362802,1
0.3078050863799919,70.14656834289597,-1.0729552275812855,1035.57848043291,2
0.3108236716876471,70.23611633678225,-1.0654008309879595,1034.2795878965726,1
0.3128449825307595,70.29976934584526,-1.1146283572825426,1036.0050573609276,2
0.3203053887954204,70.63839534702959,-1.1499785228206738,1033.5535937167538,1
0.3225370660357602,70.63334521716591,-1.168910960029869,1033.9416997128446,2
0.32436751044759005,70.49399367323528,-1.1508714016624544,1033.2646516920352,1
0.3214066535590371,70.50507655661686,-1.134903400260211,1033.158469350303,1
0.31728638523473124,70.56006661976855,-1.1394953101612166,1033.699124358433,2
0.31912224040197296,70.43097672471214,-1.1532181444121452,1036.3744522963348,2
0.32758390798354475,70.48079601251476,-1.1924343017473233,1037.7558280243854,2
0.33129535736295335,70.84112785974146,-1.2250120423099058,1034.7088433875,1
0.3351425369967292,70.84541994895645,-1.2097549131967222,1033.9075125720333,1
0.3329214992558662,70.6162005130151,-1.2030798626552486,1033.9286322143755,2
0.32710005870342695,70.78144304512983,-1.2074696028183438,1034.9008181967752,2
0.3308569844732131,70.68592839999424,-1.1889750737802283,1033.1450315772058,1
0.32814644498924994,70.20547759506279,-1.1274402196949178,1034.4656570894824,2
0.3215051460295256,70.2028515260813,-1.132163262748013,1037.473282320646,2
0.3192266440805833,70.30465644872223,-1.1120275448095571,1033.7519318289126,1
0.3198516057115844,70.20826909712223,-1.0938567375851491,1034.0332558486339,2
0.32271235475748217,70.33128802580342,-1.1272956196901467,1033.7085952290468,1
0.32040733004987093,70.44219994762518,-1.1551586114845103,1035.7852073189583,2
0.32347226154405356,70.61468868314898,-1.1343969510815866,1034.2943230895862,1
0.32339689317013043,70.62824533135542,-1.1468008064697137,1033.5263123354257,1
0.3210622063888999,70.62794100445446,-1.1568316521099156,1033.6018371327032,2
0.31814466004782116,70.69926101119408,-1.1396276889547106,1034.3247612737032,2
0.3244566383460019,70.76726608001134,-1.1738444573948361,1033.9660996610396,1
0.3314401605730995,70.61881346215533,-1.1820289154354404,1032.9239590677603,1
0.33747878920533814,70.69805881596953,-1.180123467937061,1034.3952183898555,2
0.3332623835767558,70.47288790470367,-1.1533086713169851,1033.0077559102922,1
0.3325617198733532,70.74046487875479,-1.1713312032364733,1034.839100098416,2
0.33195692697493323,70.75689532727978,-1.15521417060953,1037.700444883024,2
0.33475271147914504,70.72557320857294,-1.1886228562922825,1033.4573959172276,1
0.3385807272414484,70.72911917183689,-1.1827044174435803,1035.1019160312512,2
0.3353934508396363,70.61311351375518,-1.211172188676534,1033.9506154547616,1
0.3412889713065317,70.61852097722466,-1.229064756325834,1033.7080441727735,1
0.34838211086938853,70.67591868224964,-1.2203434187367455,1033.0565167493219,1
0.3491629888571904,70.74955890848685,-1.261781885577579,1032.9664666090466,1
0.3583561366431478,70.56244097876119,-1.23472197223213,1033.226292324195,2
0.35026992429848935,70.28499362399144,-1.1884151364376312,1033.8352644136276,2
0.3401429772827408,70.5628338528836,-1.1722310101414037,1033.8018927625387,1
0.3372348922924177,70.44610799072326,-1.1519226977143584,1033.6334960246252,1
0.340358418404867,70.31177935062938,-1.193053059368005,1035.6813752392804,2
0.34073141557920394,70.37671862640015,-1.173104457972416,1033.0288369405084,1
0.34507938990145637,70.30381756456717,-1.1536515888888839,1034.4848660253,2
0.3421678831793245,70.225109951611,-1.1674361903297743,1034.4185315536747,1
0.34968933954833853,70.04209675648087,-1.1612120182953,1036.6803552887127,2
0.3547487395269001,70.02359587830996,-1.1537728912594123,1037.24879568063,2
0.36095543799308744,70.06201588937756,-1.1622771523198723,1038.2587691021272,2
0.36408541470036326,70.2580033333235,-1.1787906338224692,1039.1817149163876,2
0.35502128544733597,70.22964961520243,-1.1642113741322837,1036.3425546995927,1
0.3620580428718787,70.12055010738948,-1.1491251230090658,1041.4198925186884,2
0.35032265105579774,70.069970381456,-1.1860135657396302,1038.0323259869801,1
0.3483433647108439,70.01426959464254,-1.1611755175259617,1037.4755944515296,1
0.3541321058856653,70.03310507462706,-1.1428626966325268,1037.7382751234718,2
0.34819016578165835,70.06998010927464,-1.1712898487102996,1036.950377612975,1
0.3475006709712799,70.08374806168472,-1.1785606304731409,1037.546961380594,2
0.3464539701795336,70.31108021735334,-1.1510046084686854,1035.313882360241,1
0.34479669990293915,70.12826225663746,-1.1395270786416882,1035.3235537723692,2
0.34858097509066466,70.195421459231,-1.1622008054864406,1034.6728840534927,1
0.34981809415776477,70.31908666362445,-1.1656294638939355,1034.8912599322753,2
0.33736619527711226,70.56128339340695,-1.1876125674417402,1032.6186011932818,1
0.33283746962454763,70.50303552948968,-1.1810472711321214,1033.2926256964163,2
0.3321259319730287,70.7430068363649,-1.1871049687261317,1033.4781779493587,2
0.33089547915410905,70.68796182002029,-1.2005100550874146,1033.675984006286,2
0.32765597846429206,70.60006859521197,-1.187274655453819,1034.3248158964188,2
0.3234100532414534,70.6554466956975,-1.1511896512539006,1033.5913408623007,1
0.32794926529042184,70.59284941136701,-1.1674471681300895,1033.0027582539321,1
0.32168024352759567,70.55221134127513,-1.1635685064729138,1034.4888497800234,2
0.32495742511920606,70.59986517146724,-1.1818933902077209,1034.756586614003,2
0.3283120373644896,70.59067516074016,-1.1680297223263845,1032.979240230074,1
0.33376376291947796,70.5452983657799,-1.1897180200392163,1033.2756989419013,2
0.33509159900506386,70.62816742706735,-1.195622811157939,1032.8421884227937,1
0.3337615321731366,70.67426636848522,-1.1851258499814086,1033.022138009225,2
0.3380523329547103,70.53101352084259,-1.1707079856773126,1033.0832270198464,2
0.340413886164403,70.2433984442054,-1.1579151826003526,1033.928845139876,2
0.3467549240760255,70.21998553017156,-1.190222328169946,1035.4380637347444,2
0.34575059570290917,70.39175658970467,-1.2000263148344543,1033.3225565055766,1
0.3450577281033133,70.33403844477371,-1.1674418218758316,1033.5859301218266,2
0.3447641115227546,70.77945417564098,-1.1952353770312891,1037.2349657870875,2
0.34464890773749335,70.64122065458592,-1.1851399132037372,1035.2114835545528,1
0.3424153367546291,70.65841314952641,-1.1795877481559989,1035.4983777582179,2
0.3468251753567813,70.60982360325474,-1.1912817418191597,1034.5741541587781,1
0.34368473684948725,70.75451340652768,-1.2112739002853967,1033.8311401130918,1
0.33733126893253246,70.71954731416568,-1.1747160426266072,1035.5801574216475,2
0.333091873809785,70.70912657307296,-1.1729864387930233,1034.1790800018255,1
0.3274002712401604,70.66792752095594,-1.1930372737267947,1034.2736391398646,2
0.32840024647178345,70.58729047215014,-1.1732691741549144,1033.129513326688,1
0.3257545496028776,70.55337356273058,-1.175754944893857,1034.3457402244196,2
0.33800073727888796,70.59772067685616,-1.1531078037724596,1036.5260327095002,2
0.3363360212480455,70.77389886551255,-1.196236050407792,1033.8533077959673,1
0.3281205597126014,70.79245873148943,-1.205179635145953,1034.319294004961,2
0.3268778240244074,70.67268037564962,-1.1795154027017403,1033.4309104638492,1
0.3293692446556859,70.69917565568586,-1.2018364528247698,1034.1721311192719,2
0.3276194721543636,70.96887583625961,-1.2200924485278695,1035.526528815813,2
0.3264269339290613,70.80107048806576,-1.2212000557904326,1036.8316231182419,2
0.3245122689827291,70.72888460128502,-1.1762893827779433,1033.7432721253551,1
0.32677154570823136,71.07935535133166,-1.2230456018428733,1036.8453742499296,2
0.3274313546237779,70.83538548019503,-1.2225414197019744,1036.0638636391825,1
0.33576421116480526,70.80627065637933,-1.205362965621245,1033.660423506603,1
0.34065158467584,70.65720213063284,-1.188921760176597,1033.6327133906198,1
0.34783471154940615,70.5497187167332,-1.1983109675619112,1033.2632703122977,1
0.34543567789251134,70.27604862773197,-1.149126179745214,1034.8688259417686,2
0.3430058291373162,70.2118985918883,-1.1532654716384327,1034.2065888749378,1
0.33769745159954373,70.4814689891871,-1.1927151241710992,1033.2609939579124,1
0.3470833715868824,70.54220611003568,-1.215411126277744,1032.5406536527564,1
0.3427081970949129,70.23419928518146,-1.1809768671123506,1035.2483055853636,2
0.3374912832556127,70.57438971117605,-1.1953633077664196,1032.7092657203905,1
0.3394365920407758,70.51773701733605,-1.1747148555132656,1032.9626715304148,2
0.33620489007077636,70.47019591541344,-1.1955557507170373,1034.12723656315,2
0.3336603436505808,70.70637293395579,-1.187473413540467,1033.1998720787049,1
0.33711788801173,70.78062664987797,-1.2222819357338977,1033.2820345483271,2
0.3337302810242078,70.72077498133444,-1.2002045283423273,1033.1055436090114,1
0.3231663171692267,70.40840220402858,-1.109746172829987,1033.9191355858852,2
0.32022307900522473,70.22037094503325,-1.1194774604253162,1035.5301855607547,2
0.32558956452665033,70.28639666833946,-1.121968530071617,1033.5552147530345,1
0.3209782696892735,70.62294360499821,-1.1389818474448066,1033.6820619641546,2
0.3243405455328115,70.46214850509455,-1.1492964789752167,1033.423097021056,1
0.3242287503567455,70.3986624687468,-1.1312176991695693,1033.1449628379437,1
0.3289271301075473,70.28939960644679,-1.1010807908138907,1035.2059658825303,2
0.32168009201011105,70.0487848572533,-1.0729742022436772,1035.4447285020292,2
0.31961892054568836,70.31456843158571,-1.1279769995494842,1034.847735302535,1
0.327082484156917,70.20064485352127,-1.0889962938851494,1035.2769330151932,2
0.3214020695487274,70.33924331404198,-1.0810402743800205,1036.2111406038096,2
0.31996727495075905,70.26199571058413,-1.0774454769200357,1035.1110766044126,1
0.32225780948080934,70.1552391386153,-1.0805540756199312,1034.7740728579365,1
0.3214036741037268,70.0721182768439,-1.0661110453347369,1035.6594599848158,2
0.32683672014568993,69.9856267236206,-1.0867205924483274,1036.2632427783813,2
0.32483998394363833,69.98667727041385,-1.0788915936204488,1036.162180042897,1
0.32624699368374405,70.14664379743814,-1.1204740513569726,1035.4142466285225,1
0.3233758316986881,70.13918389052137,-1.0918655928448977,1034.5306820224632,1
0.3281327930311293,70.27640221798933,-1.1089198003098997,1034.0690885498798,1
0.32128335237805705,69.91656550177319,-1.0754855120039168,1037.6817781211128,2
0.3206585493957498,69.96720313925952,-1.058603265626146,1036.4372901334896,1
0.30968639082045507,69.90850430557983,-1.0405645441897131,1037.2270480109364,2
0.30955568431667474,70.01692485176684,-1.0650456335845349,1037.023387337091,1
0.3120218687566458,69.99346520677314,-1.0396573315805662,1036.1225021220343,1
0.31503856403472924,69.81029624116002,-1.0291972587069909,1038.5148926400816,2
0.31153954746715395,70.03637192612148,-1.0186617241350098,1038.6659899425608,2
0.3102069480567856,69.95254070382103,-1.0365266617171451,1036.4339754572545,1
0.30232719284035914,70.03943950701135,-1.0395993518015403,1035.9114446749222,1
0.30455633535972665,70.09547064035964,-1.0230664646178937,1036.1766340313673,2
0.30448205419519714,70.20935698922044,-1.0835458279384362,1036.8836272294684,2
0.30368826887402983,70.35621245099317,-1.106743652587648,1037.9881977896316,2
0.31038861527494843,70.34627489085082,-1.0890492985522575,1033.7794018085328,1
0.3164334971210284,70.59018705016675,-1.138436440438553,1033.7407244791511,1
0.3166679742467077,70.57919328071044,-1.1330519813439741,1033.5842249550494,1
0.3152002328102909,70.52305234105184,-1.1163569576167482,1033.562512495213,1
0.3147184535172984,70.6174463720431,-1.1215207388608681,1034.0927404852578,2
0.3141235828564915,70.3581289049091,-1.0796197374077272,1034.4082172015756,2
0.31582860589168454,70.07383540540286,-1.0563343713303788,1035.3999125224318,2
0.3119428875176149,70.1149841929376,-1.0790839589752894,1035.6912789608336,2
0.3119039844214776,70.20743447744873,-1.0919307677487777,1035.2470815566926,1
0.31338843469068717,70.42805375346275,-1.0890658355595375,1034.1302300978027,1
0.3039247917639212,70.44695929311918,-1.083636666473893,1034.1348220846803,2
0.30872477223965544,70.54498242977887,-1.1111293176873873,1034.1006466358772,1
0.3185660217365542,70.40785384999421,-1.1140646955944338,1033.3056638835028,1
0.3206815033291367,70.48026831651865,-1.1081879503040895,1034.3868443317388,2
0.32094157015558517,70.34202175904407,-1.0877110091648727,1035.044770968806,2
0.31851559525317896,70.43216468682758,-1.094366551517797,1034.7534594656954,1
0.31350204181978003,70.37367420154487,-1.0865601462198422,1033.8871719419008,1
0.311098707391315,70.26886662445546,-1.0910572819100126,1034.4054290285271,2
0.3085801791109179,70.15336789282124,-1.0542538230720067,1034.6491423506955,2
0.30232660848299286,70.33675750210206,-1.0572180318341682,1034.368481576366,1
0.31345235181187064,70.36660362727264,-1.0835274819526164,1034.0351658215716,1
0.31041637734633304,70.25085742088984,-1.0814821551175684,1034.1771671204565,2
0.31194986709404576,70.31034562211804,-1.0897524210629823,1033.8188023322482,1
0.309506908547356,70.52335852246487,-1.1045667141945115,1033.9025785710865,2
0.30962583624592666,70.42412736889048,-1.0935236239271595,1033.737050981736,1
0.3133985645467482,70.55954053799701,-1.116933868744441,1033.7607857531511,2
0.31617928152572755,70.29513216492224,-1.1010690586795806,1033.795916711264,2
0.3165921986584564,70.37845594044303,-1.1047971762972657,1033.4300154173352,1
0.31449053686065115,70.38186986632383,-1.1061017254122671,1033.5898239717776,2
0.3035378158135233,70.49277067856717,-1.066995773273515,1035.3952781455991,2
0.30211723841355875,70.7296777438174,-1.1169765447558964,1035.8845281764436,2
0.29739835673402154,70.75790301695353,-1.1081826932033543,1036.721306920664,2
0.3002960825471054,70.73773340464822,-1.1054940509109048,1036.0909906278657,1
0.29576946395460524,70.80255410561477,-1.084126022028157,1038.5089775965744,2
0.28653334292940147,70.79536883526669,-1.0960633141541354,1039.401693451167,2
0.28362801937009724,70.58299109890503,-1.0768760921459801,1039.3544505014918,1
0.29279727281754814,70.83427975633994,-1.088108187107324,1038.5689721579542,1
0.2942745114581185,70.57850615016157,-1.05029116923845,1037.2206017004532,1
0.29870877428287784,70.73197171800012,-1.097630192671975,1036.2939541179903,1
0.3054367261924256,70.47327390364565,-1.1134155489388258,1035.8183736841052,1
0.3016526907293782,70.30558992630151,-1.093028970557845,1037.6551911163233,2
0.3023943080405545,70.44198412270207,-1.0709254137647912,1034.3602886339818,1
0.3019977622471191,70.1993115432616,-1.0701319851151636,1036.0944664715435,2
0.3067917010380519,70.34619710363522,-1.0470319820555822,1036.604340240372,2
0.30533788753093544,70.21016482775329,-1.0312569902499558,1036.4316393386534,1
0.30923296300832415,70.1559344903029,-1.0407916560367303,1035.6738423276774,1
0.30976563039509813,70.09388568813753,-1.037491073388075,1035.8115991673365,2
0.3058202756061251,70.1659367756289,-1.032946327210358,1035.8315687433937,2
0.30082823020550836,70.15075544423512,-1.0132789060439369,1037.0185697011348,2
0.29925007203620296,70.03332351315491,-1.0124216096612442,1036.0422923203919,1
0.3092814339072337,70.42353071486617,-1.0292658909819288,1045.5864107946618,2
0.30575864852921614,70.54779266258666,-1.0424245651457267,1043.7012085042393,1
0.3097732668343538,70.37762741551998,-1.0272470892245589,1044.7190727092038,2
0.3103596335220706,70.27544964672006,-1.0201341710283014,1043.617436437497,1
0.29821015767345593,70.27101155459202,-1.0250808380800611,1036.0886902481416,1
0.2941208752057257,70.22553936373363,-1.0009495149285723,1038.1268236537921,2
0.2965119602246316,69.95718601695025,-0.9740700895544936,1040.1476659240284,2
0.2913872045025858,69.79990795087838,-0.9696222154236349,1038.7639395372537,1
0.2939095052528519,69.89028601499574,-0.9588278223827214,1041.4594388983278,2
0.2836205880190351,70.15409189337389,-0.9953345968030195,1035.8213115161852,1
0.2777536230359503,70.19368189877905,-0.9664870363179233,1038.476203645808,2
0.2772880852842027,69.99507401026369,-0.9963604622652871,1039.3872958283762,2
0.2754703046116706,70.1552349624542,-1.0006732161971692,1037.331773243796,1
0.28138623228533577,70.18153104672132,-0.9981280357896907,1035.7850851439796,1
0.27844308636198467,70.44570099653941,-1.0232097569247574,1036.4264767158957,2
0.2808871528344622,70.61140407906359,-1.0336683981136672,1037.7834507992902,2
0.2808836452676812,70.19898193812521,-1.007667924334052,1035.9949648695956,1
0.28325471176780903,70.22925677416727,-0.9873665317393492,1037.107248934431,2
0.2800179804310374,70.17459082045264,-0.9823411996007181,1036.4936982763327,1
0.2708984114302932,70.41897539760001,-1.0125791320121458,1037.5252399962205,2
0.2686229630138646,70.59257397253789,-1.0037422854554015,1039.3047786821257,2
0.26454232316893894,70.39180143045492,-0.9894620789573674,1037.7624336625831,1
0.261175087888321,70.39561816349244,-0.9971085497572176,1039.4227289669032,2
0.2630590185967988,70.35785969250891,-0.9896416809965282,1038.144016957731,1
0.26635815096089216,70.25822888426471,-0.990720701324136,1037.9127429433113,1
0.26708379530779264,70.26517606660693,-1.0143117515305455,1042.0251132720477,2
0.26154724957639064,70.57073450689529,-1.0419326873968162,1046.93515870828,2
0.26083063576720394,70.7185653905945,-1.0168977988424917,1041.7123575523103,1
0.25945686269019624,70.60861847977013,-1.0129757956480108,1041.2877093881343,1
0.26091998095002966,70.70711241496163,-1.0214798395681233,1041.865138081661,2
0.2621475599448708,70.71355512595169,-1.042543570668546,1044.3425404501577,2
0.25686472810351446,70.36890249750721,-0.9675525714172002,1038.4991292840216,1
0.2593298830614278,70.51673481446791,-0.9941121970152257,1039.5165581520628,2
0.2657033074713843,70.19672954927165,-0.9861428221023865,1038.3399151634153,1
0.25816416333676545,70.33368886607214,-0.9890194492100269,1040.1934344734177,2
0.25969671628964847,70.4177777773592,-0.9994599512281832,1040.2478873247078,2
0.2563969543583052,70.65263576612108,-0.9669820582988752,1044.5983144072795,2
0.25446703267616766,70.8121367882798,-1.0009735328206075,1044.5066455955157,1
0.2556842449644385,70.71208018759006,-0.9775177777473412,1044.394203313208,1
0.2503394726540448,70.44555525563416,-0.930261321021027,1044.1039023732321,1
0.25635554087902895,70.33205792678089,-0.9746116534247315,1038.9473925080538,1
0.2602661053942273,70.12798560791768,-0.9727207099454968,1039.6759307779803,2
0.2586537259323263,70.27070721837363,-0.9738040532898842,1038.5056398672914,1
0.25892222001502435,70.51208956241896,-1.0176740072060206,1043.204178447042,2
0.2595580673572389,70.61549372219932,-1.013175135215639,1041.2695640431743,1
0.2551002004415654,70.65848611196232,-1.0032632446707084,1042.1126584966535,2
0.2557500677391932,70.7501053306502,-0.9992270936472186,1043.0956825630942,2
0.2616191041652418,70.71864381830831,-0.9878768523323214,1043.9832510244514,2
0.2646179175445323,70.20517672101259,-1.0018406739701642,1041.9829913018266,1
0.2710409606344418,70.4756970920646,-1.008612789066055,1037.4520035654327,1
0.26354574862147123,70.47116873811449,-0.9817728748760174,1038.7456465880514,2
0.26230000071573867,70.0320930359975,-0.9308495567966247,1038.2732289972087,1
0.2554520310571767,70.15544506241223,-0.9464520626385073,1038.0187057440219,1
0.2531184721832098,70.41364572069462,-0.9529614279832426,1039.810032377307,2
0.2581259216018716,70.20083412026132,-0.9452168513424701,1037.9611811733255,1
0.2625228293323013,70.45127394321288,-0.9647066502971042,1040.356686649221,2
0.2708655006524541,70.32469386247345,-1.0233828392420692,1040.3604253839785,2
0.27124751396874874,70.4846875544353,-1.053165650509289,1044.243197932817,2
0.2756361154091233,70.5386376756578,-1.0331403803805632,1037.5648328403986,1
0.2740483466269461,70.57535161087283,-1.0268712655130459,1037.8777881998753,2
0.2748320324027607,70.63856588004371,-1.0414783300257613,1038.565928958495,2
0.28459276476295614,70.51258786907583,-1.0282908709379706,1036.8524302815715,1
0.28445015956531167,70.50517756203121,-1.0417877075975235,1036.0924511635867,1
0.28391916375785564,70.21826083516459,-0.9967713044658421,1036.0221645131403,1
0.28068529990075836,70.45251081866985,-1.0289039965316018,1036.2191062198738,2
0.27863630020966185,70.24266056272982,-1.0054799507209164,1036.0228227036696,1
0.28209573066868815,70.16779810342311,-1.0257206825191243,1038.2315600581649,2
0.28295052850566726,70.1826574220927,-1.0396536353885724,1040.3934488240632,2
0.28808802741523115,70.09940191865586,-1.0317059637094828,1038.1713327413001,1
0.2944192726104214,70.17237963370498,-1.026372930948496,1035.0400804817577,1
0.29139138217820304,70.36950474140127,-1.0466654202689147,1035.004784975372,1
0.2891859265858503,70.67752806905567,-1.0429700905967467,1039.7339256838932,2
0.2848179088704535,70.63599166473006,-1.0348303958727931,1038.7406933954028,1
0.2934831527322835,70.76059057540851,-1.0887613373329121,1037.2178655644698,1
0.2963129441105113,70.70517260087836,-1.0700375303542862,1037.9586724280668,2
0.29561147068926685,70.62932524007215,-1.0887680331680267,1035.8036277424947,1
0.28792287049770915,70.39660603645882,-1.060350502554602,1036.9854024574227,2
0.28540259838138915,70.63689474527433,-1.056841888425952,1036.9794357933213,1
0.2911547169771153,70.46598969200954,-1.0721847273241523,1036.386091322454,1
0.28931977724362035,70.38612533941729,-1.0380163504546034,1035.1611119182517,1
0.2870780680916161,70.27165584727761,-1.0513457141987586,1038.1809731306942,2
0.28371713379175006,70.20085119401547,-1.0243399285745172,1036.70079064952,1
0.2829172371236405,69.92025621655355,-0.9832947976312849,1037.5930943173064,2
0.281616545763562,70.08002397330648,-0.9769715794268902,1036.612012860939,1
0.2835725383692249,70.13140045729841,-1.0004752866720283,1035.8158986955123,1
0.28912858789176815,70.24506260141764,-1.0281285454902882,1035.2104328139587,1
0.28192244228581986,70.51630234292038,-1.0436012991236023,1036.5776448572703,2
0.2897503460623004,70.34854938113189,-1.0315367186195736,1035.1376227867784,1
0.29149280764611063,70.1771166412792,-1.0434196920211791,1036.8232316568156,2
0.2935668123388269,70.23430151332111,-1.0267580861412309,1034.9746611610278,1
0.30166583653194,70.33355890019628,-1.0347486416724396,1036.6774683966255,2
0.3021552955232098,70.0727405101615,-1.0195529373499426,1035.9440372042313,1
0.29992100069470545,70.11012718253554,-1.030257789418747,1035.1606038725313,1
0.29714495110313355,70.13189943763341,-1.0868240999622714,1045.7159158302256,2
0.29035802968853713,70.47535532620657,-1.0911582117831482,1040.1510686460833,1
0.2915093595033605,70.69254289642832,-1.1190423829338112,1041.411487074079,2
0.29810070242675824,70.96634611593498,-1.0984631932024915,1042.0394584141309,2
0.2997498889023846,71.08443922078891,-1.1351751181847947,1041.3559526706954,1
0.2948619749051327,70.92338214418241,-1.1162038930531921,1039.057195779167,1
0.29428178690346063,70.72651048753937,-1.1144862949520764,1038.3843657860489,1
0.28961156925469617,70.58067983845145,-1.0998635513209396,1040.417472001664,2
0.2947717376000234,70.71072812644768,-1.0446697069929964,1043.0361378309792,2
0.2964985286328101,70.44558237053691,-1.055822947055958,1034.8797459755365,1
0.2939822428741663,70.21317682770325,-1.0259598779695063,1034.9873248270058,2
0.29975823976002497,70.07600288325476,-1.0344110158656372,1035.5091233075125,2
0.30386503001664267,69.99123701476907,-1.0453496910576647,1036.999968933858,2
0.306107360222461,69.98570884777043,-1.0730310484199372,1041.0911985005362,2
0.30572381929410525,69.9953963133073,-1.0637771125870599,1038.940385725461,1
0.3084776323494642,70.36773518155326,-1.0923215134190103,1034.030224342887,1
0.3136786832917431,70.47514640482918,-1.101915875330482,1033.7318590004456,1
0.3120157292993617,70.66161975985402,-1.1257169576771613,1034.3335554023529,2
0.31604111549757957,70.64032735083678,-1.128955320153674,1034.0483062313947,1
0.31553140155731374,70.6719723457402,-1.1174482256965568,1035.4307940503306,2
0.3151386216200448,70.63594887807231,-1.1778997126749082,1038.9948201932937,2
0.3176816273871414,70.68021059295243,-1.1656001145504529,1034.8754129989009,1
0.31654753650801903,70.5633721035047,-1.1690740445654473,1037.8418045436702,2
0.32216014365810913,70.62757462567477,-1.168177280264127,1034.0289044867964,1
0.3259798388338354,70.74245953447488,-1.1574432110594892,1034.750781936675,2
0.32553389964217233,70.4752628148026,-1.1587020341551164,1033.6983522621344,1
0.3199415313957795,70.54013895172533,-1.14052619967061,1033.3573963113345,1
0.3138754913167648,70.7302614896919,-1.1531407219906942,1034.878635527253,2
0.31752285939139896,70.72007777933864,-1.1552757770069597,1034.231864723577,1
0.31828722960651945,70.88960885514066,-1.191857035606841,1036.2447944889425,2
0.32119972883216263,70.99406614986428,-1.1686127647169162,1038.4892095951723,2
0.3200427838575114,70.73576397324146,-1.111411638222283,1040.4400361823705,2
0.32158682110084047,70.65541660273126,-1.1441372235342195,1033.8074382242285,1
0.3264511415649376,70.53632265238514,-1.120321961483929,1035.6086837549692,2
0.3181328304998299,70.40931085444352,-1.0845489470764356,1035.6540665432497,2
0.31383499555899563,70.19334828506013,-1.0965719509419212,1035.4475749202898,1
0.31560423629884693,69.99446940729847,-1.0569705085216137,1035.9536055805552,2
0.32647145804218924,70.04435482525453,-1.0883725753380817,1035.4991164090347,1
0.3153579273781209,70.17729672235562,-1.0942024481037778,1035.0716148229726,1
0.3174377170585413,70.27268038351151,-1.0861121600317647,1033.9346393831693,1
0.3091605932585111,70.41372375431358,-1.0600064521234334,1036.5818250136215,2
0.31111436763377687,70.32149949818731,-1.1218130968759459,1037.6675221431778,2
0.3158881109916523,70.44142663034998,-1.1319794198989905,1034.5137267818309,1
0.31478362503798024,70.28821567858556,-1.105060936550623,1034.380942191724,1
0.3147854924814624,70.43372635238373,-1.1260752149304076,1034.3612121280921,1
0.3083500831740772,70.46385072484821,-1.0950097756441588,1033.851910601702,1
0.3035096237867592,70.23597134578698,-1.0628637362212736,1034.5134522424787,2
0.3050500330784919,70.25786887015799,-1.050645372262929,1034.6141833208485,2
0.3041944985732299,70.15032311946611,-1.0484888162756028,1034.7547805879808,2
0.3057910725383014,69.83891636945096,-0.9950017578755431,1039.0854667522524,2
0.3050336869334753,69.79299188612754,-0.9996089399318445,1038.7857696926958,1
0.3076901850293483,69.97348770395827,-1.0610303188195978,1038.3094392125715,1
0.30103785790091037,70.18991152608038,-1.0647794946233058,1035.928728798503,1
0.3077267583364883,70.38780523908659,-1.0588172865751115,1035.7644721290385,1
0.3113324031979461,70.34107556815495,-1.097204457434835,1033.9768181355544,1
0.3228786509973836,70.34781743682477,-1.0951852477147463,1034.7429031259958,2
0.32232859939324954,70.27386632432176,-1.0883187340872618,1034.6177569479942,1
0.32112856150325564,70.64915820659839,-1.137790100968228,1034.088896071993,1
0.3087095111084767,70.6763177535232,-1.1355895367795803,1035.2015582250617,2
0.3089328189249669,70.70870699015751,-1.1027659286695486,1036.5224772230915,2
0.3060243524141136,70.6510207743961,-1.1205694039539322,1034.992987055099,1
0.30698323177439024,70.67766917172217,-1.1284425414746393,1035.192451440337,2
0.31781980325650006,70.49287175711272,-1.1340537893839007,1033.6341388749258,1
0.3134309740634567,70.35939914378835,-1.0943441866294323,1033.5945814788975,1
0.31557196195044385,70.42966421666083,-1.0918871664523995,1034.285047448894,2
0.31177761594610864,70.59409310808837,-1.100233269518377,1035.0825334447172,2
0.3173243546448534,70.5746336255577,-1.1230813503072303,1033.751606127103,1
0.31132453105712443,70.66081980405313,-1.1549037211247586,1036.4749309520241,2
0.31969042216980625,70.69753788521527,-1.1630630157420643,1034.0711528474344,1
0.32125503253814913,70.64783163792156,-1.1631542282475869,1033.819435119435,1
0.3241331068665392,70.48208316413225,-1.1511141043473878,1033.4108216497689,1
0.33420972416438666,70.55900507848305,-1.2216222646198214,1037.3021248470723,2
0.33671598374573497,70.64075001986865,-1.2158659817779114,1033.6452238107245,1
0.33469207795171063,70.53984924145416,-1.1996745515513985,1033.9848281750515,2
0.33178283186240237,70.56186388280096,-1.1476392411318654,1034.1020276836036,2
0.33348114971330983,70.82859772946597,-1.1997621831826046,1034.0393024617713,1
0.3323378056284477,70.48068871283611,-1.1980138098487891,1035.9825129417945,2
0.335668479251576,70.59780811298978,-1.2113587274051847,1034.0824454768526,1
0.33367032875677327,70.70234935786115,-1.204527045720344,1033.2264313282317,1
0.33948793640583785,70.43700019552499,-1.1518534541136878,1034.1830298032683,2
0.3432376594408311,70.37460533672579,-1.1939304289692654,1033.6035765253469,1
0.33516154720373986,70.3825468784352,-1.1944968273340344,1036.4544573234127,2
0.3354901222364506,70.38649333268049,-1.1906616946286734,1035.5392922777455,1
0.3341339467758638,70.59126941453198,-1.1688732175594148,1033.1128722908043,1
0.3340305235531175,70.88149826463611,-1.1949134757617288,1035.6006928653858,2
0.34549942388407084,70.88405653696897,-1.2332978151860876,1034.5853419722928,1
0.3424489252564658,70.62640954852385,-1.1956056441298843,1033.0820789226154,1
0.3335183292605623,70.62927541900731,-1.178191523341544,1032.918734921075,1
0.3357329941849124,70.57210808970068,-1.1723940190902011,1032.9616364268084,2
0.3351989261641926,70.45724704855446,-1.1732621964967833,1032.8715339964915,1
0.3396354753056855,70.63704954211389,-1.207616149471216,1032.6502906546834,1
0.33935108168380995,70.78055470204472,-1.2176542225524298,1033.1543006335048,2
0.3484752153529678,70.7092083535694,-1.2176905036365115,1033.7681549704735,2
0.3434983911521371,70.51359047666845,-1.215148943880827,1033.2040118217974,1
0.3444466749616852,70.56170589288352,-1.1871208703794784,1033.5008895932829,2
0.3498871980589488,70.69722426744248,-1.2567609935780963,1032.8516844262208,1
0.3491132075791051,70.85024746333877,-1.2624043132516447,1033.0484455567748,2
0.3504175707602444,70.778766456019,-1.2552337110305631,1032.7223649857933,1
0.34783360177502176,70.73376091171549,-1.2055251284701876,1035.6516301536071,2
0.35659624636115395,70.56661701810631,-1.2405252939342777,1032.6705870212759,1
0.3609761014425754,70.39533868859849,-1.2392794060579166,1033.5426562483965,2
0.36552524658130026,70.66935737532046,-1.260573194855328,1034.490442816016,2
0.354352738046826,70.8398010975232,-1.2676065609404026,1033.14831462893,1
0.3529847405317871,70.6900703608348,-1.2626947111664937,1032.681533640616,1
0.35436773949656497,70.73774850091883,-1.2793090381272079,1032.99871804043,2
0.36424296993633715,70.58535191059386,-1.2598966815605641,1033.1853079126577,2
0.36101669712878665,70.52173578256163,-1.2448313933453161,1033.0348079564885,1
0.3655665527035823,70.57899841358905,-1.2502768202316488,1034.310578750049,2
0.36155240072811134,70.62713879171264,-1.2418030075184388,1034.3710515269745,2
0.3660209751661958,70.62722876536009,-1.2476280864791678,1035.673636307044,2
0.3586413939709736,70.99291347545599,-1.280903254236592,1036.134943128947,2
0.3542277000118739,70.84740024247571,-1.2773221765396798,1032.915251163227,1
0.351052124576824,70.89504086382284,-1.2834265959573763,1033.3162131067168,2
0.3507559556695502,70.96995916277804,-1.2962625342275498,1033.915786718645,2
0.35765596553542306,71.0481852166027,-1.286545279643199,1036.4864396536232,2
0.36508585322073656,71.11187844465442,-1.2957472217873334,1041.5549136220761,2
0.36442556069160675,71.25759067160246,-1.3404652895511862,1038.4915877882313,1
0.36011108754028887,71.18648496699888,-1.3553635951489587,1035.2788644260663,1
0.3650758559453008,71.00421098133769,-1.3505353900388226,1033.7191651516266,1
0.3682708294858765,71.05889956141029,-1.362113358071736,1033.9082737078456,2
0.36840290835534323,70.74273221088579,-1.338540174033967,1033.9728473737273,2
0.3668016612149459,70.8919763327747,-1.3609389448602458,1034.7111738383849,2
0.37165554673677104,70.86460655746018,-1.3078652287225998,1035.2541957290468,2
0.37569304231254635,70.67616991780383,-1.3099467398030842,1033.7123061026332,1
0.3674681383616054,70.4172627410971,-1.2798660790919498,1034.5449041036316,2
0.36323328776314695,70.43506864329187,-1.2743285997398301,1034.7000769572046,2
0.3565309903313924,70.53948068564539,-1.2696169136128275,1034.168713504924,1
0.35691258146903093,70.8160529944497,-1.2819227517359129,1032.7558858842472,1
0.3663164534575045,70.92414510354763,-1.2911207398925433,1036.4500226510977,2
0.3616780491474941,70.98277733979839,-1.2749709391244548,1038.457123848086,2
0.35986962148287116,70.5443686733519,-1.258685404062377,1032.792126350336,1
0.35552058655209745,70.53626320568895,-1.2162784072020547,1033.6941409878673,2
0.3570307220621013,70.59096954269785,-1.2237513666550937,1034.1408520390487,2
0.3513879818834226,70.39227726800236,-1.201335926027948,1033.1697378779,1
0.34763392255933934,70.4246141435413,-1.21614288655029,1033.5792988162948,2
0.34607174673155966,70.39887032939428,-1.2143121335083693,1034.2783734527225,2
0.34685481632277715,70.49605056673317,-1.2130074653266316,1032.7321969662453,1
0.3517793119492866,70.30703381882446,-1.1905650809935129,1033.745011208323,2
0.34568806660133466,70.3085294498186,-1.158213830876347,1034.2717001935684,2
0.3533276453248697,70.16925461061409,-1.1375961164893964,1038.9709431471074,2
0.34708689804679266,70.14197253207345,-1.1843915691618037,1036.7026500915126,1
0.34056190048692536,70.29983998387874,-1.1626842441966934,1033.4648571026207,1
0.3418481178643311,70.25839517809835,-1.1938020270929695,1036.653719107395,2
0.33570405349746923,70.31026994580225,-1.1635322465460678,1033.9003294415502,1
0.3349534027290409,70.46753689022096,-1.179793021205065,1033.1237508271759,1
0.32910357029764914,70.68057346004153,-1.1750346384040538,1033.2141267207996,2
0.32637515063929506,70.60482264378687,-1.1589468402148748,1033.0903885001749,1
0.3218329696487451,70.71403776758237,-1.1472989714087292,1034.4216134030896,2
0.3200689987266525,70.676382838271,-1.1504714950141195,1033.7552213870908,1
0.323603269004804,70.6894743748444,-1.1520751273097003,1033.9468934188433,2
0.3240817243680181,70.64721777466451,-1.1566440880533206,1033.3745363383503,1
0.32664181345368815,70.48238348417756,-1.14993918803207,1032.980823325732,1
0.3247364880150422,70.68109437337318,-1.1786249765551586,1033.8078820469116,2
0.3218404816612552,70.51222313714126,-1.1576204795304932,1034.2892684149406,2
0.32380115265696907,70.81339098942831,-1.16754459114874,1034.795448770424,2
0.32300978209581876,70.63325828895229,-1.1844237507593032,1035.485943770448,2
0.3244434648911481,70.53298513137784,-1.1733937001658101,1034.8926346396606,1
0.3259172799030358,70.60709328381466,-1.148960210657865,1033.4277860483226,1
0.33057891103643755,70.73491821871957,-1.1899313262138673,1033.334043883815,1
0.32883742024119894,70.81860716420618,-1.2087006269186817,1034.3115712617766,2
0.3306082115969052,70.78307703759263,-1.1909938857245121,1033.6866816712172,1
0.3303605821941032,70.53254373976087,-1.1963649409118824,1035.5405848759387,2
0.33833273861747537,70.6137868474714,-1.180389301805185,1033.2652795708282,1
0.3344162099832435,70.48946412863398,-1.15006602122588,1033.566373683783,2
0.333463876253006,70.50015293314537,-1.154038450075676,1033.1675136445995,1
0.32789831182915863,70.48464710445558,-1.1512375637992995,1032.9027931877677,1
0.3170281606987763,70.38680289244215,-1.1170097351060158,1033.6207270142816,2
0.319890634464774,70.46070985818474,-1.1436111792423076,1034.1507659056315,2
0.3186458273331181,70.59713233829437,-1.103943308977529,1036.7813374685848,2
0.3185039904599854,70.62175466108921,-1.1502284833771226,1033.8024190758056,1
0.32276172174444456,70.38954005712343,-1.1137483805009665,1033.4370712986138,1
0.3290329725661462,70.21719731355986,-1.1134321943731833,1033.9723240388646,2
0.33282236111065266,70.0333305912324,-1.1193861976457888,1036.3775718338989,2
0.34523658480187,69.96237719168971,-1.1700584698644432,1041.5109402457144,2
0.35277604385712413,70.03960153821504,-1.1932617794502065,1039.206992384648,1
0.3446561476855811,70.1674471566488,-1.1878233867013461,1037.2946662053168,1
0.35321368431071787,70.25720614350149,-1.2023743033337142,1034.4516477717311,1
0.3546461270997327,70.26974731861193,-1.2091950780100456,1034.4441070725989,1
0.3478863100649176,70.30198406220742,-1.1524018338806687,1035.6062331468697,2
0.3406689847489166,70.28742481418124,-1.1483335734882585,1033.8204956698619,1
0.3357428880344092,70.4284000005891,-1.1319887132700674,1035.372866489303,2
0.33338783112408055,70.47324018257379,-1.1698911973113795,1032.8624343754227,1
0.33438920215206014,70.49831280610898,-1.1501463291663043,1033.6521247096432,2
0.33113904190398724,70.32309962997446,-1.1085967774938204,1035.391477500764,2
0.33215673764080894,70.4390343797552,-1.1047991846359448,1039.3360555409497,2
0.3348711917477042,70.27234441687985,-1.1062739366865024,1036.5804620657852,1
0.3383355851534129,70.4463670041095,-1.1372953540870905,1036.0082163363636,1
0.3387166153930124,70.68045308681133,-1.1737201748940858,1035.3541031138845,1
0.33794737838898203,70.73404642192268,-1.2309678466929692,1033.736048447832,1
0.34107647540517305,70.64419711149104,-1.1821480786620526,1034.290301340102,2
0.3468471988471949,70.95365721156763,-1.238641529287455,1036.0674324194356,2
0.34995663993568077,70.57514841808283,-1.215848197976283,1032.7549565589998,1
0.3473434449768306,70.46153800539926,-1.211811401560379,1032.9195517299434,2
0.35145523390267924,70.46774229844308,-1.17737054680618,1036.057768302016,2
0.34645489809541075,70.22629845589137,-1.1708287650892075,1034.210163294505,1
0.3490707419509386,70.00730982575436,-1.158397321307339,1037.3424964291455,2
0.34843999892791905,70.22734093195588,-1.1646018151878876,1034.4186020033721,1
0.34364592397251453,70.31084230319448,-1.14821251945164,1034.641205477001,2
0.3409934578610812,70.338313225842,-1.14848773528668,1034.0402811043143,1
0.3405830905785004,70.22537288893842,-1.1551425109665237,1034.0603116298723,2
0.33618313525655996,70.1492219894355,-1.1311399356465004,1034.613783607122,2
0.3376597145750457,70.09578713972854,-1.1283291115729965,1035.2210754529394,2
0.33184151246369054,70.18604709233081,-1.1697653017965177,1040.0227682817513,2
0.32841954499503806,70.20993365978848,-1.156616806771079,1038.3153591319335,1
0.33463953175512556,70.00799926201728,-1.1297622746705733,1037.6413154747079,1
0.34363469361176224,70.24415321954288,-1.172055974185237,1034.1830977604857,1
0.34328259063161365,70.47802145039145,-1.1521562183250362,1036.4995381433332,2
0.34753263678371116,70.26225060359442,-1.175928255514364,1033.912022589556,1
0.34402601892461293,70.20144460769296,-1.1526946519375363,1034.366780442056,2
0.34173425584116646,70.20131618220974,-1.1597647252360956,1034.4531387885977,2
0.33708381037794966,70.09423004399328,-1.1192769965287106,1035.2369169039775,2
0.32849933424549393,70.49590148135441,-1.1310833792349801,1034.0728578906474,1
0.3289488658272248,70.40049152899641,-1.1484807112185553,1033.1278676037048,1
0.3278844000113533,70.61362040233674,-1.1684750161055228,1033.0329338048446,1
0.32631327652808284,70.45326321060469,-1.1536233105248,1033.3649866661685,2
0.32898273949850304,70.44691177033278,-1.1678013490179027,1033.9103680575654,2
0.3281712677220439,70.44398515877862,-1.1602673868687619,1033.5090304118216,1
0.32592693054034266,70.30306890179183,-1.1487152263575626,1035.4404452763222,2
0.32692599877841283,70.74956390109378,-1.1327214683383753,1039.7203812995785,2
0.32257293774220025,70.6090527742791,-1.1588558361726549,1033.453099415402,1
0.32845797805072574,70.65626708918114,-1.1627400016374054,1033.4298228101038,1
0.32345111940012783,70.7995563918748,-1.1748294014180716,1034.2805155792803,2
0.3242541552574374,70.72784974225321,-1.176767482330231,1033.788555635616,1
0.3266559410888537,70.53917015043794,-1.1730814497164546,1033.9282366040673,2
0.32806132189952214,70.40862072888775,-1.1509077874109575,1033.2954433690825,1
0.329416874736251,70.74347087814301,-1.166899049287374,1034.5663849182333,2
0.3319589369141638,70.38749063170904,-1.1684596750982794,1034.01320251105,1
0.32771478986520763,70.36924642877204,-1.1192836699497566,1033.6944964552301,1
0.3235060584033674,70.63368216518836,-1.1600753794492085,1033.351330320817,1
0.32246317397904267,70.74086785671345,-1.152904389600239,1034.5029620503947,2
0.32044436376809216,70.74939211389156,-1.1560639732833922,1034.2786688097501,1
0.32435513176042746,70.54385584555331,-1.1679801066990838,1034.1186086321763,1
0.32495418739090354,70.61142480069802,-1.174915401352263,1033.8880983855722,1
0.317586285167991,70.7166886610632,-1.1723085935970072,1035.338868750668,2
0.3182622374420446,70.66742808573774,-1.1409432631626057,1033.917833161026,1
0.32207882808058874,70.51056796374354,-1.1242541741320875,1033.5643583922051,1
0.3277451389165911,70.4115692202467,-1.1226147934397772,1033.7578177001803,2
0.32990419344971667,70.50897622170405,-1.141358425304138,1033.558768898989,1
0.32877405677632326,70.36819115391214,-1.172635026648512,1036.3187755450379,2
0.3300223832091964,70.41243040441881,-1.1529621051482115,1033.0730525664994,1
0.3222535584184648,70.22998022681995,-1.1341417152498707,1036.6553317390903,2
0.3225558479462897,70.47953317664597,-1.1791504402483293,1038.2606883010199,2
0.32200784907831,70.61710423809113,-1.1515725380900064,1033.361671741512,1
0.3290642359126131,70.55665440966975,-1.172764513442544,1033.1361018727553,1
0.3212826787292834,70.85784170226913,-1.1607078305466423,1035.8593232400788,2
0.31554652162055646,70.59159956941035,-1.1165913644425272,1034.166919916467,1
0.31487974462460266,70.47518000273979,-1.1255194237062214,1033.8741657078717,1
0.31237988044548554,70.3594284755227,-1.0829321887085073,1033.9048829082094,2
0.3110095550891467,70.43335268222894,-1.0819475357623587,1034.4163466235814,2
0.3083680246801642,70.34194797801499,-1.0786276370885186,1033.864939759554,1
0.3098896320806662,70.56092532647433,-1.1158502781608521,1034.0611819367864,2
0.3087090844604655,70.38419281072497,-1.1266725851359964,1038.4433614157465,2
0.3098852705958856,70.41344638208477,-1.1194921215832832,1035.7336627661646,1
0.3101852239908933,70.73095506886284,-1.148556642625125,1035.6283095109661,1
0.3115920815103405,70.68838051054067,-1.0903959278847717,1039.1947256043659,2
0.3124287212851027,70.21569039008111,-1.0920581751144502,1034.959748383017,1
0.3129742733410267,70.32032863466394,-1.0981151940284792,1033.9191390725773,1
0.30931095828166705,70.51477732036642,-1.0923339326345995,1034.2697200452392,2
0.30679525040105515,70.49896914538432,-1.1024621758941011,1034.173036227659,1
0.3106549390054159,70.34590891344645,-1.0747523783135209,1034.1443900284805,1
0.31142900542686625,70.50026515308329,-1.1245983651939078,1034.5317141643172,2
0.3065967947758561,70.67389679246786,-1.1178223733236046,1034.8857159448603,2
0.3185437673624503,70.76498303728718,-1.1467435005749924,1034.8768714565979,1
0.3165687859936385,70.80558177885531,-1.1463158635682105,1035.3983360769905,2
0.3121407681925254,70.6247986764464,-1.1192215834490593,1034.1805258675115,1
0.3170184266068908,70.32120260877028,-1.1107492642304875,1033.8874480777072,1
0.31913621622405985,70.50494023043821,-1.1252010527753933,1033.2984618609719,1
0.31527220976843323,70.61136781851573,-1.1244757879378104,1033.9255969990552,2
0.31275697753345705,70.63013203769792,-1.111219335341571,1034.7721161103511,2
0.3111249311350148,70.52898106903832,-1.0852297554913224,1035.584550759796,2
0.3094762130724388,70.72673174461922,-1.1442354118222546,1035.5143329458106,1
0.31542238740704553,70.67491133727795,-1.1184152367062912,1035.3499662200807,1
0.3100500767706043,70.57973546863998,-1.1093540519820633,1034.109714795617,1
0.3049556589540791,70.41100365705876,-1.0945502151266082,1034.6234389768001,2
0.3096296147973695,70.41979966882454,-1.096764735160208,1033.7760538582465,1
0.3102154342691695,70.19658095561022,-1.0726394471698917,1034.3837382398108,2
0.31604542261856333,70.05847890123384,-1.0749293099006518,1035.5655189409836,2
0.3175426002371935,70.07114302369907,-1.0764017748180306,1035.2608565950145,1
0.318983729286034,70.12533937934494,-1.096439696711907,1035.3722413707508,2
0.3208500661997128,70.41889536619692,-1.088881650803999,1036.1795471737958,2
0.31633355483572007,70.47270810554863,-1.1450125443857444,1035.5282891282645,1
0.31123221806474866,70.69556589413216,-1.1408398639839494,1034.8418143496824,1
0.3147724016933802,70.73909931271953,-1.136548693069399,1034.8210135347583,1
0.3143476166148396,70.58829033198151,-1.1362991862083187,1034.048736551528,1
0.32325259758089425,70.43030597025671,-1.1440222086581602,1033.618073945516,1
0.32669447384895894,70.4566236572848,-1.124048007368143,1033.8553738598303,2
0.3182186247712713,70.2662584168597,-1.0816778033359096,1034.3029822901824,2
0.3313219557976768,70.32433314133799,-1.1361646692603802,1033.2767067684222,1
0.3329725444469756,70.32533517168551,-1.127207311396652,1033.8610830674254,2
0.33812205004967055,70.13022977960185,-1.1348697169587594,1034.8741551395572,2
0.33897819945478247,70.23707300972511,-1.1537563428904394,1033.9689707675368,1
0.3411924030421122,70.12434262937747,-1.130851345810274,1035.1479492461026,2
0.33856351337267376,70.06651735667539,-1.116688980948713,1035.6906918018158,2
0.3367143933196049,70.22802874172429,-1.1142782028421392,1035.5670455117215,1
0.3334597580042953,70.29409522121092,-1.1437045993241928,1033.4602718719711,1
0.33196376906050357,70.43200457396225,-1.1449407710133788,1033.079780478211,1
0.33223230411587346,70.60333663510899,-1.1716449953439452,1032.8998280243447,1
0.33561383759006075,70.41565398956156,-1.1734301736639852,1033.174373701884,2
0.3311767039724772,70.56730712871207,-1.1606727947838231,1033.0090375599245,1
0.32778724268147214,70.33067817520211,-1.1146192504332604,1033.8310543531097,2
0.319928340361649,70.2249260315366,-1.1022891700160495,1034.0655649594235,2
0.32920722690658105,69.88738904502893,-1.101172172971045,1039.369037990614,2
0.31928246037682434,69.94666519036413,-1.0831410338248426,1038.2201326101474,1
0.3278659610259956,70.10252329688988,-1.0695351010163046,1037.3888478324934,1
0.32100737995001694,70.01098871373286,-1.044613715711195,1037.7782758227563,2
0.315832968702402,69.91881202558507,-1.0264322655865559,1038.1527474313439,2
0.31011932809513787,69.91263134394868,-1.0050618218433698,1039.2946365434636,2
0.3054900881783981,70.15371130268532,-1.0044318589979093,1041.311033971475,2
0.30790878427028845,69.96226925331318,-0.9918642284984077,1041.7310539224245,2
0.29794891602776463,70.1041397885698,-0.983065232892547,1041.611737986263,1
0.2957439519827783,69.9309997108657,-1.0138816614963384,1037.2368312365154,1
0.2985761062064485,69.92634133172686,-1.024905054509161,1037.7092495763525,2
0.2952534696955538,70.18550105660627,-1.0479223266576798,1035.9149443264696,1
0.2979475822896972,69.9543906972119,-1.0257597960346747,1037.3145093164105,2
0.29814911958441126,70.12545806044083,-1.004104791579345,1037.309675117725,1
0.2992775137320742,70.09152621641195,-1.0007672963549088,1037.8296991575953,2
0.29753582052811833,70.08851607496551,-1.0271522766144303,1035.3918341546082,1
0.30356969102888304,69.91289146922253,-1.0070647021190051,1037.297368343281,2
0.3056132574321751,69.90261197702844,-1.0419722168824697,1038.3547219527168,2
0.3079614817113629,70.22573856737293,-1.0526593528186508,1034.7051498868582,1
0.31348523750228185,70.17561188392774,-1.0710110203591006,1034.3570733288054,1
0.31335114931864294,70.37814198635787,-1.103640256693947,1033.676687455126,1
0.31803516178166924,70.7420828440436,-1.1491410031475329,1034.4075812900353,2
0.3193258085129187,70.76140313762586,-1.1541479601091884,1034.4704548049665,2
0.3194440620629424,70.75160879519365,-1.175951435504255,1034.834764674765,2
0.32804365369173205,70.58515974378072,-1.185748003528841,1034.2013549859016,1
0.33438098077164374,70.65500829054656,-1.1690989937761096,1033.9735671346075,1
0.3298833388764431,70.88431841706718,-1.184200968460942,1035.8162088592048,2
0.334237461034111,70.77932707177142,-1.2113488593470236,1033.38725550065,1
0.33316505314782086,70.86876205201746,-1.233179914169561,1034.6682763184424,2
0.34144567724718744,70.59777660397147,-1.1779131811978514,1034.1090963799716,1
0.33741871223841696,70.5149082563257,-1.156359243492533,1034.0584459087977,1
0.3286138450830336,70.56327725265878,-1.188542882768276,1034.6311424768085,2
0.3287033884933869,70.57986466616582,-1.1623021976878043,1032.9286406874676,1
0.33153049253387634,70.53040141560616,-1.1566924002278602,1032.981413533049,2
0.3323857456406603,70.55131262134539,-1.1530982616434067,1033.5491351756368,2
0.32854022651358294,70.48758061502227,-1.1459773871778813,1032.962258119067,1
0.3364934311856677,70.51621681590433,-1.1714902812524421,1032.7636380353188,1
0.33799945129896053,70.53439226119896,-1.1848644070609649,1032.6131297934944,1
0.34547617187352253,70.3093163748522,-1.1754333560085375,1033.4935649795698,2
0.3400275729992456,70.55753779051071,-1.1659484126790847,1034.4338421019952,2
0.3361276448894188,70.604982455732,-1.1548597166183614,1035.500012795691,2
0.3379192503425102,70.67958195378739,-1.1771089570737554,1034.5472525033992,1
0.33788823509214483,70.29408630326176,-1.174902082167925,1034.6790216594152,2
0.3394014432000884,70.42577449935877,-1.1733435494580324,1032.8223443534011,1
0.3335683161415916,70.55906455553635,-1.175426694644721,1032.7169798179225,1
0.33375322125945167,70.60909942952411,-1.1920453576186472,1032.964986185288,2
0.3306018136719829,70.5737030899891,-1.1824861858600715,1033.2719882036977,2
0.3285502487026822,70.63727735247362,-1.16656287328181,1033.1196989503233,1
0.32943631635364395,70.44695800832066,-1.1502533726475586,1032.8989012519905,1
0.332101806210229,70.47994526935884,-1.159389933805041,1032.789515888394,1
0.33231610969066544,70.58474730284244,-1.174761799668993,1032.781901445393,1
0.33077371869564326,70.64681577368339,-1.2049045217896466,1034.5558658713808,2
0.3300025645338997,70.52751578811234,-1.2033722188739673,1037.1519181846909,2
0.3293381057251173,70.44421643672173,-1.2059153540376017,1041.0373406572962,2
0.3311970631085442,70.33175943542153,-1.2057482404623292,1044.228304755845,2
0.33248650252429013,70.42259587788746,-1.1749016063382882,1033.9243389595274,1
0.3363998014441466,70.67949513172056,-1.1724976702595566,1034.6319399262047,2
0.33259095500220826,70.8054034363492,-1.1880955471084056,1034.3655230412373,1
0.33583907575884836,70.7516766288915,-1.1881915573597681,1034.0775125025195,1
0.3377475088146795,70.69651540146137,-1.2142396554357013,1032.9572137971018,1
0.3371931776123254,70.6446279581178,-1.2308048024256228,1035.2110335331683,2
0.34103621810629325,70.47975157563026,-1.2068165818881242,1033.602821316837,1
0.3420374395789496,70.59008262868936,-1.2071801719167863,1032.5442691351207,1
0.3498473716774045,70.60171732970443,-1.237349046911639,1032.575755253233,2
0.35442901493785284,70.35641030670124,-1.228071147945376,1034.2129597083176,2
0.35457730413933153,70.21397533523007,-1.1703997523868002,1035.4629984120913,2
0.3536273815284515,70.18607600111672,-1.164690161502746,1035.6217495770752,2
0.3500013950438712,70.12777180454331,-1.1974194101285875,1037.8798198513618,2
0.351166623098719,70.16649936124631,-1.216674791520489,1039.2447046149698,2
0.35637523921640946,70.1898570420095,-1.1952581162120426,1035.0743757668254,1
0.3464662636204816,70.28033022884357,-1.1761593804426944,1033.7359461433427,1
0.34848342703270446,70.37592976445093,-1.234608061594588,1036.725772446169,2
0.35464859181309116,70.53492439112304,-1.239529778057256,1032.6614818299158,1
0.3523187772005695,70.51413305266902,-1.210669771291853,1033.1104052393512,2
0.3490272030754109,70.48052584451246,-1.193900547410641,1033.3031382618105,2
0.3592609091035494,70.39745704274095,-1.2032633018745487,1034.9095886247892,2
0.3554892149182673,70.33166419522028,-1.1705135326127443,1036.8696633711388,2
0.35151721719971857,70.1733932594899,-1.158411227198237,1035.523641872178,1
0.33950453892550736,70.32382871259784,-1.1551311785557985,1033.3689841162297,1
0.3358772014615955,70.26354435397081,-1.1539074054879097,1033.949061094872,2
0.3318514806413842,70.12459887887348,-1.1410298090260216,1036.6764316259275,2
0.3224940320030158,70.36330605254544,-1.1393037662719763,1034.3121126524923,1
0.328855629419438,70.70895990874519,-1.183515265285364,1033.3173491104644,1
0.3280084689233716,70.83471244868029,-1.1847800585720916,1034.466452635489,2
0.33498953087687783,70.56798176978681,-1.2139714695559418,1035.2524924847417,2
0.3407139101488806,70.95017079632152,-1.225495653633634,1035.5829458950398,2
0.34701653902443125,70.66161218118872,-1.2440675804851011,1032.927853503672,1
0.34638378977104817,70.6039138893935,-1.2204148627595528,1032.481389210675,1
0.3422625138920781,70.677219239887,-1.1908348628429775,1034.2393809439222,2
0.339562915538532,70.83456259801558,-1.2365318621799422,1033.4332362203904,1
0.3459729064301369,70.5892531532499,-1.246379444721964,1034.4183784300155,2
0.35581892287013406,70.56176284846957,-1.220205810288902,1033.7023773059504,1
0.3562210748446654,70.47834263665548,-1.1933637143617783,1036.0800631973361,2
0.3590825810117333,70.21001828557881,-1.1934578975361372,1035.164025011428,1
0.35698847342857937,70.14427016571128,-1.180262036594028,1035.691086219102,2
0.35569966712576156,70.24587153668446,-1.2000015916001372,1034.4436743763708,1
0.3544422787234089,70.23124748880647,-1.1825066124767598,1034.6718167635615,2
0.3581456813393434,70.48304597348405,-1.2329883612994679,1032.989558219484,1
0.35521877104572186,70.56004208213626,-1.2275645978183003,1032.968226847013,1
0.3467021645568017,70.63498422130709,-1.2731379886379457,1037.3761743820173,2
0.34848107806629713,70.45403218250905,-1.2227314268893286,1033.457947170138,1
0.3474447937664776,70.46410446802267,-1.2167294926661651,1033.120434090451,1
0.3542300708408866,70.5543614535589,-1.2496104159484467,1032.8932009138002,1
0.351662217723828,70.55554611581142,-1.249903816219977,1033.4253453332722,2
0.35627251425451023,70.68846724637721,-1.2934222144880505,1034.2862822712443,2
0.36096110283944427,70.62818977025697,-1.2765561160946821,1032.6806811344259,1
0.36497162839643876,70.58411419164905,-1.2931138806641176,1033.343209264169,2
0.36177356360865737,70.77432434820942,-1.3098705298142648,1033.0861693749148,1
0.3620027243181928,70.72112519525196,-1.2896037700351446,1032.5924135741172,1
0.36643655439763634,70.55212923338536,-1.2756753847877584,1032.9888438169346,2
0.36292572598622436,70.8490178414484,-1.277733364151843,1034.8141090221534,2
0.3587219375738695,70.79410677200855,-1.2583549085267645,1034.3228876612213,1
0.3515818887016649,70.42653945082944,-1.2054717149211878,1033.0226003534503,1
0.34539626800400947,70.4505177138281,-1.1863199480970539,1032.941966855811,1
0.3454000481482821,70.59107196939559,-1.2082161912571199,1032.5952213257165,1
0.34168717726144404,70.57716932266413,-1.193096701577117,1032.7135326828593,2
0.3334718235434445,70.35748538654207,-1.163563326324415,1033.6658411232597,2
0.33841703703886317,70.24799715665813,-1.1176348162724645,1035.9711972328546,2
0.3380551941333439,70.2386459739762,-1.1623077283357865,1034.5463649750966,1
0.3381493950028316,70.19974747581213,-1.1592410192551057,1035.0340974159692,2
0.32569871621603386,70.42572743308595,-1.156715946429322,1034.1316100407796,1
0.3348700389398932,70.35342822666837,-1.1683421446390105,1033.7828689512116,1
0.3376750356381332,70.59250121905846,-1.1694716568166366,1033.8272585312789,2
0.3327989287657642,70.59713323756806,-1.183668186220077,1032.8447525704796,1
0.3301732494772207,70.55111947907913,-1.2006331166582282,1035.946133002608,2
0.33254351195366866,70.682564748998,-1.178997252599787,1033.2558731457657,1
0.33039681592869435,70.68637800029266,-1.1909480758781914,1033.2633184500478,2
0.3238577047697787,70.53471941094108,-1.192296736456921,1038.733904601983,2
0.32398069094891696,70.41930893167853,-1.1930031937266596,1043.0626868329275,2
0.32624142912141063,70.40836732703708,-1.1613114701236666,1034.7878203995608,1
0.3206477280031078,70.49148441047475,-1.1312523732452815,1033.185724684067,1
0.3123495766262302,70.35911890654596,-1.103124745303253,1033.9607476870822,2
0.3101872288423852,70.45530033265112,-1.130064166247311,1036.486158117339,2
0.30726915909368363,70.76252475392334,-1.1339455734837074,1035.5837427607348,1
0.31541488036691956,70.96152038836176,-1.1558551369026695,1037.8048258093372,2
0.3176737741405252,70.94794539200024,-1.1792134552187734,1036.2656569240653,1
0.3187626982805351,71.07874730524264,-1.199449233271,1037.8489219330136,2
0.3097411534028674,70.70582713264172,-1.1353401381152406,1034.9293208881509,1
0.3128110784446589,70.62122864165613,-1.1168717956536993,1034.2613758377443,1
0.30887611235466306,70.25617933636313,-1.0499157861030202,1035.4135406057603,2
0.30946734020892885,70.67100919993752,-1.1161849868412717,1034.7364540384378,1
0.3157719176869471,70.7538093458448,-1.1603648094711045,1034.821913860967,2
0.31597005960295893,70.49480247057478,-1.1394540184753232,1034.5975671848014,1
0.30947990990702884,70.76001161063176,-1.1475357005072244,1035.7219763071048,2
0.3130595536297909,70.76971184103589,-1.131071645626374,1035.5323183392188,1
0.31316658215042104,70.78293618079232,-1.1343350595068165,1035.5342070041943,2
0.3146998086187424,70.51001362423717,-1.0955309321791167,1034.840106168612,1
0.3157772058308499,70.70583911441409,-1.1465474565219242,1034.2574473359484,1
0.3201563021467775,70.78462819403907,-1.1707191416943825,1034.4538994193115,2
0.3244891405727649,70.8746783192782,-1.1713749733928105,1035.7685842698943,2
0.3176936270577713,71.0879050409647,-1.187889993617486,1038.45587736869,2
0.31068486839985876,71.08176685950885,-1.1672789651939957,1039.3706353447783,2
0.30816574813876574,71.00610214103847,-1.1532549055275996,1038.4609514372294,1
0.3104134429034191,70.68072005372703,-1.1514802098541457,1036.193048072073,1
0.312689529892712,70.78900091571927,-1.1223267861308093,1036.8195847004413,2
0.3158422613627847,70.57327544625758,-1.1177843971560066,1033.909141918753,1
0.3174986029833972,70.62163601370715,-1.1624813534039629,1035.1568074115444,2
0.316190404276831,70.35062774257335,-1.1206156994125325,1034.5306302955878,1
0.3192477390737597,70.61187198907956,-1.1462390256989647,1033.5565044541922,1
0.3235719230416964,70.4525487126579,-1.1309727741181455,1033.0865048363858,1
0.3241645441691664,70.56187742737978,-1.1426462421219075,1033.2151271693647,2
0.3173909234249314,70.50995212288586,-1.1260630974403325,1033.3782053342043,2
0.30526949869049674,70.51348403953092,-1.094523854217085,1034.1909103933883,2
0.3043924058978668,70.21612393378955,-1.0639602776283887,1034.617649247685,2
0.30706510289447386,70.3239518529541,-1.0630721900764715,1034.3706866185403,1
0.3110868066737546,70.05858428819076,-1.0641573050273605,1035.6842879609787,2
0.3112586743949623,69.99510626401882,-1.0519439129083281,1036.0625673435807,2
0.3173144251988629,70.12374447193962,-1.0752008844469019,1034.67753866832,1
0.3210590386610684,70.42903054922185,-1.0820118484950945,1037.9334771243743,2
0.32124921856785804,69.986010313282,-1.0749449348705555,1036.2142903564466,1
0.3194657589359129,70.08437476201497,-1.0647120589168015,1035.4027532894602,1
0.31386503648089326,70.21306106157463,-1.0616593597557755,1034.9151614331938,1
0.3116020086996289,70.19035233542941,-1.075425672477693,1034.385799396489,1
0.31031090026096403,70.33554867340617,-1.0593966575798959,1035.604655269849,2
0.3057156476766578,70.22104754342148,-1.060973754771957,1034.338694862862,1
0.30391459365303497,70.33753624354371,-1.0549881113142447,1034.6782345158729,2
0.31021792011709437,70.27813279061715,-1.086408926021767,1034.1794264040147,1
0.31700341250518294,70.29729249318515,-1.1011547196904328,1033.6917150092347,1
0.31698880868166507,70.15339340011506,-1.065138196629358,1034.9745335815107,2
0.3142178704402925,70.22984833916156,-1.075121946748482,1034.1241213114279,1
0.3103712002295951,70.22749946472227,-1.0796010806690015,1034.3304004360866,2
0.307002166297433,70.36819111559025,-1.0735889469662716,1034.0235620445765,1
0.31113505065880986,70.34456131773686,-1.1242681951696092,1037.5207632336696,2
0.31538102189185624,70.54158985996148,-1.1103903322439839,1033.9905004832844,1
0.3185117507023806,70.44415090967276,-1.099475423682959,1034.3236933804353,2
0.31474031119050483,70.75505124188666,-1.134449394756491,1035.1989011187825,2
0.30889188430565445,70.87608858700585,-1.1493965351980846,1036.4928951709928,2
0.3232112577535834,70.5287101145334,-1.1658194483676692,1034.4937837227603,1
0.33243411490878,70.91575421492736,-1.1954437431976501,1035.9348844722754,2
0.33936059340885133,70.7426127846207,-1.1790226598039515,1036.3820897996445,2
0.3384016638626136,70.53794357311479,-1.1817910260073348,1032.661993636587,1
0.3329562052273786,70.6788641613921,-1.17536373290932,1033.4819691043326,2
0.33615679988890257,70.53968879333905,-1.1893471795223678,1032.8334678967904,1
0.33779723167338577,70.64607633208739,-1.182382312204807,1033.3984697984115,2
0.3277024835030924,70.73379123957828,-1.1931410487132617,1033.8135599303503,2
0.3318490457656313,70.70694178280992,-1.178900107169828,1033.4560529725632,1
0.34103546299454224,70.60148347590497,-1.1777412205247164,1034.0571401930968,2
0.33681772886185196,70.36781480954737,-1.1437158479795007,1033.6276271117222,1
0.34306322133830364,70.33488180143291,-1.180469380523156,1033.421691875033,1
0.33816736105974066,70.3985278603042,-1.1794622267990704,1033.278940474444,1
0.3427079015680899,70.6710750954194,-1.1776896107085866,1036.2962873184292,2
0.33874965787291966,70.68516995559422,-1.1737640220169767,1035.475431626146,1
0.3441161306507155,70.37671659894077,-1.1351053802664761,1038.040710143106,2
0.3464578563432454,70.26561690679065,-1.1474122390136128,1035.3300834365652,1
0.3435573073090929,70.27765250246317,-1.1603149038489449,1033.7489077738398,1
0.3446200408048481,70.29278907613153,-1.187032940518551,1034.1578464250658,2
0.3445438099750787,70.37415000618816,-1.1681406523438331,1033.537176313212,1
0.3444855761950385,70.10443829169257,-1.1464764546455308,1035.3694797220473,2
0.34733476273351904,70.28399150307668,-1.1609818352335062,1034.3818807887505,1
0.3533937362770338,70.31248671602104,-1.22963326989785,1035.6309769611562,2
0.36251433223257723,70.14809925351425,-1.230740380813128,1037.4625547950277,2
0.35987641706699186,70.07623002664111,-1.1911201622604597,1036.7819503005353,1
0.3580849260862355,70.39083941860169,-1.191964654117331,1035.7569700684649,1
0.3625959398228837,70.1614030151729,-1.1786378004408986,1037.3669755230735,2
0.35948804431590964,70.14460698918364,-1.163785870284609,1037.7404591792574,2
0.3540855624080548,70.39463369963057,-1.1807974952096467,1035.5456615911528,1
0.35128216293751874,70.29985048706968,-1.1915891308751703,1033.7510592145752,1
0.34941848719706586,70.25951960764405,-1.1716172200748893,1034.184662785463,2
0.34565977495975003,70.14017454860445,-1.181316429034181,1036.8260084710032,2
0.3412935295492889,70.34858271213076,-1.2142659004822627,1037.817018268298,2
0.3425216918007559,70.2867439178063,-1.2116684667149062,1038.7090094394898,2
0.34372378096375295,70.36355912185297,-1.1670280313053343,1033.4219708662145,1
0.3443570266149688,70.32573459239885,-1.180664137456591,1033.430940582493,2
0.3428913088044995,70.43760868400743,-1.202036744190644,1033.3572415821532,1
0.3442840321057669,70.39054735112508,-1.1787953546349872,1033.0507722639231,1
0.3447848345636009,70.39558921766395,-1.176953772545269,1033.1608377877594,2
0.33697694558137986,70.30176017454014,-1.1521405015904147,1033.4032476256798,2
0.33075959472779976,70.45175416885593,-1.152868518504928,1032.8565840011515,1
0.32789173808548394,70.47705766779542,-1.1568831646525901,1033.0712690463001,2
0.3265448346175625,70.2955226229236,-1.149825410616451,1035.5255223738106,2
0.32309297929065567,70.54252843193105,-1.1750303866073741,1035.593114881108,2
0.32429186612269634,70.72074401009617,-1.1836982209067044,1034.1097240615757,1
0.31772058442172446,70.69686002048925,-1.2016004046421738,1041.2135986892504,2
0.32355725548677067,70.93733847918148,-1.154231769798549,1040.056549685849,1
0.3252483381905424,70.96816904817503,-1.1802882627057945,1037.2644904672406,1
0.3339475457950203,70.6892691900149,-1.1906866482994773,1032.9912466209728,1
0.3341554936776257,70.94428934183347,-1.2355518863893145,1034.650273349449,2
0.3342023656518995,70.89497538585633,-1.2023985283726668,1035.1354369620892,2
0.34374446572799766,70.46400074738635,-1.224694815454678,1035.045954689555,1
0.34102738948567807,70.82189192006078,-1.2009137988755785,1035.6840571422101,2
0.33816122511716795,70.63655698093966,-1.1686676813130252,1034.8983507149785,1
0.33506345719615616,70.43164782910797,-1.1408768435991294,1033.998857300474,1
0.3433645392193912,70.24976198633676,-1.1515599460428916,1034.1244491952275,2
0.3460736943861256,70.27299362834965,-1.1772367376892408,1033.8237056482524,1
0.35553146396705265,70.25969487653263,-1.1693726199673171,1036.1561237033452,2
0.3549631547129982,70.30008133660343,-1.1273518393430917,1046.448934887437,2
0.3515770964428644,70.09646068064168,-1.1410917576906667,1037.0326637564967,1
0.34883392855381606,70.02156396745697,-1.156257101987455,1036.9299390763947,1
0.34356130689067266,70.0749880588045,-1.1480247102427168,1035.8931863177922,1
0.3493603734324234,70.1765236177442,-1.148931873989499,1035.690245718792,1
0.34137375355967103,70.34002280561434,-1.139026335298666,1035.2599208931651,1
0.3384619211860105,70.21583726027315,-1.137928408092596,1034.1131556331873,1
0.3344288307188069,70.29812275148628,-1.1406263384639712,1033.421244036285,1
0.33050116323657863,70.4354261604932,-1.167698267023578,1033.6289763745845,2
0.3346546786731818,70.22694699298114,-1.1392613825066955,1033.9477807123758,2
0.3330346202162515,70.358826840522,-1.1444378212191242,1033.1212155842427,1
0.32974754791017413,70.59430182293121,-1.1721870007009936,1032.9166253947933,1
0.3312027811030319,70.47179582545876,-1.1504809916217058,1032.9287158262455,2
0.3350936908926353,70.60085323580073,-1.1496517786486538,1035.825449054889,2
0.3322922886378632,70.60673376201395,-1.1768161967052313,1032.820365525146,1
0.32911608136378817,70.53481083560331,-1.1725338169407888,1033.2620646213713,2
0.3279644473760591,70.60347518886628,-1.1752531576600358,1033.2324605747735,1
0.3274242122808828,70.53641647713347,-1.1643740803239244,1033.1318266706267,1
0.3201823010981853,70.69727370342073,-1.1419375069042994,1034.3505119819993,2
0.31793282766386277,70.70772984086585,-1.1110556729747079,1038.3526260949611,2
0.31633892058679375,70.36038655872716,-1.0801871543823165,1034.907897533488,1
0.3131359636196485,70.29944586843955,-1.0799441861149124,1033.9028904591034,1
0.3154954553988453,70.36811026850735,-1.090035044359964,1033.8667811588775,1
0.32070876221311206,70.32391636653756,-1.0831917045492965,1035.3451645804935,2
0.3177840470329899,70.56559891712969,-1.1067897353047103,1035.251388931026,1
0.31218196332474996,70.36990457025196,-1.0991709224305388,1033.726545520004,1
0.313439737309665,70.3109602296661,-1.1058340415442407,1034.4764366213712,2
0.31645277868641536,70.31733988944222,-1.0722111072144727,1035.4193519608239,2
0.3234973392116026,70.16025587392699,-1.0928255290174,1034.3811885840623,1
0.32155367546566865,70.16693964990878,-1.1138705740760844,1035.5959941901808,2
0.3276194609620552,70.44754482933573,-1.1702419029960505,1034.6646720569604,1
0.3211068900785535,70.77362873736413,-1.1575306035110073,1034.5561509456593,1
0.32242096477037774,70.69477690832132,-1.158264402141721,1033.6968997374054,1
0.3220378158105493,70.69045833667424,-1.168342446715213,1033.8410709570219,2
0.3149334106925645,70.81271905528274,-1.1456281695759438,1035.4419582258868,2
0.31415987582312094,70.82951424351099,-1.1408677022066096,1036.0067706065845,2
0.31564540899762566,70.65182818605146,-1.130492614665675,1034.0875464487162,1
0.3191009040578684,70.7375428082507,-1.151793745679958,1034.2764805129782,2
0.3253650445108921,70.5283214568529,-1.1594120401654104,1033.3075632502232,1
0.3282594025447573,70.71051659115099,-1.1930719059620174,1033.7418866564415,2
0.33688652332215935,70.80821661487337,-1.213145770345597,1033.4500828912614,1
0.33468661465476895,70.90499839622274,-1.2500955293946425,1035.5153442148244,2
0.3310927132944411,70.97835789128627,-1.250976166124943,1036.7424686452573,2
0.33179416924017996,70.94428745994057,-1.2112890141845212,1035.0633155914493,1
0.3346797254188074,70.87563754427958,-1.2054305307472002,1034.581805004433,1
0.338829064748764,70.73158400182142,-1.2253873569525293,1033.1602732675556,1
0.33681646390264414,70.99286631955358,-1.254031079247242,1035.0116831136754,2
0.33377885104100713,70.92567083809438,-1.242416118407292,1035.052732327044,2
0.32859163247372064,70.98344702681342,-1.189631339635281,1037.409250030434,2
0.33514281561075804,70.91411989303083,-1.1995211907865744,1036.1849173908145,1
0.3348957086900072,70.79742640720102,-1.2139281624413254,1033.4244189624196,1
0.3429829168663158,70.69253954022138,-1.2039186120570335,1033.3641093775998,1
0.33224220548115635,70.63877569247967,-1.173466884755307,1033.0817044891276,1
0.3269155284471034,70.53061470992745,-1.1835835106795343,1035.2773215427014,2
0.3286963927417476,70.35433270553668,-1.154164391700082,1034.1057338685928,1
0.3293200556115977,70.43008008521481,-1.1619446961103785,1033.5273656708246,1
0.33712326046672697,70.54908687700555,-1.156616741377949,1034.4815452714652,2
0.334194564752192,70.32263520915922,-1.1444473267026578,1033.2725449758734,1
0.33365821325642453,70.69782092855745,-1.1858240104844353,1033.18720406104,1
0.3319733667732774,70.61590334946635,-1.2267244650464046,1038.345476009759,2
0.3316362810069079,70.99411810970354,-1.2200351554389932,1035.4683691643522,1
0.328848829937642,70.9917740279632,-1.2292534574576015,1035.7423665616284,2
0.32707514478223226,70.89860088975627,-1.2334616951459996,1037.1223191632987,2
0.3376739751495907,70.95183546680842,-1.2490173830297873,1034.4848886006698,1
0.33816570247394484,70.60953215248573,-1.229460349646948,1035.2073855848191,2
0.34203483917407834,70.44827056766216,-1.209132115745812,1034.0586969732417,1
0.34309627022464406,70.42602174184061,-1.217397194496881,1035.1752146070646,2
0.34273468303313587,70.59638955243508,-1.2245716681739904,1033.1548068041789,1
0.3471220029803808,70.43621838071724,-1.184310740865645,1033.2835716403351,2
0.35105755495134355,70.35645783290137,-1.1961260741805175,1033.3613984024628,2
0.3495809464456424,70.39041865647269,-1.187633979852737,1033.4067337427848,2
0.35067874204711463,70.35640260830597,-1.181111291124046,1033.9540456614682,2
0.3561591200611403,70.64366914916705,-1.222512393922242,1034.8602646031227,2
0.34634690465813767,70.45540596852763,-1.2155318818197152,1033.3615377935612,1
0.34574137445526776,70.47833946933962,-1.1793950007562253,1033.6536453200292,2
0.3494822866869922,70.2850139770682,-1.1646611974213263,1034.6655152712428,2
0.35013561312807845,70.23598501361828,-1.1722312593404385,1034.3570571400012,1
0.3555658784246528,70.20194521490421,-1.1816915783726414,1035.0318238788836,2
0.3563121181561026,70.21385298331373,-1.172069321469147,1035.8690491034804,2
0.3528027038708555,69.88258956944772,-1.1533737876026415,1039.7830196578948,2
0.34765302854285435,70.1974337694239,-1.191036717472284,1035.8278193264168,1
0.35118174808110425,70.16691266640527,-1.156873066644952,1035.552936565699,1
0.34893436350707463,70.25831259562024,-1.1926857931068782,1034.4151892081031,1
0.3532855341203532,70.1601882879528,-1.1692182656476888,1035.3489070668643,2
0.352370816959637,70.26224096323342,-1.174672125708604,1034.6025015831779,1
0.35300858804608615,70.34833236409644,-1.2038385139799108,1033.4651813452754,1
0.36033874554139395,70.41366113548402,-1.2271142224418086,1033.521102910608,2
0.36659867996595796,70.48675172821943,-1.228705335784634,1036.1551382107564,2
0.3629507760121824,70.42646222487333,-1.2140710530776506,1035.4909551746723,1
0.3616994147590018,70.49542698877576,-1.2083489351376586,1036.921948397916,2
0.3574327079342962,70.49910603016878,-1.2467471238746897,1032.93395443925,1
0.35408476364993346,70.56919020056442,-1.2595081906479406,1033.417128959969,2
0.35153779143638875,70.35039886355942,-1.21568187375724,1033.9523523056607,2
0.34902914738603413,70.31345663123753,-1.18788706624932,1033.569420635965,1
0.3565420379695213,70.43340377824778,-1.1975797254152805,1034.8968903554348,2
0.35497832179371724,70.20683741940833,-1.1796820560690668,1034.9856184870437,2
0.3596862819418002,69.95333682199649,-1.1537118765316996,1038.9942487021235,2
0.35712021225274565,70.03086233854582,-1.1784004028799224,1037.267471723695,1
0.35425149139912915,70.09263532851325,-1.1845933300546998,1036.4593902215233,1
0.3555897239605368,70.15984819136588,-1.1696054893965468,1035.8207688731316,1
0.3569030475354762,70.08847614531246,-1.1462286645921496,1038.5713988964435,2
0.35429098168458245,70.321122707907,-1.1575846030396753,1038.3718674280653,1
0.3533389724127028,70.38859953832569,-1.1585367522191468,1039.1308239258074,2
0.33995020409603016,70.67909672666924,-1.1846598038870289,1034.2648483531023,1
0.33324688155110677,70.57178489142915,-1.1935084932951325,1033.438411698352,1
0.32847898762413064,70.603676560913,-1.1646860863921595,1032.9854708522457,1
0.3355608479897372,70.71526846531175,-1.1798783110798983,1034.195842686506,2
0.3306981027128496,70.6008923158832,-1.1928339519407647,1033.8293994229837,1
0.333256683443566,70.83740483215696,-1.2243724063059924,1034.1118657609557,2
0.3372618092992335,70.62635156090673,-1.2148183889981978,1033.5365323950139,1
0.3437849585506144,70.55212097703371,-1.2013102007318486,1032.5533283957534,1
0.34018771402320236,70.74549931801782,-1.2324678378344223,1033.2060820380666,2
0.33629735262613686,70.57427995336084,-1.2031038040985902,1033.3678024464261,2
0.34367434108869377,70.51762896447093,-1.1951126661357931,1032.6198352218537,1
0.33520457716193613,70.96791384920974,-1.2423711922054275,1034.7940879235575,2
0.33100158361581083,70.91171641074223,-1.2304025339205384,1035.04949827072,2
0.32982901833345296,70.63515071386335,-1.1923109554286768,1033.715851458981,1
0.3196586216441827,70.63852463972086,-1.1462965069130437,1033.5943648273642,1
0.3153170053532836,70.58217114614193,-1.1419981074528651,1034.2107971541113,2
0.3223874553025023,70.57805515280329,-1.1557872148417547,1033.4419517484316,1
0.3272270817600018,70.74352071411519,-1.1442602407529079,1037.1394409584227,2
0.3309386325101404,70.54868889111864,-1.1529282029913777,1033.2639303131243,1
0.3284127480751116,70.51562946154651,-1.153968145669984,1032.876442610626,1
0.33136689135404657,70.52399524846116,-1.142688292758936,1033.967892719792,2
0.33258761757121086,70.48833454128602,-1.1601777568751084,1032.7879089022479,1
0.3337252733032066,70.31004507256871,-1.136127250444808,1033.4469516756017,2
0.33618754679973445,70.30545316448706,-1.1256028245272667,1034.7210428991789,2
0.32737392515629565,70.51343739990399,-1.168118364158928,1033.5615166239397,1
0.3298444124734989,70.68511850756506,-1.1678556449303572,1033.6237177566445,2
0.326059716810645,70.46067567260306,-1.1535135202467264,1033.3425109962868,1
0.32884634388831735,70.36868002023567,-1.1282075814842931,1033.3123564362586,1
0.3207413223833642,70.29307916473064,-1.093542887066561,1033.9698448545441,2
0.3205940386924651,70.29193571189728,-1.0915666068629395,1034.0815052842013,2
0.32804398881593344,70.27211749133488,-1.1066246957322858,1034.2125294105845,2
0.32290844868150825,70.42652683118047,-1.1282197040950244,1033.118788436954,1
0.3261226356121882,70.40646031561654,-1.1519147536620509,1033.8217024512892,2
0.327603424112442,70.57955049291708,-1.1491996702775071,1033.3352369930603,1
0.3212233424071485,70.76580442320353,-1.159802758337077,1034.3484940023618,2
0.3243817546115414,70.75038290850752,-1.1740552214096605,1033.8388268864433,1
0.3244234060936935,70.57157245193196,-1.1710824592162121,1034.0879859244096,2
0.3240490785952528,70.44657791455137,-1.1411548142430386,1033.1812835231278,1
0.3174141553431793,70.33453112188857,-1.1348964833580262,1036.3712358134653,2
0.32436459877605367,70.17268608028913,-1.134794205434174,1037.4526729341326,2
0.3334458133057566,70.27080277642425,-1.1704319084440562,1036.3399657986547,1
0.3222189034850976,70.3311188275738,-1.1605844628747133,1038.9392526303868,2
0.3267732047429773,70.46639917598172,-1.1346166354499765,1033.1816316788008,1
0.32989511665163423,70.54928832176441,-1.1615978375434377,1032.845797118092,1
0.33086496217941874,70.63101030235404,-1.1775822112391914,1032.9274557360943,2
0.337181294621498,70.67908113561529,-1.1879923577802587,1033.2812360013795,2
0.34158788619858593,70.63634873824037,-1.190906528603971,1033.3859939152424,2
0.3473637126857598,70.18052999660794,-1.1603988798122258,1034.6821149581453,2
0.3478228209901459,70.16413748100916,-1.1603892180466586,1034.861845020745,2
0.34152059262746903,70.42621890751322,-1.1645016433243025,1033.424089010197,1
0.33826898333015987,70.52899119149068,-1.184335480883012,1032.6140194275547,1
0.333115091948114,70.49532916307037,-1.1685660544895164,1032.7632810814134,2
0.3339624932125458,70.48006672052216,-1.1608593073133713,1032.8121499865242,2
0.34095570834798605,70.55080685890455,-1.184459039814668,1032.8677552547283,2
0.336805873865541,70.56313729487516,-1.1762841096272354,1032.8332877135554,1
0.33382400501840737,70.57510911442786,-1.1988160189639832,1033.7037194662248,2
0.32976354073789554,70.79084874598101,-1.2218719200804755,1035.3497995580744,2
0.3310919516516828,70.67898020506424,-1.2149120293050897,1035.273705803792,1
0.3268252366975712,70.9213818461944,-1.175650613909526,1037.0244088194772,2
0.33108210649422315,70.67414631996925,-1.1767513478595728,1033.169018435101,1
0.32139671869693753,70.72997590766512,-1.1802623322244459,1034.6596471188823,2
0.32022001716020754,70.5423409684221,-1.163421850936256,1035.2215308211842,2
0.3215350986160792,70.30855099909094,-1.1002995625749414,1033.7228999148324,1
0.32119180816705956,70.43610275820876,-1.0916858648740682,1036.1896835699995,2
0.3177584026769197,70.33519626141052,-1.1048428441314908,1033.4917594478577,1
0.3198728785643659,70.28235873867726,-1.1040185544696617,1033.6344064815717,2
0.31940301814329725,70.26731457592707,-1.0751225027764533,1035.298767666217,2
0.31894414105757124,70.19723546829121,-1.0840256916664694,1034.1878251895555,1
0.3201704821962935,69.99387837124016,-1.1025572491619746,1039.5040988038656,2
0.32635401441975015,70.06178673773661,-1.0513355396147162,1039.5711822004068,2
0.317568911915993,69.96121861123306,-1.0359493761197363,1037.5854277200547,1
0.31594099394345976,69.86484905796375,-1.0438015474669102,1037.6837127718134,2
0.3228356093949397,70.32464196264476,-1.0629768806935764,1040.8236440143623,2
0.3222413864758823,70.13185431160802,-1.0765403191547382,1035.0389923134837,1
0.3198546354426169,70.18155563168052,-1.080972900847533,1034.412915458421,1
0.32092544085314634,70.3379112723229,-1.1077636289447537,1033.4313009544248,1
0.3298190435283836,70.51187673740493,-1.1326904215115703,1034.5174089485567,2
0.3296562079882593,70.69238166331014,-1.164003884756318,1034.0003069228596,1
0.3310724152165102,70.7091908865478,-1.127730225284012,1042.3017814439531,2
0.33052522300035203,70.55631115132512,-1.155957987734172,1033.0922155600574,1
0.32407753118633503,70.5429225056598,-1.1610443222621154,1033.5971274245799,2
0.31688058459695245,70.63976192302292,-1.1411604983529737,1033.8054699903996,2
0.31506714184949514,70.68095210349719,-1.1348240895603314,1034.2218003379517,2
0.30715952437751187,70.68133260907332,-1.1095261584632823,1035.1136575428063,2
0.3012006630091489,70.38932241090927,-1.0740238571575362,1034.3472555290439,1
0.2926859335108449,70.57271294928935,-1.0551711887535506,1036.2435620928798,2
0.29203092022276705,70.45890907964326,-1.0755834208616564,1036.5454161332545,2
0.29534741499500733,70.5160533569303,-1.0561397386804736,1035.5675560296113,1
0.30385423540949325,70.56904522392576,-1.103023568872449,1034.648531990998,1
0.29997416635900326,70.32889314665586,-1.0627509546540663,1034.398985306661,1
0.29608435620381673,70.53902862172527,-1.0361298184290118,1039.4834160464284,2
0.29776038678954936,70.31000121271137,-1.0124027793903754,1039.1782434894446,1
0.30331478569170073,70.51775375295756,-1.0723818376943224,1035.1731858338533,1
0.300942847214418,70.66418772922492,-1.078609979333865,1036.8173815236646,2
0.29676980424121824,70.68507460624149,-1.1009251552129977,1036.2357554400778,1
0.3046549870268132,70.66524523323068,-1.1089272455171961,1035.0146766354378,1
0.30689086075618494,70.5452718723849,-1.085451164397596,1034.902329794205,1
0.30468723488616223,70.56065533613628,-1.072029641102728,1036.3400639855022,2
0.3068095561338385,70.51421187500189,-1.1093418236898676,1034.4876684698775,1
0.30737619799252985,70.60977351244618,-1.102083462049328,1034.618569978782,2
0.30377922235731,70.42479325321709,-1.065739383603818,1034.6286044888839,2
0.31005387223350095,70.34059828892298,-1.066145436199942,1034.7495351843256,2
0.3084947027629918,70.32894076079678,-1.0585302760780688,1035.1203561465813,2
0.30895783648804304,70.1967694651051,-1.0418027237529168,1035.8410428392594,2
0.31242963436387516,70.20377586150462,-1.0947777367733897,1035.4793804060016,1
0.318461380980539,70.18296684530188,-1.0981748884023306,1034.6149657724156,1
0.31712280057326153,70.3113847347121,-1.1154561791251452,1034.3478408270598,1
0.3319539209132972,70.5358917835075,-1.148412344873237,1033.6910431982649,1
0.31716995066305503,70.7964490665677,-1.1711222735999582,1035.1012431275249,2
0.31305931571599876,70.68915841716854,-1.1413229788237285,1034.4775018654095,1
0.30706138538364325,70.70671300029751,-1.1435248031281406,1036.4372089130761,2
0.31093401456174186,70.90951828322439,-1.1758216239928752,1037.552950467661,2
0.31463854741713493,70.93518010565343,-1.1885126598810258,1037.2878159967884,1
0.3168764661791448,70.75859800595867,-1.1786945534307005,1036.0463969385376,1
0.32534409020711474,70.7433676980632,-1.1759179876365031,1033.7255247893345,1
0.3233177389243411,70.42152532720509,-1.1728107400710643,1038.0655994741207,2
0.31781049811132295,70.40623220101291,-1.105185251033168,1033.4814032470827,1
0.32139406112603075,70.56859065279247,-1.121496924272431,1034.4393121030503,2
0.3256969726369281,70.55048144143552,-1.1351210100872065,1033.7534651211797,1
0.31778512442079593,70.51600335988853,-1.1206460939538838,1033.441164275439,1
0.3234225470399836,70.5975992262392,-1.15390050326417,1033.2259298872018,1
0.32103988783133636,70.57829969148119,-1.125242253319639,1034.1275607215566,2
0.3195727543039793,70.39617035805945,-1.1305645518042695,1033.8680203294043,1
0.3249096475560104,70.47121591804367,-1.1391627786642766,1033.0074114266981,1
0.32242378346418293,70.2470254750432,-1.0953275003230554,1033.9831463742998,2
0.31933420378503174,70.4987954608312,-1.1296924264616086,1033.2607193350964,1
0.3181521778343986,70.38725974711674,-1.1404348238316941,1035.6965965332051,2
0.3241586091434284,70.52378316448204,-1.1695115094412805,1034.6500393692263,1
0.3273420231549381,70.58452778125483,-1.1502775697505911,1033.2890727358908,1
0.33394658968206625,70.64289586417745,-1.2038122644295541,1033.4173088590505,2
0.33435819737371325,70.5469419940267,-1.1958618422192073,1033.6074251461453,2
0.3349547408005215,70.42516810346568,-1.1582267913972466,1032.8754995110357,1
0.34202925609519225,70.3257078679101,-1.181633227276254,1033.7272182468582,2
0.33396199664356735,70.38202682621805,-1.1682490823087974,1033.5639541232679,1
0.3406538600941527,70.30427394940229,-1.1435777493453483,1034.1869681778865,2
0.3463640905578956,70.25953685037847,-1.1763333538056793,1033.943156243154,1
0.35189668623589,70.49454669489157,-1.177039786362227,1036.953340030397,2
0.3540269961004024,70.55286296938787,-1.2048319500665245,1034.6779851573583,1
0.35758107786081356,70.30791250915703,-1.2348101318442894,1035.066650275084,2
0.3620843884022116,70.48735424702957,-1.2329459364067303,1033.810789173196,1
0.36145429266344087,70.4675658898384,-1.2627600386727569,1033.5780247155062,1
0.36304772944233366,70.64962666882721,-1.3026404228993893,1033.602065591366,2
0.36174381178091497,70.76391498724044,-1.3318416768673473,1035.4837237906268,2
0.3594971117739813,70.70519310051058,-1.278935443805733,1032.546394854332,1
0.3587808943049183,70.71637385165054,-1.2889237018016033,1032.8714752930382,2
0.3642477597434092,70.63997389562438,-1.2659815924617577,1033.2029047737724,2
0.36673422543204187,70.80902333563127,-1.315482007109671,1032.7872559724037,1
0.37037269576479076,70.76237390368176,-1.3169612594464057,1032.8850654103803,2
0.3683211608846258,70.55278810787313,-1.3045511982869284,1033.9505707663864,2
0.3676989772681748,70.52382609205036,-1.2980875239053398,1034.0478176744102,2
0.3633521692036251,70.59260154947496,-1.2746023099372166,1032.7425636996081,1
0.36172585500653875,70.54140772031883,-1.2594977683331605,1032.8195908735827,2
0.35390657996470637,70.7537745763546,-1.2681173135793145,1032.607052771154,1
0.35449168181629437,70.87851820062163,-1.2658712996865082,1033.8265593433925,2
0.3496189764186205,70.75349012787791,-1.257665961275083,1032.7289723493432,1
0.3453837271528201,70.76081114544185,-1.287949045781157,1037.8536255434176,2
0.35113621659995276,71.11648053530881,-1.301139474085603,1035.1686171657211,1
0.3471904985066703,71.19744587142817,-1.286100008774946,1037.2493618480862,2
0.3441161570078891,71.31517730738959,-1.3452678821369568,1040.1157542876858,2
0.33968334067659334,71.12989349231907,-1.3038409683739611,1038.0971339910998,1
0.3425790772157505,71.30548025156403,-1.3131801206557154,1038.3189113241508,2
0.3509049267186128,71.0939267183505,-1.2661028520292315,1037.9498497965608,1
0.34791564854683865,70.59404827773629,-1.2551952207195791,1034.6640684367212,1
0.3531846343292092,70.63442124315807,-1.2766908618364525,1034.4552047665566,1
0.36164733456723164,70.57206070209195,-1.2639432168529672,1032.7248977698887,1
0.35577209518177105,70.76142834781037,-1.2658490296160687,1032.6887833326914,1
0.35452749791890514,70.41606162100696,-1.2439415362686466,1034.4971212394605,2
0.34747898320797616,70.58245439424154,-1.2241307091651283,1032.517325933944,1
0.3493289610859266,70.55579108429068,-1.213228720274026,1032.6900030425609,2
0.34185156178416154,70.56941719344542,-1.2024399239940449,1032.5384971154986,1
0.3402100265291825,70.37009539285566,-1.194821891712327,1034.58659214522,2
0.3397558130907505,70.26542505939942,-1.1865752294685477,1036.2340558938683,2
0.34619113994026474,70.72568130050306,-1.2078703231454528,1034.442413320849,1
0.3515561892826353,70.72381106210257,-1.2275445015901065,1033.9448662656482,1
0.347715401204067,70.55272435197095,-1.2489513919584578,1034.7505801579484,2
0.3499514565568135,70.63371562196227,-1.2449110153063665,1032.6618127079344,1
0.3458755338594731,70.65480644782772,-1.2278408424687661,1032.5244001408594,1
0.3470997758075131,70.59099524901289,-1.171521934642493,1037.7676356850875,2
0.3457428370062109,70.3589942525379,-1.15724909715503,1034.7823526148704,1
0.33696711069544716,70.41786643880782,-1.150418740004959,1033.464051490219,1
0.33056833284511206,70.47526988316953,-1.1357468275770697,1033.8451140025904,2
0.3303209576034012,70.42540395873507,-1.170004232206657,1034.0503536483664,2
0.3355120832064922,70.62837757826301,-1.1448106750327791,1037.772081196535,2
0.3301698918039392,70.31748412998967,-1.1239294882380317,1033.569316818799,1
0.3291760000167587,70.31911194339638,-1.1239143122009292,1033.4585331623744,1
0.33181756956674013,70.34821203860588,-1.1473997963872244,1033.2110673269651,1
0.32962822000951814,70.42931565107574,-1.1643287151322768,1033.6531228342758,2
0.32793035333306453,70.46888284574864,-1.1667527777831457,1033.8172305396602,2
0.32872876772018844,70.17640498180029,-1.0966492590384525,1034.8390378424187,2
0.32118042716624146,70.5354508827014,-1.1128684491413119,1034.8596124435298,2
0.30993657145494236,70.4457539478106,-1.1285544064079829,1036.552970047694,2
0.30951979711340266,70.23241525987156,-1.062239105143979,1034.3176279480608,1
0.30592803961365234,70.321594635518,-1.0671459241622594,1034.079445528253,1
0.30676255586896456,70.1679765100036,-1.056095383718435,1034.5662838035346,2
0.3054353246761693,70.58915441251386,-1.0511064839259763,1042.439447379019,2
0.3121466128261967,70.29413785325208,-1.0350296349711279,1040.8052011856585,1
0.31558559821168447,69.98879612992424,-1.0680172936139185,1036.4934662627375,1
0.3124236550657264,69.86543260459123,-1.0345755527723923,1037.6047173551333,2
0.32154422910910463,70.10908317270362,-1.0780107375289414,1034.9142640943828,1
0.32111219251680134,70.13599002269544,-1.0753278718756463,1034.931372100888,2
0.3192371210486924,70.22724069683088,-1.0978739885721098,1033.9721313285527,1
0.3235188510651037,70.19400045006846,-1.119944403777383,1035.1019410009303,2
0.32620761825346434,70.39949991088791,-1.1025430023381042,1035.6510814348685,2
0.3251173433161092,70.3063705552738,-1.1345034383387405,1034.0423052452243,1
0.32507203931817474,70.39079094571572,-1.115459354716307,1033.6576988369918,1
0.3245375110672186,70.33582353816735,-1.089152420548538,1036.0497387167088,2
0.3166974853227464,70.34980794093094,-1.085572513957672,1034.2775002447793,1
0.30436421960617405,70.29142703447089,-1.0629863331777805,1034.1602852669498,1
0.30793860728202627,70.37690868830661,-1.0943890829463163,1034.182307131807,2
0.30813259998755654,70.55266234346423,-1.0985416720339198,1034.235217996531,2
0.3100495444067276,70.77156209077982,-1.1223305261247782,1035.93449829265,2
0.3112886154767637,70.60150560443901,-1.1219020749310877,1034.0657385669851,1
0.31369872615586547,70.57732818306599,-1.1271028243037835,1033.818607418772,1
0.321116871801834,70.70723828501299,-1.161122123917785,1033.8325584447298,2
0.32235732239005266,70.71147350917143,-1.1509804610137615,1034.1815682567199,2
0.3244178195674565,70.59416925700934,-1.1781362205712096,1034.590700246558,2
0.32467275021129344,70.62981971126058,-1.1678966900566163,1033.4146993145998,1
0.32280468776669097,70.63360750641483,-1.1669113871260095,1033.7353844024817,2
0.33195895888241295,70.74428511028016,-1.1908658381929518,1033.3574104501147,1
0.3283426370726489,70.96562004147955,-1.201855324950615,1035.7102778727372,2
0.31969313348770423,70.85180587460844,-1.1862707115949378,1035.3861938440828,1
0.3240208060631955,70.8110210958327,-1.1908419070022145,1034.5033235999292,1
0.3262847876858817,70.87699140251004,-1.22282016690453,1036.2684275261433,2
0.3315365941293182,71.00993785213566,-1.2156598447364957,1035.9952619129895,1
0.3358383911055407,70.6196801307128,-1.1628613262879048,1034.513188411834,1
0.33836399423423863,70.46541212860234,-1.1913720767138902,1033.209389858985,1
0.3382010751338897,70.39224188944843,-1.1369255087123733,1035.0344976367628,2
0.33491066364934263,70.09719600000508,-1.1550037441114551,1038.5019486741446,2
0.34197064060557764,70.29896443605215,-1.1265374689559966,1036.906784720854,1
0.336636630618944,70.36723065360898,-1.158068344252826,1033.052227300121,1
0.3287916347578517,70.35227032213186,-1.1669198723548995,1035.7578188023144,2
0.33166039969308064,70.54447089896361,-1.1832938460159361,1033.3257891321878,1
0.34203178035391824,70.39636264403728,-1.2149980420764388,1036.0680316181242,2
0.3389514135978529,70.60073933856548,-1.209735341163902,1032.9694377955673,1
0.3319979594407679,70.70574835993285,-1.2109638136923662,1034.0917931552558,2
0.3274632615844694,70.84457394028675,-1.2109167444218558,1034.8005890266388,2
0.3256885850623409,70.80433679875442,-1.169546494319918,1034.733684544204,1
0.3252648175666407,70.73463220751496,-1.1772655334284357,1033.6917077727762,1
0.32572499333620936,70.69706954480883,-1.1774247175960326,1033.5406175991889,1
0.3225409745368311,70.59511799186551,-1.1699543860631056,1034.3627383910377,2
0.3212597405578157,70.71087955874005,-1.1711875991544387,1034.1240223620657,1
0.31999970925856186,70.66107653206623,-1.14298226708603,1033.8269778579838,1
0.3220362392058537,70.13582092174602,-1.0818301483382795,1034.7089362421807,2
0.3213455084891617,69.9875705909047,-1.0856571694088748,1036.8484609038478,2
0.3173299102485478,70.12726030406272,-1.0946916484155482,1035.5810809329446,1
0.3118913108312083,70.188353266743,-1.1059664294333853,1037.915862228661,2
0.30612079183062807,70.39870168975513,-1.073002477916113,1034.158938640357,1
0.30550633566999713,70.36409213071191,-1.0704944781166246,1034.071920617701,1
0.30214407958675155,70.18090840537585,-1.0543145262757925,1034.8669558005306,2
0.3028285154304508,70.06217269556807,-1.0401706038553875,1035.5432810290008,2
0.30250963772947587,70.29421040761744,-1.0666263156564653,1034.3649336331973,1
0.296131599791622,70.31405880886481,-1.0469762649987309,1034.5922876975633,2
0.2868700392121526,70.23369980605014,-1.0299590192423376,1035.8742201683615,2
0.29012315356698765,70.23340202514265,-1.0412374227735992,1036.0411126430427,2
0.2959161882099869,70.47244307760245,-1.063249433872147,1034.8346131536096,1
0.29483420928986714,70.5288213528094,-1.068429563687093,1035.158556808916,2
0.2995162917384074,70.37124344264701,-1.0885453868768493,1036.4839733146737,2
0.30249914460422034,70.6430807693868,-1.137542248241177,1038.763946403818,2
0.3052618293636206,70.62511198905426,-1.1209295451863777,1035.264985949436,1
0.3174732881386693,70.51795957929016,-1.1627642083711551,1037.0544094121456,2
0.3192553402678433,70.79624513778194,-1.1541658563240877,1034.9575026950106,1
0.3277457544025269,70.60614457501573,-1.1960567090436665,1035.356711387382,2
0.33730465440578145,70.38991216270477,-1.1717462527712899,1033.1163424499046,1
0.3416410592800828,70.57950631960775,-1.2208809595476726,1033.3321508038125,2
0.3439093824021291,70.24115026421305,-1.1709632958638287,1034.1507261810352,2
0.3417214132905089,70.48095883517786,-1.1723579105157849,1033.2746127814676,1
0.3446347780992189,70.61943525773523,-1.1831045320466411,1035.0379288661172,2
0.35265221803801794,70.40625548586186,-1.1839772001948035,1034.6818110350189,1
0.3477414679049455,70.42195473304115,-1.172638592353086,1034.3865052163787,1
0.35631689176863124,70.4091940751748,-1.2051532916350964,1033.8588395785814,1
0.357629194865469,70.54783947987133,-1.257622639938277,1032.891753508906,1
0.3513021389108682,70.65144989594693,-1.206071786505029,1035.2227657641547,2
0.34637086984705745,70.79086977704098,-1.2232928167216646,1034.016455358832,1
0.3499067970803048,70.79872489238171,-1.2497206911021956,1032.968797806699,1
0.3559727793236499,70.60806312349052,-1.2604017169858082,1032.7091306240188,1
0.3566232161442297,70.54595475390603,-1.245152206299205,1032.6517915748623,1
0.3543684391175404,70.68915577524697,-1.2248042343440637,1034.681258124917,2
0.35348216578839575,70.83275596679668,-1.249710174907555,1034.2148425427267,1
0.35115021095367976,70.85697771597674,-1.2547102299190986,1033.592795805892,1
0.34562023546859344,70.7566472666984,-1.2632397026536537,1033.9911140885936,2
0.34627929297951965,70.783659891804,-1.245809719029647,1032.8340035055735,1
0.34654549774151294,70.625824194252,-1.234069537498234,1032.7250642411982,1
0.3441271629274227,70.57643289518523,-1.2166675521590988,1032.6325801703954,1
0.3391947619701323,70.79711964038974,-1.2102048495133222,1033.6672466703485,2
0.34011131301441866,70.84683038231458,-1.2262716170248815,1033.5731111024306,1
0.33407879354323666,70.71608550356952,-1.2151609330225046,1033.722950360206,2
0.3365774452899115,70.84601074204247,-1.207989534256451,1034.1767133706794,2
0.3404181868697731,70.79894046266296,-1.2583196792161284,1035.0386437485627,2
0.3354487360999422,70.8670185732161,-1.2097935830471285,1034.2417900078085,1
0.335970888919814,70.78539206431171,-1.2408116560155569,1034.9991479026821,2
0.32612943732255184,70.82548889370688,-1.20263408910453,1034.6415886441355,1
0.3239072796342361,70.82304398591447,-1.1865357879826282,1034.4260434616717,1
0.3235703739569154,70.69171665798163,-1.170054315433115,1033.6434228161665,1
0.3236302748643847,70.6434637604749,-1.1515594348553393,1033.4787644164494,1
0.3231643565290613,70.57879415579144,-1.1600893717997645,1033.5083783317118,2
0.32110245889884065,70.50244100714997,-1.1588870694266797,1034.8706555390954,2
0.31996356844484974,70.53554140355944,-1.1320348937386913,1033.285992552945,1
0.32157348992828616,70.54169733369213,-1.123750615841921,1033.8653211417977,2
0.3230161143396969,70.20367759020483,-1.1210703204754986,1035.1671878201435,2
0.322630234819754,70.35628960223238,-1.1511745462740468,1036.02572123731,2
0.319131025979337,70.44384904769589,-1.13141295464785,1033.5611659774956,1
0.3177037074063185,70.50105451150436,-1.116342684999374,1033.5051713164069,1
0.32103945026863845,70.43889646381025,-1.1069215867139939,1034.0615189096807,2
0.3244411581027044,70.66836864691919,-1.1436208373004968,1034.471122648849,2
0.32756684639120753,70.54055573180955,-1.1508990168730433,1032.9846160904365,1
0.32016813586502657,70.47838728810544,-1.1536153091061463,1034.9591954908997,2
0.3213572873118728,70.24444745135298,-1.1281075796270075,1035.7203761562591,2
0.32563930580078176,70.37078662592216,-1.135371923369511,1033.2774643435114,1
0.3329232189368277,70.42057688786541,-1.1736849781686292,1033.714419671545,2
0.3323213302018356,70.43591520976992,-1.1505478150189066,1032.9201135248877,1
0.32881988635412923,70.62070650098154,-1.1948353616124572,1034.483086457626,2
0.3223748051125589,70.87238451382989,-1.1904458769487964,1035.0364377722585,2
0.3232924146675099,70.67451547064242,-1.1615023511295672,1033.5059292331925,1
0.3230488003929791,70.66285656266746,-1.1566005804750181,1033.4904274853372,1
0.32242311515612254,70.72192717183559,-1.1565329844334722,1034.0126174053387,2
0.3208269500082178,70.83899914634559,-1.1474816013658042,1036.9055450997416,2
0.3274715380292245,70.16556294352687,-1.1170059337582852,1034.5697360841677,1
0.33013643582345314,70.15902655199358,-1.096236641634793,1035.1537835846163,2
0.32198810985163706,70.36071366696822,-1.105068762242914,1033.7105952605605,1
0.3299116855033346,70.3254694827907,-1.1090784077023876,1034.9148421903915,2
0.33526732034784784,70.2431156991203,-1.1310504191207678,1033.9010902818313,1
0.3460976379499814,70.05337021121032,-1.1328875798129565,1036.3030424875737,2
0.3603895017855317,70.08439591761902,-1.1569006499506775,1038.7193407696293,2
0.35900671177314075,70.1007857404444,-1.165440718794993,1037.242780016966,1
0.3536382517445697,70.09069413037125,-1.169777430784457,1036.0512041906284,1
0.3555902468638483,70.47081791047601,-1.171218154113861,1040.0876850121545,2
0.3487624544511002,70.59173306026251,-1.1763796130319975,1037.7830145103628,1
0.35013584837791445,70.61000477296801,-1.205674499026182,1034.0046874118918,1
0.343906229254422,70.50834010228148,-1.1778808812891852,1033.6045516984764,1
0.3428862232899898,70.59856976624451,-1.1862718658176823,1033.6388636157199,2
0.3384680899765161,70.45570977011164,-1.1652425788244904,1032.9964706861233,1
0.34548686016031116,70.7391865177759,-1.214689319061961,1033.7185385404885,2
0.3511361804920294,70.87974722383842,-1.2299072947407486,1037.3124081272929,2
0.3553620997539415,70.8164214315149,-1.2617790349024833,1033.381900869428,1
0.351995675407022,70.81342346934026,-1.2661096807744205,1032.8093249236115,1
0.35410752033530213,70.71583189798909,-1.2534128597008227,1032.6187742652246,1
0.35377000613834086,70.80630705354218,-1.2624083021389207,1032.9569935395973,2
0.3552217839253298,70.89693261471538,-1.292271919891253,1033.1197198695145,2
0.35390693021498365,70.80743227332975,-1.3007138729983363,1034.2585578045582,2
0.35440499042369333,70.94898710562155,-1.3081373896175281,1033.741157645839,1
0.3506542362874012,70.83816428498073,-1.2729260291723439,1033.0109314520253,1
0.34883176980664343,70.86113545607675,-1.2545816253813424,1033.3146800105774,2
0.34663489603532643,70.88948823297711,-1.2361274950782055,1034.7265633927727,2
0.3504141477252912,70.79886600905094,-1.2628008593551172,1032.791995528557,1
0.34455762736954615,70.70473430744207,-1.2418876890995207,1033.0179198796454,2
0.3497243815684275,70.69821581573646,-1.2148616631220426,1034.3100013368166,2
0.3516629169701153,70.47798334097344,-1.2441254525049539,1034.1703188854758,1
0.3551342493888803,70.36236368337853,-1.2543355187235352,1037.1370536994505,2
0.35673726496124314,70.49507484519215,-1.2405386012749104,1032.848002722342,1
0.3605089495065343,70.18839449895255,-1.245280265105839,1038.9098168361875,2
0.35659324627883815,70.30165381036576,-1.248273354700351,1037.3496624831919,1
0.3590672407296719,70.31294058082977,-1.2293284592541747,1034.32124152153,1
0.360433851834783,70.31259369288826,-1.2423553410515902,1034.9940417245853,2
0.3641325603928168,70.46879072575823,-1.250712604101266,1033.3027898425044,1
0.3567027486829372,70.6811961909001,-1.2735069186291283,1032.6845673375738,1
0.3527124180409223,70.72298845079251,-1.2182846980925062,1035.6640074576264,2
0.3502140156771835,70.61496216773635,-1.195550915712908,1035.5518052859654,1
0.34862762903096506,70.63114879873348,-1.1855939860372333,1036.9199396475187,2
0.3473963191556564,70.63311221664355,-1.1850639369953913,1036.3822625223595,1
0.34670283672678365,70.52777178653918,-1.179221389115664,1034.6886074529311,1
0.3442652588918007,70.47616892445083,-1.206763925871609,1032.9495612657793,1
0.3410480393923252,70.42285225852335,-1.1867770403504303,1032.9799722972298,2
0.3433548573847429,70.28486502059071,-1.1835667431163222,1034.2847277893618,2
0.34879193775958683,70.294785362875,-1.2096286967435128,1035.1882293395802,2
0.34224433700910717,70.81332729326121,-1.2121999562430257,1034.4442909118302,1
0.34202942341538645,70.58738515146881,-1.177349193910573,1034.1994212120399,1
0.34297497657842524,70.39007851299681,-1.1623106451511305,1033.6950748412432,1
0.3449721992716654,70.50081589630244,-1.1999426088543734,1032.61111616014,1
0.3443641659542028,70.48148083055482,-1.2139630028583155,1033.3279236488484,2
0.34645262110823094,70.30014267385256,-1.159711478916116,1034.3124922766256,2
0.3483053194531254,70.21689859625606,-1.1574478034786273,1034.7832315037308,2
0.3383383652462192,70.20334197914151,-1.1581173934279085,1034.8233966069802,2
0.33512944910847414,70.17785962686135,-1.1278878642694594,1034.3069940929763,1
0.3265567200511846,70.20904392367062,-1.0955629001960159,1034.5541699601736,2
0.3202622763658814,70.42584344614689,-1.103280968124833,1034.1009586846355,1
0.30970562658872725,70.36468936973127,-1.0949713868852453,1033.965706283636,1
0.307560874579653,70.10515668628949,-1.054675321586349,1035.0349611597226,2
0.3115489016369558,70.05291069142747,-1.0553221025267063,1035.3640858943977,2
0.3074679297314028,70.10940345876594,-1.056760824442448,1035.0661085400475,1
0.30571454759490047,70.35397403897939,-1.0689447532498146,1034.097888685601,1
0.29754043195361957,70.27717436889986,-1.0501974745894205,1034.5967338126604,2
0.30591634209700297,70.16528810344231,-1.060307915035174,1034.761052921424,2
0.298705879231791,70.19255635042076,-1.0421988844376,1034.7746297309748,2
0.30522299508742096,70.20820417340747,-1.0478422154615687,1034.6397405575885,1
0.3053587761321692,70.25514925478707,-1.057937379816313,1034.2761596081589,1
0.3070863412888694,70.25183239591495,-1.0956131517481078,1036.6726918072245,2
0.3062395034431273,70.34148177677304,-1.0671048384510147,1034.1524628339894,1
0.3009132401126594,70.43221397042882,-1.102154939941627,1036.917884951901,2
0.29626461527803044,70.31096524545299,-1.0760934113062421,1037.1748747307843,2
0.3031557142289576,70.16476206618431,-1.042311744996487,1034.757196005228,1
0.3053456569530574,70.19335045781881,-1.0659215790856187,1034.8245576311474,2
0.3064722761578182,70.36281318762875,-1.062881657390082,1034.6249595676593,1
0.3042884516425243,70.19054680951352,-1.070353847643274,1035.51564240399,2
0.3008453376242083,70.36809470022783,-1.0749289930882653,1034.567750496875,1
0.30230067529402416,70.43964974708504,-1.095724505324127,1035.2723374164996,2
0.30049175068054085,70.32397467896497,-1.0556293261364869,1034.344239536366,1
0.2976458345628945,70.36300772323308,-1.0587670904170703,1034.4945528167682,2
0.2992899478381252,70.45610303314348,-1.0886373180776907,1035.3766960847265,2
0.2975808318309155,70.6695471044107,-1.115334483939284,1037.3486777871633,2
0.29726358194808433,70.51667845160185,-1.0778425431882404,1034.9236350206024,1
0.2932020191132313,70.6306190716308,-1.055069586361018,1037.5153651610703,2
0.29616632985881725,70.60147832958054,-1.0694204651743344,1035.8619173682573,1
0.29901260785072514,70.40194618234622,-1.0511963693062685,1034.966736621361,1
0.3074165857132822,70.32391840871952,-1.044420759817364,1036.8738469394807,2
0.31227989516653365,70.40669271105178,-1.0695869419578006,1035.9291439363196,1
0.3185264189061986,70.52906787980523,-1.1041286438736622,1035.1275401299813,1
0.31637065784067314,70.67348941063797,-1.1207702465338953,1035.2628948838844,2
0.3173169634556748,70.44033450827871,-1.128118666651676,1033.7716392367004,1
0.31702231682879284,70.53609629574198,-1.1170433313676855,1033.6916597049665,1
0.3198286616438532,70.4708920898553,-1.11437549139671,1033.575854831584,1
0.31219202778262656,70.52181763558137,-1.0860745035928379,1035.6348118476576,2
0.31364623164136074,70.49764220392926,-1.075696800769042,1037.483071736275,2
0.3144960296121665,70.10203076241784,-1.0972236755715987,1037.6002205612315,2
0.31604625051078966,70.2617995001084,-1.0762184039453722,1034.335756167276,1
0.31161601089623014,70.32447316019629,-1.0765597797199973,1034.0202644022595,1
0.31078047397878644,70.24957646340802,-1.0854303481848555,1034.3303990241993,2
0.311422758217139,70.39625864031352,-1.0722320395906029,1035.0918319397315,2
0.3129246341711777,70.20214546698185,-1.0656212623354357,1034.4352807688156,1
0.3268388142675766,70.41310199749798,-1.0936401153860726,1038.032954511182,2
0.3249834050526761,70.40479680763266,-1.0893962963167108,1037.7407985821505,1
0.3187050207267094,70.48683430118663,-1.0944032836049096,1035.8188074474558,1
0.31289328737304184,70.31512272151828,-1.09514988924099,1033.8437892807713,1
0.31398398065793853,70.62899459223168,-1.1126931591902796,1034.8173663573166,2
0.3142870429318486,70.36078616592184,-1.1249250582529071,1035.6216082976284,2
0.30751564661477554,70.56526172806738,-1.1243827899619738,1035.2285219251735,1
0.31731406892479097,70.56456394368581,-1.1015991566889736,1035.8565524358473,2
0.32020454979159935,70.5345184266427,-1.104364109558271,1035.7802260294418,1
0.31599885150251245,70.64426594424773,-1.1272937718918956,1034.1734686325196,1
0.31668456070681217,70.44675979289774,-1.1309719632500561,1034.0952160069314,1
0.3122363723934668,70.46172561843179,-1.0945485120393166,1033.907850789335,1
0.3078209663602015,70.56486344457765,-1.1350851099439667,1036.552757928031,2
0.3046069902062283,70.52509066387391,-1.118438757851961,1036.1531831457148,1
0.3040398769623605,70.62755416970296,-1.1249831799373815,1036.0996523482163,1
0.311567626189058,70.60304288221072,-1.1216701795653077,1034.0399259301496,1
0.31273312271799475,70.61142251402441,-1.1240664370800777,1033.9843725975295,1
0.3141198607214184,70.47551977983798,-1.1172902932922857,1033.6075013319517,1
0.31849023669456417,70.28531299481043,-1.1297756492301956,1036.2148039451417,2
0.32516467621846,70.18145984139119,-1.0810979521470332,1035.4904435599879,1
0.3252160954221679,70.23976155450649,-1.1015082001698897,1034.0034263753887,1
0.3295680539140891,70.42732171995948,-1.1145436939463682,1035.5797892977016,2
0.3165300254834893,70.07577898242094,-1.0550771146296425,1035.5879071104403,2
0.3134480842458667,69.94927062113248,-1.0800926115404823,1040.0124903250814,2
0.31127122322435535,70.20287364521944,-1.0752279696108005,1034.2971460372846,1
0.31540012878579327,70.07477694587955,-1.0973234890900294,1038.0441920165485,2
0.31302358108728623,70.17960055549027,-1.1100654689148421,1038.4120215833614,2
0.31546162109733017,70.03578950966276,-1.0894270081373727,1037.8722874926548,1
0.31042691761514785,70.21739695992977,-1.1011061635749024,1036.9120408096396,1
0.31293450518513516,70.28609423396898,-1.102975268962783,1034.7246223346592,1
0.312789138021338,70.52301227359473,-1.120090833853352,1033.78206729566,1
0.31589471485193377,70.49709243074541,-1.1080364418829436,1033.7557692206706,1
0.3174532578645516,70.4136415523706,-1.119343824199313,1033.47495675645,1
0.31425340558818443,70.37998645835353,-1.1066498584757454,1033.6498606039288,2
0.3156748270627247,70.64648160728206,-1.1028840828562052,1037.1066984875974,2
0.31851828172119945,70.3712895950587,-1.1232013899070865,1033.8485057366024,1
0.32265174809252534,70.38781049196254,-1.101787757368502,1034.3855368714921,2
0.31417518416810053,70.41112137682164,-1.1240172999520723,1034.6535421548554,2
0.3070505299450397,70.49034574076066,-1.1215207101792275,1036.0050661701264,2
0.30688057283875025,70.63240418609604,-1.129720136852405,1035.4879662814963,1
0.30610573363877874,70.57817425492338,-1.1324147742719584,1036.7968428762797,2
0.3066534964564792,70.52037396635808,-1.104399371695265,1034.232475199558,1
0.30756515210946866,70.26754481490028,-1.0566639325229958,1034.5591596590402,2
0.3039714265537086,70.42294297587814,-1.060133854884865,1035.1821895301732,2
0.29974664948262864,70.32474721123184,-1.0471232640889516,1034.672715291431,1
0.2982405384683277,70.37335476708098,-1.0681464128746219,1034.6853995666256,2
0.29995435996686676,70.38718487246281,-1.0484503074049734,1035.18970208495,2
0.29311849883052293,70.27711012063749,-1.044949231569427,1035.0779180779432,1
0.29023883377546594,70.33124911163215,-1.0411819574671213,1035.1081678572823,2
0.2864918840993732,70.47118257875904,-1.0250683289608822,1036.749674929403,2
0.27661261374338386,70.47897967625784,-1.0121116541319135,1037.096103713782,2
0.2868804300622236,70.47785839226091,-1.027996987683977,1036.5941624147197,1
0.287722237067782,70.26490164408742,-1.0378192251016214,1036.002235150491,1
0.2880272288293248,70.30240644154932,-1.018892596966196,1035.4017164885067,1
0.28809141318566817,70.13455776595892,-1.0192459100754,1035.9149227305309,2
0.2973752660635326,70.22835512088955,-1.032250278431127,1034.8924902061744,1
0.2934633635402816,70.2858513396324,-1.049962407732432,1035.2600634996725,2
0.2944512210511906,70.03660259155296,-1.0212977107152514,1036.1610364118164,2
0.3016143981671506,70.16066770878729,-1.0232914012317913,1035.9245334851398,1
0.3004289967410849,70.07536942115388,-1.015240825222737,1036.0341182975467,2
0.2948825885539587,70.29261727782844,-1.03729585697462,1034.76260820031,1
0.29180275355026597,70.5655456277136,-1.0803423602105016,1036.3067512148823,2
0.289036984412164,70.69729848066687,-1.1167133303907255,1042.6546326961316,2
0.2931537032319574,70.88090524097787,-1.1145523254867546,1038.9156734084208,1
0.28681886060487355,70.83643125320941,-1.1045853257378864,1040.254774048657,2
0.28304615875941436,70.95738669434454,-1.097728023299606,1041.7923599655674,2
0.29129829377089905,70.91556931052148,-1.0818218461999476,1041.2720037675174,1
0.28657111828840054,70.78583884934046,-1.0732607720246452,1038.5234483833744,1
0.2833205750476681,70.71553034694618,-1.0681227750997735,1038.1373592807645,1
0.2810877429704828,70.62443776357757,-1.0390661915399888,1037.638545441524,1
0.2772727429608035,70.4224931799167,-1.0072349481891056,1036.7249699966585,1
0.28049877786819494,70.35819273438437,-0.9763561638030545,1041.5689690652846,2
0.27727530803327366,70.12283228828136,-0.9560966778076303,1039.0426134748795,1
0.2815767869862029,70.01185223589418,-0.9807173515403714,1036.5599996243322,1
0.2780466863240923,70.27250101164,-1.0272055428147306,1038.2495937587564,2
0.2813577856884675,70.46875741874109,-1.0293710111932115,1036.228802657156,1
0.27791637209069797,70.28636032529624,-1.003185326368654,1035.9813232762735,1
0.2801568646613037,70.47328233839836,-1.0074789112200564,1037.908795580564,2
0.2843548400369402,70.43343236453079,-1.036944933731887,1035.7873459790728,1
0.2814141208466231,70.59379063928567,-1.0489678846570398,1037.146385039393,2
0.2849106336676468,70.31232546985888,-1.0476567254031666,1037.7496766455306,2
0.28497445526257575,70.24776359362188,-0.9901368916124792,1037.427321561709,1
0.2875537633325458,70.1972028568189,-1.0268077088284395,1035.8571277258857,1
0.29161536909877744,70.21935361910177,-1.0373057262336642,1035.445976464473,1
0.2959444954177111,70.23585132556043,-1.0484521799087636,1035.0917633891952,1
0.30024276960740576,70.3042041423182,-1.0216048501197037,1038.0563686657833,2
0.29877856010541953,70.04567965749756,-0.9992669271099731,1037.38560137803,1
0.2977124025067165,70.17294121646324,-1.0181044847796368,1035.7651372773507,1
0.3031132414266407,70.01070786859887,-1.0333357587826162,1035.9420400037309,2
0.304922597568636,69.96010952455391,-1.0217865315255052,1036.4341589116907,2
0.3075582329720948,70.10652502567153,-1.0407428779536299,1035.2191675156098,1
0.30620268881045837,69.99327961670855,-1.025317709270646,1036.1961246515118,2
0.3013161187429867,70.02815092472233,-1.0385411403401168,1036.213833063954,2
0.29844148835782874,70.19626956141688,-1.0573008658295022,1035.7802294461435,1
0.29596176173847,69.90270085543195,-1.0614951415326712,1049.410072622804,2
0.2984294435573551,69.81940523723046,-1.0460457438679909,1046.3348776035064,1
0.30007660763577504,70.13669745118061,-1.0416791747856364,1035.0742996919535,1
0.29553753778468994,70.50576463680456,-1.0641767420582804,1035.035990783347,1
0.29801116385976206,70.41944694114862,-1.052037530669165,1034.973135522434,1
0.2987473126296728,70.4849283308765,-1.0422150761110065,1037.6918395728617,2
0.29653240561145433,70.1865861721902,-1.0382797241040145,1034.94624060972,1
0.30045099007939446,70.23954969388201,-1.0562387073362582,1034.657174546358,1
0.30382403904130845,69.97667294832712,-1.0200049123884134,1036.3066959677724,2
0.31108231433437866,70.04587468233942,-1.0467035517355054,1035.4819356940202,1
0.31296032479993857,70.05204878605687,-1.0633481159842808,1035.4851181837664,2
0.3131563089415056,70.1087276812821,-1.04996855158538,1035.4036424963265,1
0.3161042552018235,70.06303001717558,-1.031814497787839,1038.5060247641945,2
0.31746578707513057,70.15642655038948,-1.0444020858431111,1038.0981115132552,1
0.3206132471773129,70.21693416282484,-1.057498267112931,1038.0547627362344,1
0.3216391143466183,69.88052437684715,-1.0605644277872994,1037.5999743002458,1
0.3114512727304188,69.99082807351996,-1.0870150695445182,1041.0293536730328,2
0.31314181290004517,70.11444094490759,-1.0905496781778847,1036.7426271606046,1
0.3086994988337664,70.28417719528142,-1.0699117689905753,1034.030078444412,1
0.3066351520427294,70.40231127973823,-1.052215210024902,1036.7887581831562,2
0.29952658565712964,70.4407198822336,-1.0367041873152665,1037.9546294295246,2
0.29334484535291416,70.41026878765084,-1.0211965203285844,1037.9211750714462,1
0.2981453465291318,70.32727386977942,-1.0300066984167489,1036.2240396749194,1
0.2900834957910232,70.4026881819638,-1.0646878474438473,1036.5930020390283,2
0.287915149685196,70.49339114752097,-1.0234161184180235,1037.7720856197611,2
0.2870200458211642,70.32637974647605,-1.0152624921258702,1035.7743447540533,1
0.2859733846876381,70.5129838779934,-1.02055296938503,1038.1943082625767,2
0.2916072538045466,70.44837668548234,-1.056674945805174,1035.1851684131068,1
0.2851949231818085,70.53820228849048,-1.0396150636250039,1036.4139717074472,2
0.2806715029097096,70.41123733644073,-1.0466599812545658,1037.9886519064835,2
0.29210529747980607,70.34973941951631,-1.0501429442361594,1035.087371245935,1
0.2930277193514241,70.32628603017984,-1.041524201760158,1034.7995197382138,1
0.2915013337714004,70.06522589897229,-1.016051762223379,1035.9547082384806,2
0.2942199713371305,70.04098271694073,-1.0236424671029574,1036.3022756623905,2
0.29194550302082606,69.84975711635599,-1.0192839481030482,1041.7582315002242,2
0.28509646368576014,70.09186123357333,-1.019840782940723,1037.6505849114237,1
0.28922993008598374,70.04388619082529,-0.9965094735625042,1036.0620186233111,1
0.29043977933722626,70.06243140077999,-1.0083231404934418,1035.8423821055617,1
0.2880199286571995,70.39522071188956,-1.043234078614409,1035.3840397878716,1
0.29582799638126434,70.47662429632291,-1.0325959176589667,1038.2881887522108,2
0.2993341255631495,70.37341242358059,-1.0481891979010631,1034.958329926455,1
0.2999437233979711,70.44021550154716,-1.0615540795564684,1034.698935143979,1
0.29005086199437957,70.5081046026273,-1.0717197091063757,1036.3832648208522,2
0.29655093190182913,70.17778881050104,-1.049033038793614,1035.7704174191404,1
0.3001823170846949,70.21927736282278,-1.0545375617702508,1034.805588517469,1
0.305128274318032,70.51194338199373,-1.0633345914821866,1036.7686927701577,2
0.30962857995333687,70.19161809905262,-1.0710500006273147,1034.442856346168,1
0.3100937266882116,70.22850474179978,-1.060822472653327,1034.4391263878842,1
0.31652054554724696,70.1879961008756,-1.0819450180165362,1034.211202943422,1
0.3250654661887471,69.98089724159041,-1.0651751345160734,1036.6497922197627,2
0.32091009944173776,69.99812100156305,-1.0711633135516956,1035.961716844286,1
0.32190482511630086,70.30144976941601,-1.076769606802203,1036.4871434838328,2
0.3365799062232499,69.98335616191173,-1.08906850296278,1037.4256970110882,2
0.3324404821096491,69.94515086996721,-1.1223768762989386,1039.3739118011918,2
0.3303574095580289,69.95129162657781,-1.1334721838792396,1042.3478971488414,2
0.32884741041605553,70.09794152150249,-1.1421072292104368,1039.096492884219,1
0.33006344689692746,70.11332508641176,-1.1203836615613003,1035.2708314345268,1
0.3225324894903969,70.11780559913214,-1.1254860212268913,1038.4203899980394,2
0.3248377627645263,70.20431842887298,-1.1404285331992519,1037.2637256961925,1
0.32239015791362363,70.22435665592799,-1.1345340135463018,1036.8178970481779,1
0.3245373867107225,70.1629685190859,-1.119304342042873,1035.4030371612257,1
0.3220822825515767,70.49780472515992,-1.1508260183844516,1033.7389240928296,1
0.32743221740340006,70.78346822188328,-1.1851491568079453,1033.83989754996,2
0.33316843132558077,70.62516835726719,-1.210598617825743,1034.5814541910281,2
0.3285193867779881,71.03007986354582,-1.216491470363043,1036.1495645997775,2
0.3243385621320117,70.98540543591841,-1.2011472567566612,1035.9845148050192,1
0.3325199693478265,70.75954946634657,-1.1959725695507903,1033.374629055681,1
0.33072976072737303,70.36435295881822,-1.149132715007531,1033.2352146643502,1
0.3283158853082724,70.69694178893884,-1.1608589476634503,1034.0933496718735,2
0.32643505434257414,70.68911263912075,-1.1471111973852972,1034.985446810775,2
0.32494803455352766,70.70602201846141,-1.183968764335781,1034.0070155203493,1
0.3265986223834043,70.59927788119829,-1.1358091515588467,1034.6779683787163,2
0.32584052255352947,70.51001650639517,-1.1421470096816333,1033.0361026528126,1
0.3200330109238491,70.42794236140745,-1.1339501537984273,1033.6688022938251,2
0.3206603240714146,70.53725060554906,-1.1635477323903103,1035.1252702928405,2
0.3227114220274353,70.56520191118597,-1.1577692014478134,1033.5452178469577,1
0.3251169837488034,70.43851796885842,-1.1523271150639185,1033.7100621002367,2
0.3221947769360983,70.7549714345784,-1.166759408194164,1034.0496541185319,2
0.32241847963763376,70.62592883912265,-1.1525666246173931,1033.364822489305,1
0.31136952570195037,70.77991762738125,-1.1753833053180904,1038.222839178447,2
0.3109485443239829,71.19350202392195,-1.212055286817282,1041.849630653398,2
0.31534633048702,71.24592578761492,-1.2330597512330206,1042.1712682611305,2
0.3191203777829224,71.12026966205285,-1.175624967586525,1041.0357528843344,1
0.32141331499412323,71.21263854768772,-1.1903375540241021,1042.8873363039263,2
0.32010518024757095,71.22484025866457,-1.2069376983257516,1040.7596109029378,1
0.31599145712191357,71.11338471954502,-1.1820061675495073,1039.38662425138,1
0.3137075223827866,71.00419292285099,-1.1631777448847798,1037.9744759431112,1
0.31612987336778353,71.01491395895872,-1.1767684226267552,1037.4839593534944,1
0.31062502703710637,70.85786591308529,-1.1843810667325925,1039.2866938934994,2
0.3091737658344385,71.03667041832053,-1.1347610743203265,1041.655599810546,2
0.31038339910765467,70.86376696259136,-1.141378923929191,1036.3640334941163,1
0.3164924918264791,70.68820984463885,-1.1620374140239669,1034.8956926126255,1
0.3215268749022749,70.71542857354318,-1.1712115184505747,1034.0626940770505,1
0.33249185866294584,70.58175718089741,-1.160959252437302,1033.2887440170914,1
0.3324244524660031,70.76393869426494,-1.1730502174462003,1035.0973528436646,2
0.32579744594750676,70.65315339129003,-1.1677537051028053,1033.2689312848781,1
0.3255360915192687,70.55023712100041,-1.1403524045142621,1033.3439226860087,2
0.3143012739072635,70.50084258346382,-1.1138811903732155,1033.5394953640907,2
0.3037179371947545,70.40420678821577,-1.07277175400041,1034.1299413277,2
0.3105829741783722,70.3162559365763,-1.0713878870174953,1034.183214633024,2
0.30798058273167445,70.16697216670222,-1.0570699723509487,1034.5401865656572,2
0.3077356185076304,70.20845329650413,-1.053274495847556,1034.5814682522675,2
0.3057191330623626,70.45638986394032,-1.07904181721406,1034.2319024129083,1
0.3057896309300034,70.45337952927434,-1.0498915003656928,1038.1990009153049,2
0.3028952251566175,70.46231414993396,-1.039466708443224,1039.5318333774926,2
0.2991113782424032,70.22886992542335,-1.0760313320239432,1037.6723213082148,1
0.3055216030379266,70.27531529535565,-1.0895367429759553,1035.8802862021093,1
0.30638049467292616,70.32621564154496,-1.0763621309003983,1034.005196550486,1
0.3030994472637871,70.58091144041678,-1.093607069324821,1034.6640074889572,2
0.3096254636246025,70.23210409629021,-1.0534863495715203,1034.9619025499364,2
0.30423045021263045,70.31190023400033,-1.0848894331375267,1035.1223553082186,2
0.30522765010842945,70.40646009106369,-1.0802247445784485,1033.9965074059764,1
0.30692434681533687,70.39292471218428,-1.0849446496800366,1033.9028033210523,1
0.298966554187454,70.50445452809092,-1.0664412329655555,1034.9835620131003,2
0.3005667892853595,70.52466964307366,-1.1025712937116532,1035.7757374204261,2
0.3146736807698115,70.75179652569312,-1.1310369172068346,1035.4122144272037,1
0.3243160374008899,70.68826878807056,-1.1217300665643406,1038.620142112095,2
0.3177755710290153,70.5594656099549,-1.1489106372106497,1034.2391230302849,1
0.3173828916805697,70.63482952280668,-1.1627976164857723,1035.0932197269262,2
0.3130116548865369,70.8964882246047,-1.171753918649288,1036.504469579253,2
0.3133470150517962,70.66183208157958,-1.133281786854513,1034.1913465865462,1
0.3102345224202452,70.72998787555382,-1.1310499173725441,1034.9406459330094,2
0.30309751827945947,70.45127040663905,-1.0961596575057722,1034.9304827562391,1
0.29932116606439707,70.4802285877437,-1.067741613999083,1034.6995256622881,1
0.3015799642498093,70.45393487916476,-1.065090303826559,1034.7392643999767,2
0.29316449395390304,70.69224246416735,-1.0951695334853182,1036.880366516826,2
0.3022455590096531,70.76983411760865,-1.118525258240425,1036.1667843473506,1
0.3041435565595228,70.6590585344422,-1.1181025405806926,1035.3095749058305,1
0.30382374896376574,70.51791818950366,-1.0850311602781135,1034.3954277600437,1
0.30488364158540043,70.42259586338771,-1.0753897325621051,1034.1378155556004,1
0.30035238849076057,70.2837500043694,-1.0751561624129,1035.770817079139,2
0.30383685338429123,70.45319254446339,-1.0957781341802277,1034.6669504344436,1
0.3018178246072303,70.25982443462459,-1.083140392276165,1036.8461088347426,2
0.3046426509073551,70.04136669406984,-1.0429155438599398,1035.7230889932885,1
0.29831478279836365,70.31763817231769,-1.005912031681337,1041.4949219764012,2
0.29778596903920057,70.01364226517742,-0.995391111394446,1037.401025676676,1
0.28944401961480537,70.27617074705773,-1.0359053510417449,1035.3047900701677,1
0.2989050867048062,70.08369901637738,-1.0275437797455012,1035.3587146586417,2
0.2988932983416587,70.17678471680702,-1.028509183340416,1035.0909973292942,1
0.29331959446084255,70.11672309026387,-1.030402767509555,1035.8465242129487,2
0.29678347758944257,70.35952845747074,-1.0270230966104377,1036.889160375446,2
0.2983095946944677,70.23464272521299,-1.0270398648232626,1035.4516473576189,1
0.29435327169650116,70.06407052275178,-1.0331402120333517,1036.7785542590073,2
0.29659677837118936,70.36009683516409,-1.0371069827018098,1035.4406371883342,1
